time,communication_mode,recovery_policy,leader_node_id,failure_active,recovery_active,stabilization_active,active_node_count,effective_recovery_policy,decision_reason,scene_type,operation_mode
0.1,hybrid,global_recovery,0,false,false,false,15,global_recovery,requested_global_recovery_applied,urban,cooperative
0.6,hybrid,global_recovery,0,false,false,false,15,global_recovery,requested_global_recovery_applied,urban,cooperative
1.1,hybrid,global_recovery,0,false,false,false,15,global_recovery,requested_global_recovery_applied,urban,cooperative
1.6,hybrid,global_recovery,0,false,false,false,15,global_recovery,requested_global_recovery_applied,urban,cooperative
2.1,hybrid,global_recovery,0,false,false,false,15,global_recovery,requested_global_recovery_applied,urban,cooperative
2.6,hybrid,global_recovery,0,false,false,false,15,global_recovery,requested_global_recovery_applied,urban,cooperative
3.1,hybrid,global_recovery,0,false,false,false,15,global_recovery,requested_global_recovery_applied,urban,cooperative
3.6,hybrid,global_recovery,0,false,false,false,15,global_recovery,requested_global_recovery_applied,urban,cooperative
4.1,hybrid,global_recovery,0,false,false,false,15,global_recovery,requested_global_recovery_applied,urban,cooperative
4.6,hybrid,global_recovery,0,false,false,false,15,global_recovery,requested_global_recovery_applied,urban,cooperative
5.1,hybrid,global_recovery,0,false,false,false,15,global_recovery,requested_global_recovery_applied,urban,cooperative
5.6,hybrid,global_recovery,0,false,false,false,15,global_recovery,requested_global_recovery_applied,urban,cooperative
6.1,hybrid,global_recovery,0,false,false,false,15,global_recovery,requested_global_recovery_applied,urban,cooperative
6.6,hybrid,global_recovery,0,false,false,false,15,global_recovery,requested_global_recovery_applied,urban,cooperative
7.1,hybrid,global_recovery,0,false,false,false,15,global_recovery,requested_global_recovery_applied,urban,cooperative
7.6,hybrid,global_recovery,0,false,false,false,15,global_recovery,requested_global_recovery_applied,urban,cooperative
8.1,hybrid,global_recovery,0,false,false,false,15,global_recovery,requested_global_recovery_applied,urban,cooperative
8.6,hybrid,global_recovery,0,false,false,false,15,global_recovery,requested_global_recovery_applied,urban,cooperative
9.1,hybrid,global_recovery,0,false,false,false,15,global_recovery,requested_global_recovery_applied,urban,cooperative
9.6,hybrid,global_recovery,0,false,false,false,15,global_recovery,requested_global_recovery_applied,urban,cooperative
10.1,hybrid,global_recovery,0,false,false,false,15,global_recovery,requested_global_recovery_applied,urban,cooperative
10.6,hybrid,global_recovery,0,false,false,false,15,global_recovery,requested_global_recovery_applied,urban,cooperative
11.1,hybrid,global_recovery,0,false,false,false,15,global_recovery,requested_global_recovery_applied,urban,cooperative
11.6,hybrid,global_recovery,0,false,false,false,15,global_recovery,requested_global_recovery_applied,urban,cooperative
12.1,hybrid,global_recovery,0,false,false,false,15,global_recovery,requested_global_recovery_applied,urban,cooperative
12.6,hybrid,global_recovery,0,false,false,false,15,global_recovery,requested_global_recovery_applied,urban,cooperative
13.1,hybrid,global_recovery,0,false,false,false,15,global_recovery,requested_global_recovery_applied,urban,cooperative
13.6,hybrid,global_recovery,0,false,false,false,15,global_recovery,requested_global_recovery_applied,urban,cooperative
14.1,hybrid,global_recovery,0,false,false,false,15,global_recovery,requested_global_recovery_applied,urban,cooperative
14.6,hybrid,global_recovery,0,false,false,false,15,global_recovery,requested_global_recovery_applied,urban,cooperative
15.1,hybrid,global_recovery,0,false,false,false,15,global_recovery,requested_global_recovery_applied,urban,cooperative
15.6,hybrid,global_recovery,0,false,false,false,15,global_recovery,requested_global_recovery_applied,urban,cooperative
16.1,hybrid,global_recovery,0,false,false,false,15,global_recovery,requested_global_recovery_applied,urban,cooperative
16.6,hybrid,global_recovery,0,false,false,false,15,global_recovery,requested_global_recovery_applied,urban,cooperative
17.1,hybrid,global_recovery,0,false,false,false,15,global_recovery,requested_global_recovery_applied,urban,cooperative
17.6,hybrid,global_recovery,0,false,false,false,15,global_recovery,requested_global_recovery_applied,urban,cooperative
18.1,hybrid,global_recovery,0,false,false,false,15,global_recovery,requested_global_recovery_applied,urban,cooperative
18.6,hybrid,global_recovery,0,false,false,false,15,global_recovery,requested_global_recovery_applied,urban,cooperative
19.1,hybrid,global_recovery,0,false,false,false,15,global_recovery,requested_global_recovery_applied,urban,cooperative
19.6,hybrid,global_recovery,0,false,false,false,15,global_recovery,requested_global_recovery_applied,urban,cooperative
20.1,hybrid,global_recovery,0,false,false,false,15,global_recovery,requested_global_recovery_applied,urban,cooperative
20.6,hybrid,global_recovery,0,false,false,false,15,global_recovery,requested_global_recovery_applied,urban,cooperative
21.1,hybrid,global_recovery,0,false,false,false,15,global_recovery,requested_global_recovery_applied,urban,cooperative
21.6,hybrid,global_recovery,0,false,false,false,15,global_recovery,requested_global_recovery_applied,urban,cooperative
22.1,hybrid,global_recovery,0,false,false,false,15,global_recovery,requested_global_recovery_applied,urban,cooperative
22.6,hybrid,global_recovery,0,false,false,false,15,global_recovery,requested_global_recovery_applied,urban,cooperative
23.1,hybrid,global_recovery,0,false,false,false,15,global_recovery,requested_global_recovery_applied,urban,cooperative
23.6,hybrid,global_recovery,0,false,false,false,15,global_recovery,requested_global_recovery_applied,urban,cooperative
24.1,hybrid,global_recovery,0,false,false,false,15,global_recovery,requested_global_recovery_applied,urban,cooperative
24.6,hybrid,global_recovery,0,false,false,false,15,global_recovery,requested_global_recovery_applied,urban,cooperative
25.1,hybrid,global_recovery,0,false,false,false,15,global_recovery,requested_global_recovery_applied,urban,cooperative
25.6,hybrid,global_recovery,0,false,false,false,15,global_recovery,requested_global_recovery_applied,urban,cooperative
26.1,hybrid,global_recovery,0,false,false,false,15,global_recovery,requested_global_recovery_applied,urban,cooperative
26.6,hybrid,global_recovery,0,false,false,false,15,global_recovery,requested_global_recovery_applied,urban,cooperative
27.1,hybrid,global_recovery,0,false,false,false,15,global_recovery,requested_global_recovery_applied,urban,cooperative
27.6,hybrid,global_recovery,0,false,false,false,15,global_recovery,requested_global_recovery_applied,urban,cooperative
28.1,hybrid,global_recovery,0,false,false,false,15,global_recovery,requested_global_recovery_applied,urban,cooperative
28.6,hybrid,global_recovery,0,false,false,false,15,global_recovery,requested_global_recovery_applied,urban,cooperative
29.1,hybrid,global_recovery,0,false,false,false,15,global_recovery,requested_global_recovery_applied,urban,cooperative
29.6,hybrid,global_recovery,0,false,false,false,15,global_recovery,requested_global_recovery_applied,urban,cooperative
30.1,hybrid,global_recovery,0,false,false,false,15,global_recovery,requested_global_recovery_applied,urban,cooperative
30.6,hybrid,global_recovery,0,false,false,false,15,global_recovery,requested_global_recovery_applied,urban,cooperative
31.1,hybrid,global_recovery,0,false,false,false,15,global_recovery,requested_global_recovery_applied,urban,cooperative
31.6,hybrid,global_recovery,0,false,false,false,15,global_recovery,requested_global_recovery_applied,urban,cooperative
32.1,hybrid,global_recovery,0,false,false,false,15,global_recovery,requested_global_recovery_applied,urban,cooperative
32.6,hybrid,global_recovery,0,false,false,false,15,global_recovery,requested_global_recovery_applied,urban,cooperative
33.1,hybrid,global_recovery,0,false,false,false,15,global_recovery,requested_global_recovery_applied,urban,cooperative
33.6,hybrid,global_recovery,0,false,false,false,15,global_recovery,requested_global_recovery_applied,urban,cooperative
34.1,hybrid,global_recovery,0,false,false,false,15,global_recovery,requested_global_recovery_applied,urban,cooperative
34.6,hybrid,global_recovery,0,false,false,false,15,global_recovery,requested_global_recovery_applied,urban,cooperative
35.1,hybrid,global_recovery,0,false,false,false,15,global_recovery,requested_global_recovery_applied,urban,cooperative
35.6,hybrid,global_recovery,0,false,false,false,15,global_recovery,requested_global_recovery_applied,urban,cooperative
36.1,hybrid,global_recovery,0,false,false,false,15,global_recovery,requested_global_recovery_applied,urban,cooperative
36.6,hybrid,global_recovery,0,false,false,false,15,global_recovery,requested_global_recovery_applied,urban,cooperative
37.1,hybrid,global_recovery,0,false,false,false,15,global_recovery,requested_global_recovery_applied,urban,cooperative
37.6,hybrid,global_recovery,0,false,false,false,15,global_recovery,requested_global_recovery_applied,urban,cooperative
38.1,hybrid,global_recovery,0,false,false,false,15,global_recovery,requested_global_recovery_applied,urban,cooperative
38.6,hybrid,global_recovery,0,false,false,false,15,global_recovery,requested_global_recovery_applied,urban,cooperative
39.1,hybrid,global_recovery,0,false,false,false,15,global_recovery,requested_global_recovery_applied,urban,cooperative
39.6,hybrid,global_recovery,0,false,false,false,15,global_recovery,requested_global_recovery_applied,urban,cooperative
40.1,hybrid,global_recovery,0,false,false,false,15,global_recovery,requested_global_recovery_applied,urban,cooperative
40.6,hybrid,global_recovery,0,false,false,false,15,global_recovery,requested_global_recovery_applied,urban,cooperative
41.1,hybrid,global_recovery,0,false,false,false,15,global_recovery,requested_global_recovery_applied,urban,cooperative
41.6,hybrid,global_recovery,0,false,false,false,15,global_recovery,requested_global_recovery_applied,urban,cooperative
42.1,hybrid,global_recovery,0,false,false,false,15,global_recovery,requested_global_recovery_applied,urban,cooperative
42.6,hybrid,global_recovery,0,false,false,false,15,global_recovery,requested_global_recovery_applied,urban,cooperative
43.1,hybrid,global_recovery,0,false,false,false,15,global_recovery,requested_global_recovery_applied,urban,cooperative
43.6,hybrid,global_recovery,0,false,false,false,15,global_recovery,requested_global_recovery_applied,urban,cooperative
44.1,hybrid,global_recovery,0,false,false,false,15,global_recovery,requested_global_recovery_applied,urban,cooperative
44.6,hybrid,global_recovery,0,false,false,false,15,global_recovery,requested_global_recovery_applied,urban,cooperative
45.1,hybrid,global_recovery,0,false,false,false,15,global_recovery,requested_global_recovery_applied,urban,cooperative
45.6,hybrid,global_recovery,0,false,false,false,15,global_recovery,requested_global_recovery_applied,urban,cooperative
46.1,hybrid,global_recovery,0,false,false,false,15,global_recovery,requested_global_recovery_applied,urban,cooperative
46.6,hybrid,global_recovery,0,false,false,false,15,global_recovery,requested_global_recovery_applied,urban,cooperative
47.1,hybrid,global_recovery,0,false,false,false,15,global_recovery,requested_global_recovery_applied,urban,cooperative
47.6,hybrid,global_recovery,0,false,false,false,15,global_recovery,requested_global_recovery_applied,urban,cooperative
48.1,hybrid,global_recovery,0,false,false,false,15,global_recovery,requested_global_recovery_applied,urban,cooperative
48.6,hybrid,global_recovery,0,false,false,false,15,global_recovery,requested_global_recovery_applied,urban,cooperative
49.1,hybrid,global_recovery,0,false,false,false,15,global_recovery,requested_global_recovery_applied,urban,cooperative
49.6,hybrid,global_recovery,0,false,false,false,15,global_recovery,requested_global_recovery_applied,urban,cooperative
50.1,hybrid,global_recovery,0,false,false,false,15,global_recovery,requested_global_recovery_applied,urban,cooperative
50.6,hybrid,global_recovery,0,false,false,false,15,global_recovery,requested_global_recovery_applied,urban,cooperative
51.1,hybrid,global_recovery,0,false,false,false,15,global_recovery,requested_global_recovery_applied,urban,cooperative
51.6,hybrid,global_recovery,0,false,false,false,15,global_recovery,requested_global_recovery_applied,urban,cooperative
52.1,hybrid,global_recovery,0,false,false,false,15,global_recovery,requested_global_recovery_applied,urban,cooperative
52.6,hybrid,global_recovery,0,false,false,false,15,global_recovery,requested_global_recovery_applied,urban,cooperative
53.1,hybrid,global_recovery,0,false,false,false,15,global_recovery,requested_global_recovery_applied,urban,cooperative
53.6,hybrid,global_recovery,0,false,false,false,15,global_recovery,requested_global_recovery_applied,urban,cooperative
54.1,hybrid,global_recovery,0,false,false,false,15,global_recovery,requested_global_recovery_applied,urban,cooperative
54.6,hybrid,global_recovery,0,false,false,false,15,global_recovery,requested_global_recovery_applied,urban,cooperative
55.1,hybrid,global_recovery,0,false,false,false,15,global_recovery,requested_global_recovery_applied,urban,cooperative
55.6,hybrid,global_recovery,0,false,false,false,15,global_recovery,requested_global_recovery_applied,urban,cooperative
56.1,hybrid,global_recovery,0,false,false,false,15,global_recovery,requested_global_recovery_applied,urban,cooperative
56.6,hybrid,global_recovery,0,false,false,false,15,global_recovery,requested_global_recovery_applied,urban,cooperative
57.1,hybrid,global_recovery,0,false,false,false,15,global_recovery,requested_global_recovery_applied,urban,cooperative
57.6,hybrid,global_recovery,0,false,false,false,15,global_recovery,requested_global_recovery_applied,urban,cooperative
58.1,hybrid,global_recovery,0,false,false,false,15,global_recovery,requested_global_recovery_applied,urban,cooperative
58.6,hybrid,global_recovery,0,false,false,false,15,global_recovery,requested_global_recovery_applied,urban,cooperative
59.1,hybrid,global_recovery,0,false,false,false,15,global_recovery,requested_global_recovery_applied,urban,cooperative
59.6,hybrid,global_recovery,0,false,false,false,15,global_recovery,requested_global_recovery_applied,urban,cooperative
60.1,hybrid,global_recovery,0,false,false,false,15,global_recovery,requested_global_recovery_applied,urban,cooperative
60.6,hybrid,global_recovery,0,false,false,false,15,global_recovery,requested_global_recovery_applied,urban,cooperative
61.1,hybrid,global_recovery,0,false,false,false,15,global_recovery,requested_global_recovery_applied,urban,cooperative
61.6,hybrid,global_recovery,0,false,false,false,15,global_recovery,requested_global_recovery_applied,urban,cooperative
62.1,hybrid,global_recovery,0,false,false,false,15,global_recovery,requested_global_recovery_applied,urban,cooperative
62.6,hybrid,global_recovery,0,false,false,false,15,global_recovery,requested_global_recovery_applied,urban,cooperative
63.1,hybrid,global_recovery,0,false,false,false,15,global_recovery,requested_global_recovery_applied,urban,cooperative
63.6,hybrid,global_recovery,0,false,false,false,15,global_recovery,requested_global_recovery_applied,urban,cooperative
64.1,hybrid,global_recovery,0,false,false,false,15,global_recovery,requested_global_recovery_applied,urban,cooperative
64.6,hybrid,global_recovery,0,false,false,false,15,global_recovery,requested_global_recovery_applied,urban,cooperative
65.1,hybrid,global_recovery,0,false,false,false,15,global_recovery,requested_global_recovery_applied,urban,cooperative
65.6,hybrid,global_recovery,0,false,false,false,15,global_recovery,requested_global_recovery_applied,urban,cooperative
66.1,hybrid,global_recovery,0,false,false,false,15,global_recovery,requested_global_recovery_applied,urban,cooperative
66.6,hybrid,global_recovery,0,false,false,false,15,global_recovery,requested_global_recovery_applied,urban,cooperative
67.1,hybrid,global_recovery,0,false,false,false,15,global_recovery,requested_global_recovery_applied,urban,cooperative
67.6,hybrid,global_recovery,0,false,false,false,15,global_recovery,requested_global_recovery_applied,urban,cooperative
68.1,hybrid,global_recovery,0,false,false,false,15,global_recovery,requested_global_recovery_applied,urban,cooperative
68.6,hybrid,global_recovery,0,false,false,false,15,global_recovery,requested_global_recovery_applied,urban,cooperative
69.1,hybrid,global_recovery,0,false,false,false,15,global_recovery,requested_global_recovery_applied,urban,cooperative
69.6,hybrid,global_recovery,0,false,false,false,15,global_recovery,requested_global_recovery_applied,urban,cooperative
70.1,hybrid,global_recovery,0,false,false,false,15,global_recovery,requested_global_recovery_applied,urban,cooperative
70.6,hybrid,global_recovery,0,false,false,false,15,global_recovery,requested_global_recovery_applied,urban,cooperative
71.1,hybrid,global_recovery,0,false,false,false,15,global_recovery,requested_global_recovery_applied,urban,cooperative
71.6,hybrid,global_recovery,0,false,false,false,15,global_recovery,requested_global_recovery_applied,urban,cooperative
72.1,hybrid,global_recovery,0,false,false,false,15,global_recovery,requested_global_recovery_applied,urban,cooperative
72.6,hybrid,global_recovery,0,false,false,false,15,global_recovery,requested_global_recovery_applied,urban,cooperative
73.1,hybrid,global_recovery,0,false,false,false,15,global_recovery,requested_global_recovery_applied,urban,cooperative
73.6,hybrid,global_recovery,0,false,false,false,15,global_recovery,requested_global_recovery_applied,urban,cooperative
74.1,hybrid,global_recovery,0,false,false,false,15,global_recovery,requested_global_recovery_applied,urban,cooperative
74.6,hybrid,global_recovery,0,false,false,false,15,global_recovery,requested_global_recovery_applied,urban,cooperative
75.1,hybrid,global_recovery,0,false,false,false,15,global_recovery,requested_global_recovery_applied,urban,cooperative
75.6,hybrid,global_recovery,0,false,false,false,15,global_recovery,requested_global_recovery_applied,urban,cooperative
76.1,hybrid,global_recovery,0,false,false,false,15,global_recovery,requested_global_recovery_applied,urban,cooperative
76.6,hybrid,global_recovery,0,false,false,false,15,global_recovery,requested_global_recovery_applied,urban,cooperative
77.1,hybrid,global_recovery,0,false,false,false,15,global_recovery,requested_global_recovery_applied,urban,cooperative
77.6,hybrid,global_recovery,0,false,false,false,15,global_recovery,requested_global_recovery_applied,urban,cooperative
78.1,hybrid,global_recovery,0,false,false,false,15,global_recovery,requested_global_recovery_applied,urban,cooperative
78.6,hybrid,global_recovery,0,false,false,false,15,global_recovery,requested_global_recovery_applied,urban,cooperative
79.1,hybrid,global_recovery,0,false,false,false,15,global_recovery,requested_global_recovery_applied,urban,cooperative
79.6,hybrid,global_recovery,0,false,false,false,15,global_recovery,requested_global_recovery_applied,urban,cooperative
80.1,hybrid,global_recovery,0,true,true,false,14,global_recovery,requested_global_recovery_applied,urban,cooperative
80.6,hybrid,global_recovery,0,true,true,false,14,global_recovery,requested_global_recovery_applied,urban,cooperative
81.1,hybrid,global_recovery,0,true,true,false,14,global_recovery,requested_global_recovery_applied,urban,cooperative
81.6,hybrid,global_recovery,0,true,true,false,14,global_recovery,requested_global_recovery_applied,urban,cooperative
82.1,hybrid,global_recovery,0,true,true,false,14,global_recovery,requested_global_recovery_applied,urban,cooperative
82.6,hybrid,global_recovery,0,true,true,false,14,global_recovery,requested_global_recovery_applied,urban,cooperative
83.1,hybrid,global_recovery,0,true,true,false,14,global_recovery,requested_global_recovery_applied,urban,cooperative
83.6,hybrid,global_recovery,0,true,true,false,14,global_recovery,requested_global_recovery_applied,urban,cooperative
84.1,hybrid,global_recovery,0,true,true,false,14,global_recovery,requested_global_recovery_applied,urban,cooperative
84.6,hybrid,global_recovery,0,true,true,false,14,global_recovery,requested_global_recovery_applied,urban,cooperative
85.1,hybrid,global_recovery,0,true,true,false,14,global_recovery,requested_global_recovery_applied,urban,cooperative
85.6,hybrid,global_recovery,0,true,true,false,14,global_recovery,requested_global_recovery_applied,urban,cooperative
86.1,hybrid,global_recovery,0,true,true,false,14,global_recovery,requested_global_recovery_applied,urban,cooperative
86.6,hybrid,global_recovery,0,true,true,false,14,global_recovery,requested_global_recovery_applied,urban,cooperative
87.1,hybrid,global_recovery,0,true,true,false,14,global_recovery,requested_global_recovery_applied,urban,cooperative
87.6,hybrid,global_recovery,0,true,true,false,14,global_recovery,requested_global_recovery_applied,urban,cooperative
88.1,hybrid,global_recovery,0,true,true,false,14,global_recovery,requested_global_recovery_applied,urban,cooperative
88.6,hybrid,global_recovery,0,true,true,false,14,global_recovery,requested_global_recovery_applied,urban,cooperative
89.1,hybrid,global_recovery,0,true,true,false,14,global_recovery,requested_global_recovery_applied,urban,cooperative
89.6,hybrid,global_recovery,0,true,true,false,14,global_recovery,requested_global_recovery_applied,urban,cooperative
90.1,hybrid,global_recovery,0,true,true,false,14,global_recovery,requested_global_recovery_applied,urban,cooperative
90.6,hybrid,global_recovery,0,true,true,false,14,global_recovery,requested_global_recovery_applied,urban,cooperative
91.1,hybrid,global_recovery,0,true,true,false,14,global_recovery,requested_global_recovery_applied,urban,cooperative
91.6,hybrid,global_recovery,0,true,true,false,14,global_recovery,requested_global_recovery_applied,urban,cooperative
92.1,hybrid,global_recovery,0,true,true,false,14,global_recovery,requested_global_recovery_applied,urban,cooperative
92.6,hybrid,global_recovery,0,true,true,false,14,global_recovery,requested_global_recovery_applied,urban,cooperative
93.1,hybrid,global_recovery,0,true,true,false,14,global_recovery,requested_global_recovery_applied,urban,cooperative
93.6,hybrid,global_recovery,0,true,true,false,14,global_recovery,requested_global_recovery_applied,urban,cooperative
94.1,hybrid,global_recovery,0,true,true,false,14,global_recovery,requested_global_recovery_applied,urban,cooperative
94.6,hybrid,global_recovery,0,true,true,false,14,global_recovery,requested_global_recovery_applied,urban,cooperative
95.1,hybrid,global_recovery,0,true,true,false,14,global_recovery,requested_global_recovery_applied,urban,cooperative
95.6,hybrid,global_recovery,0,true,true,false,14,global_recovery,requested_global_recovery_applied,urban,cooperative
96.1,hybrid,global_recovery,0,true,true,false,14,global_recovery,requested_global_recovery_applied,urban,cooperative
96.6,hybrid,global_recovery,0,true,true,false,14,global_recovery,requested_global_recovery_applied,urban,cooperative
97.1,hybrid,global_recovery,0,true,true,false,14,global_recovery,requested_global_recovery_applied,urban,cooperative
97.6,hybrid,global_recovery,0,true,true,false,14,global_recovery,requested_global_recovery_applied,urban,cooperative
98.1,hybrid,global_recovery,0,true,true,false,14,global_recovery,requested_global_recovery_applied,urban,cooperative
98.6,hybrid,global_recovery,0,true,true,false,14,global_recovery,requested_global_recovery_applied,urban,cooperative
99.1,hybrid,global_recovery,0,true,true,false,14,global_recovery,requested_global_recovery_applied,urban,cooperative
99.6,hybrid,global_recovery,0,true,true,false,14,global_recovery,requested_global_recovery_applied,urban,cooperative
100.1,hybrid,global_recovery,0,true,true,false,14,global_recovery,requested_global_recovery_applied,urban,cooperative
100.6,hybrid,global_recovery,0,true,true,false,14,global_recovery,requested_global_recovery_applied,urban,cooperative
101.1,hybrid,global_recovery,0,true,true,false,14,global_recovery,requested_global_recovery_applied,urban,cooperative
101.6,hybrid,global_recovery,0,true,true,false,14,global_recovery,requested_global_recovery_applied,urban,cooperative
102.1,hybrid,global_recovery,0,true,true,false,14,global_recovery,requested_global_recovery_applied,urban,cooperative
102.6,hybrid,global_recovery,0,true,true,false,14,global_recovery,requested_global_recovery_applied,urban,cooperative
103.1,hybrid,global_recovery,0,true,true,false,14,global_recovery,requested_global_recovery_applied,urban,cooperative
103.6,hybrid,global_recovery,0,true,true,false,14,global_recovery,requested_global_recovery_applied,urban,cooperative
104.1,hybrid,global_recovery,0,true,true,false,14,global_recovery,requested_global_recovery_applied,urban,cooperative
104.6,hybrid,global_recovery,0,true,true,false,14,global_recovery,requested_global_recovery_applied,urban,cooperative
105.1,hybrid,global_recovery,0,true,true,false,14,global_recovery,requested_global_recovery_applied,urban,cooperative
105.6,hybrid,global_recovery,0,true,true,false,14,global_recovery,requested_global_recovery_applied,urban,cooperative
106.1,hybrid,global_recovery,0,true,true,false,14,global_recovery,requested_global_recovery_applied,urban,cooperative
106.6,hybrid,global_recovery,0,true,true,false,14,global_recovery,requested_global_recovery_applied,urban,cooperative
107.1,hybrid,global_recovery,0,true,true,false,14,global_recovery,requested_global_recovery_applied,urban,cooperative
107.6,hybrid,global_recovery,0,true,true,false,14,global_recovery,requested_global_recovery_applied,urban,cooperative
108.1,hybrid,global_recovery,0,true,true,false,14,global_recovery,requested_global_recovery_applied,urban,cooperative
108.6,hybrid,global_recovery,0,true,true,false,14,global_recovery,requested_global_recovery_applied,urban,cooperative
109.1,hybrid,global_recovery,0,true,true,false,14,global_recovery,requested_global_recovery_applied,urban,cooperative
109.6,hybrid,global_recovery,0,true,true,false,14,global_recovery,requested_global_recovery_applied,urban,cooperative
110.1,hybrid,global_recovery,0,true,true,false,14,global_recovery,requested_global_recovery_applied,urban,cooperative
110.6,hybrid,global_recovery,0,true,true,false,14,global_recovery,requested_global_recovery_applied,urban,cooperative
111.1,hybrid,global_recovery,0,true,true,false,14,global_recovery,requested_global_recovery_applied,urban,cooperative
111.6,hybrid,global_recovery,0,true,true,false,14,global_recovery,requested_global_recovery_applied,urban,cooperative
112.1,hybrid,global_recovery,0,true,true,false,14,global_recovery,requested_global_recovery_applied,urban,cooperative
112.6,hybrid,global_recovery,0,true,true,false,14,global_recovery,requested_global_recovery_applied,urban,cooperative
113.1,hybrid,global_recovery,0,true,true,false,14,global_recovery,requested_global_recovery_applied,urban,cooperative
113.6,hybrid,global_recovery,0,true,true,false,14,global_recovery,requested_global_recovery_applied,urban,cooperative
114.1,hybrid,global_recovery,0,true,true,false,14,global_recovery,requested_global_recovery_applied,urban,cooperative
114.6,hybrid,global_recovery,0,true,true,false,14,global_recovery,requested_global_recovery_applied,urban,cooperative
115.1,hybrid,global_recovery,0,true,true,false,14,global_recovery,requested_global_recovery_applied,urban,cooperative
115.6,hybrid,global_recovery,0,true,true,false,14,global_recovery,requested_global_recovery_applied,urban,cooperative
116.1,hybrid,global_recovery,0,true,true,false,14,global_recovery,requested_global_recovery_applied,urban,cooperative
116.6,hybrid,global_recovery,0,true,true,false,14,global_recovery,requested_global_recovery_applied,urban,cooperative
117.1,hybrid,global_recovery,0,true,true,false,14,global_recovery,requested_global_recovery_applied,urban,cooperative
117.6,hybrid,global_recovery,0,true,true,false,14,global_recovery,requested_global_recovery_applied,urban,cooperative
118.1,hybrid,global_recovery,0,true,true,false,14,global_recovery,requested_global_recovery_applied,urban,cooperative
118.6,hybrid,global_recovery,0,true,true,false,14,global_recovery,requested_global_recovery_applied,urban,cooperative
119.1,hybrid,global_recovery,0,true,true,false,14,global_recovery,requested_global_recovery_applied,urban,cooperative
119.6,hybrid,global_recovery,0,true,true,false,14,global_recovery,requested_global_recovery_applied,urban,cooperative
120.1,hybrid,global_recovery,0,false,true,false,15,global_recovery,requested_global_recovery_applied,urban,cooperative
120.6,hybrid,global_recovery,0,false,true,false,15,global_recovery,requested_global_recovery_applied,urban,cooperative
121.1,hybrid,global_recovery,0,false,true,false,15,global_recovery,requested_global_recovery_applied,urban,cooperative
121.6,hybrid,global_recovery,0,false,true,false,15,global_recovery,requested_global_recovery_applied,urban,cooperative
122.1,hybrid,global_recovery,0,false,true,false,15,global_recovery,requested_global_recovery_applied,urban,cooperative
122.6,hybrid,global_recovery,0,false,true,false,15,global_recovery,requested_global_recovery_applied,urban,cooperative
123.1,hybrid,global_recovery,0,false,true,false,15,global_recovery,requested_global_recovery_applied,urban,cooperative
123.6,hybrid,global_recovery,0,false,true,false,15,global_recovery,requested_global_recovery_applied,urban,cooperative
124.1,hybrid,global_recovery,0,false,true,false,15,global_recovery,requested_global_recovery_applied,urban,cooperative
124.6,hybrid,global_recovery,0,false,true,false,15,global_recovery,requested_global_recovery_applied,urban,cooperative
125.1,hybrid,global_recovery,0,false,true,false,15,global_recovery,requested_global_recovery_applied,urban,cooperative
125.6,hybrid,global_recovery,0,false,true,false,15,global_recovery,requested_global_recovery_applied,urban,cooperative
126.1,hybrid,global_recovery,0,false,true,false,15,global_recovery,requested_global_recovery_applied,urban,cooperative
126.6,hybrid,global_recovery,0,false,true,false,15,global_recovery,requested_global_recovery_applied,urban,cooperative
127.1,hybrid,global_recovery,0,false,true,false,15,global_recovery,requested_global_recovery_applied,urban,cooperative
127.6,hybrid,global_recovery,0,false,true,false,15,global_recovery,requested_global_recovery_applied,urban,cooperative
128.1,hybrid,global_recovery,0,false,true,false,15,global_recovery,requested_global_recovery_applied,urban,cooperative
128.6,hybrid,global_recovery,0,false,true,false,15,global_recovery,requested_global_recovery_applied,urban,cooperative
129.1,hybrid,global_recovery,0,false,true,false,15,global_recovery,requested_global_recovery_applied,urban,cooperative
129.6,hybrid,global_recovery,0,false,true,false,15,global_recovery,requested_global_recovery_applied,urban,cooperative
130.1,hybrid,global_recovery,0,false,true,false,15,global_recovery,requested_global_recovery_applied,urban,cooperative
130.6,hybrid,global_recovery,0,false,true,false,15,global_recovery,requested_global_recovery_applied,urban,cooperative
131.1,hybrid,global_recovery,0,false,true,false,15,global_recovery,requested_global_recovery_applied,urban,cooperative
131.6,hybrid,global_recovery,0,false,true,false,15,global_recovery,requested_global_recovery_applied,urban,cooperative
132.1,hybrid,global_recovery,0,false,true,false,15,global_recovery,requested_global_recovery_applied,urban,cooperative
132.6,hybrid,global_recovery,0,false,true,false,15,global_recovery,requested_global_recovery_applied,urban,cooperative
133.1,hybrid,global_recovery,0,false,true,false,15,global_recovery,requested_global_recovery_applied,urban,cooperative
133.6,hybrid,global_recovery,0,false,true,false,15,global_recovery,requested_global_recovery_applied,urban,cooperative
134.1,hybrid,global_recovery,0,false,true,false,15,global_recovery,requested_global_recovery_applied,urban,cooperative
134.6,hybrid,global_recovery,0,false,true,false,15,global_recovery,requested_global_recovery_applied,urban,cooperative
135.1,hybrid,global_recovery,0,false,true,false,15,global_recovery,requested_global_recovery_applied,urban,cooperative
135.6,hybrid,global_recovery,0,false,true,false,15,global_recovery,requested_global_recovery_applied,urban,cooperative
136.1,hybrid,global_recovery,0,false,true,false,15,global_recovery,requested_global_recovery_applied,urban,cooperative
136.6,hybrid,global_recovery,0,false,true,false,15,global_recovery,requested_global_recovery_applied,urban,cooperative
137.1,hybrid,global_recovery,0,false,true,false,15,global_recovery,requested_global_recovery_applied,urban,cooperative
137.6,hybrid,global_recovery,0,false,true,false,15,global_recovery,requested_global_recovery_applied,urban,cooperative
138.1,hybrid,global_recovery,0,false,true,false,15,global_recovery,requested_global_recovery_applied,urban,cooperative
138.6,hybrid,global_recovery,0,false,true,false,15,global_recovery,requested_global_recovery_applied,urban,cooperative
139.1,hybrid,global_recovery,0,false,true,false,15,global_recovery,requested_global_recovery_applied,urban,cooperative
139.6,hybrid,global_recovery,0,false,true,false,15,global_recovery,requested_global_recovery_applied,urban,cooperative
140.1,hybrid,global_recovery,0,false,true,false,15,global_recovery,requested_global_recovery_applied,urban,cooperative
140.6,hybrid,global_recovery,0,false,true,false,15,global_recovery,requested_global_recovery_applied,urban,cooperative
141.1,hybrid,global_recovery,0,false,true,false,15,global_recovery,requested_global_recovery_applied,urban,cooperative
141.6,hybrid,global_recovery,0,false,true,false,15,global_recovery,requested_global_recovery_applied,urban,cooperative
142.1,hybrid,global_recovery,0,false,true,false,15,global_recovery,requested_global_recovery_applied,urban,cooperative
142.6,hybrid,global_recovery,0,false,true,false,15,global_recovery,requested_global_recovery_applied,urban,cooperative
143.1,hybrid,global_recovery,0,false,true,false,15,global_recovery,requested_global_recovery_applied,urban,cooperative
143.6,hybrid,global_recovery,0,false,true,false,15,global_recovery,requested_global_recovery_applied,urban,cooperative
144.1,hybrid,global_recovery,0,false,true,false,15,global_recovery,requested_global_recovery_applied,urban,cooperative
144.6,hybrid,global_recovery,0,false,true,false,15,global_recovery,requested_global_recovery_applied,urban,cooperative
145.1,hybrid,global_recovery,0,false,true,false,15,global_recovery,requested_global_recovery_applied,urban,cooperative
145.6,hybrid,global_recovery,0,false,true,false,15,global_recovery,requested_global_recovery_applied,urban,cooperative
146.1,hybrid,global_recovery,0,false,true,false,15,global_recovery,requested_global_recovery_applied,urban,cooperative
146.6,hybrid,global_recovery,0,false,true,false,15,global_recovery,requested_global_recovery_applied,urban,cooperative
147.1,hybrid,global_recovery,0,false,true,false,15,global_recovery,requested_global_recovery_applied,urban,cooperative
147.6,hybrid,global_recovery,0,false,true,false,15,global_recovery,requested_global_recovery_applied,urban,cooperative
148.1,hybrid,global_recovery,0,false,true,false,15,global_recovery,requested_global_recovery_applied,urban,cooperative
148.6,hybrid,global_recovery,0,false,true,false,15,global_recovery,requested_global_recovery_applied,urban,cooperative
149.1,hybrid,global_recovery,0,false,true,false,15,global_recovery,requested_global_recovery_applied,urban,cooperative
149.6,hybrid,global_recovery,0,false,true,false,15,global_recovery,requested_global_recovery_applied,urban,cooperative
150.1,hybrid,global_recovery,0,false,true,false,15,global_recovery,requested_global_recovery_applied,urban,cooperative
150.6,hybrid,global_recovery,0,false,true,false,15,global_recovery,requested_global_recovery_applied,urban,cooperative
151.1,hybrid,global_recovery,0,false,true,false,15,global_recovery,requested_global_recovery_applied,urban,cooperative
151.6,hybrid,global_recovery,0,false,true,false,15,global_recovery,requested_global_recovery_applied,urban,cooperative
152.1,hybrid,global_recovery,0,false,true,false,15,global_recovery,requested_global_recovery_applied,urban,cooperative
152.6,hybrid,global_recovery,0,false,true,false,15,global_recovery,requested_global_recovery_applied,urban,cooperative
153.1,hybrid,global_recovery,0,false,true,false,15,global_recovery,requested_global_recovery_applied,urban,cooperative
153.6,hybrid,global_recovery,0,false,true,false,15,global_recovery,requested_global_recovery_applied,urban,cooperative
154.1,hybrid,global_recovery,0,false,true,false,15,global_recovery,requested_global_recovery_applied,urban,cooperative
154.6,hybrid,global_recovery,0,false,true,false,15,global_recovery,requested_global_recovery_applied,urban,cooperative
155.1,hybrid,global_recovery,0,false,true,false,15,global_recovery,requested_global_recovery_applied,urban,cooperative
155.6,hybrid,global_recovery,0,false,true,false,15,global_recovery,requested_global_recovery_applied,urban,cooperative
156.1,hybrid,global_recovery,0,false,true,false,15,global_recovery,requested_global_recovery_applied,urban,cooperative
156.6,hybrid,global_recovery,0,false,true,false,15,global_recovery,requested_global_recovery_applied,urban,cooperative
157.1,hybrid,global_recovery,0,false,true,false,15,global_recovery,requested_global_recovery_applied,urban,cooperative
157.6,hybrid,global_recovery,0,false,true,false,15,global_recovery,requested_global_recovery_applied,urban,cooperative
158.1,hybrid,global_recovery,0,false,true,false,15,global_recovery,requested_global_recovery_applied,urban,cooperative
158.6,hybrid,global_recovery,0,false,true,false,15,global_recovery,requested_global_recovery_applied,urban,cooperative
159.1,hybrid,global_recovery,0,false,true,false,15,global_recovery,requested_global_recovery_applied,urban,cooperative
159.6,hybrid,global_recovery,0,false,true,false,15,global_recovery,requested_global_recovery_applied,urban,cooperative
160.1,hybrid,global_recovery,0,false,true,false,15,global_recovery,requested_global_recovery_applied,urban,cooperative
160.6,hybrid,global_recovery,0,false,true,false,15,global_recovery,requested_global_recovery_applied,urban,cooperative
161.1,hybrid,global_recovery,0,false,true,false,15,global_recovery,requested_global_recovery_applied,urban,cooperative
161.6,hybrid,global_recovery,0,false,true,false,15,global_recovery,requested_global_recovery_applied,urban,cooperative
162.1,hybrid,global_recovery,0,false,true,false,15,global_recovery,requested_global_recovery_applied,urban,cooperative
162.6,hybrid,global_recovery,0,false,true,false,15,global_recovery,requested_global_recovery_applied,urban,cooperative
163.1,hybrid,global_recovery,0,false,true,false,15,global_recovery,requested_global_recovery_applied,urban,cooperative
163.6,hybrid,global_recovery,0,false,true,false,15,global_recovery,requested_global_recovery_applied,urban,cooperative
164.1,hybrid,global_recovery,0,false,true,false,15,global_recovery,requested_global_recovery_applied,urban,cooperative
164.6,hybrid,global_recovery,0,false,true,false,15,global_recovery,requested_global_recovery_applied,urban,cooperative
165.1,hybrid,global_recovery,0,false,true,false,15,global_recovery,requested_global_recovery_applied,urban,cooperative
165.6,hybrid,global_recovery,0,false,true,false,15,global_recovery,requested_global_recovery_applied,urban,cooperative
166.1,hybrid,global_recovery,0,false,true,false,15,global_recovery,requested_global_recovery_applied,urban,cooperative
166.6,hybrid,global_recovery,0,false,true,false,15,global_recovery,requested_global_recovery_applied,urban,cooperative
167.1,hybrid,global_recovery,0,false,true,false,15,global_recovery,requested_global_recovery_applied,urban,cooperative
167.6,hybrid,global_recovery,0,false,true,false,15,global_recovery,requested_global_recovery_applied,urban,cooperative
168.1,hybrid,global_recovery,0,false,true,false,15,global_recovery,requested_global_recovery_applied,urban,cooperative
168.6,hybrid,global_recovery,0,false,true,false,15,global_recovery,requested_global_recovery_applied,urban,cooperative
169.1,hybrid,global_recovery,0,false,true,false,15,global_recovery,requested_global_recovery_applied,urban,cooperative
169.6,hybrid,global_recovery,0,false,true,false,15,global_recovery,requested_global_recovery_applied,urban,cooperative
170.1,hybrid,global_recovery,0,false,true,false,15,global_recovery,requested_global_recovery_applied,urban,cooperative
170.6,hybrid,global_recovery,0,false,true,false,15,global_recovery,requested_global_recovery_applied,urban,cooperative
171.1,hybrid,global_recovery,0,false,true,false,15,global_recovery,requested_global_recovery_applied,urban,cooperative
171.6,hybrid,global_recovery,0,false,true,false,15,global_recovery,requested_global_recovery_applied,urban,cooperative
172.1,hybrid,global_recovery,0,false,true,false,15,global_recovery,requested_global_recovery_applied,urban,cooperative
172.6,hybrid,global_recovery,0,false,true,false,15,global_recovery,requested_global_recovery_applied,urban,cooperative
173.1,hybrid,global_recovery,0,false,true,false,15,global_recovery,requested_global_recovery_applied,urban,cooperative
