time,phase,connectivity,avg_degree,pdr,throughput_mbps,delay_ms,p99_delay_ms,response_time_sec,recovery_time_sec,stabilization_time_sec,route_change_count,relay_switch_count,control_deadline_miss_count,route_pressure_score,failure_neighborhood_pdr,failure_neighborhood_throughput_mbps,failure_neighborhood_delay_ms,failure_neighborhood_node_count,failure_target_id,is_failure_target_failed,failure_target_pdr,failure_target_throughput_mbps,failure_target_delay_ms,leader_node_id,is_leader_alive,scene_type,operation_mode
0.1,normal,0.657143,9.2,0,0,0,0,nan,nan,nan,90,0,0,0,0,0,0,10,7,false,0,0,0,0,true,urban,cooperative
0.6,normal,0.657143,9.2,0,0,0,0,nan,nan,nan,90,0,0,0,0,0,0,10,7,false,0,0,0,0,true,urban,cooperative
1.1,normal,0.657143,9.2,0,0,0,0,nan,nan,nan,90,0,0,0,0,0,0,10,7,false,0,0,0,0,true,urban,cooperative
1.6,normal,0.657143,9.2,0,0,0,0,nan,nan,nan,90,0,0,0,0,0,0,10,7,false,0,0,0,0,true,urban,cooperative
2.1,normal,0.657143,9.2,0,0,0,0,nan,nan,nan,90,0,0,0,0,0,0,10,7,false,0,0,0,0,true,urban,cooperative
2.6,normal,0.657143,9.2,0.08,0.00280533,2.56307,16.5188,nan,nan,nan,90,0,0,0,0.0866667,0.002104,2.42834,10,7,false,0,0,0,0,true,urban,cooperative
3.1,normal,0.657143,9.2,0.128,0.0137461,3.92028,17.3112,nan,nan,nan,90,0,0,0,0.155333,0.0159904,4.29481,10,7,false,0,0,0,0,true,urban,cooperative
3.6,normal,0.657143,9.2,0.143587,0.0249675,76.6908,181.661,nan,nan,nan,90,0,0,0,0.187381,0.03156,73.4184,10,7,false,0,0,100,0,true,urban,cooperative
4.1,normal,0.657143,9.2,0.138646,0.0333835,71.9914,102.443,nan,nan,nan,90,0,0,0,0.178739,0.04208,66.4467,10,7,false,0,0,100,0,true,urban,cooperative
4.6,normal,0.657143,9.2,0.14173,0.0395552,69.5711,100,nan,nan,nan,90,0,0,0,0.179808,0.0509168,63.0055,10,7,false,0,0,100,0,true,urban,cooperative
5.1,normal,0.657143,9.2,0.138674,0.0417995,69.5948,100,nan,nan,nan,90,0,0,0,0.185918,0.054704,63.1759,10,7,false,0,0,100,0,true,urban,cooperative
5.6,normal,0.657143,9.2,0.125659,0.0392747,72.0325,100,nan,nan,nan,90,0,0,0,0.163736,0.048392,58.8943,10,7,false,0,0,100,0,true,urban,cooperative
6.1,normal,0.657143,9.2,0.118097,0.0392747,72.5522,100,nan,nan,nan,90,0,0,0,0.152821,0.0475504,59.7697,10,7,false,0,0,100,0,true,urban,cooperative
6.6,normal,0.657143,9.2,0.113335,0.0426411,110.094,658.857,nan,nan,nan,90,0,0,0,0.143656,0.0496544,60.3048,10,7,false,0,0,100,0,true,urban,cooperative
7.1,normal,0.657143,9.2,0.107205,0.0432021,84.6423,293.773,nan,nan,nan,90,0,0,0,0.126193,0.0458672,59.778,10,7,false,0,0,100,0,true,urban,cooperative
7.6,normal,0.657143,9.2,0.11526,0.0490933,183.616,1237.61,nan,nan,nan,90,0,0,0,0.120448,0.0488128,60.2298,10,7,false,0.0689655,0.016832,1237.61,0,true,urban,cooperative
8.1,normal,0.657143,9.2,0.10981,0.050496,133.308,995.348,nan,nan,nan,90,0,0,0,0.104844,0.0471296,59.37,10,7,false,0.1,0.02104,995.348,0,true,urban,cooperative
8.6,normal,0.666667,9.33333,0.111378,0.0502155,107.575,831.687,nan,nan,nan,91,0,0,0,0.0974942,0.0443753,56.3418,11,7,false,0.105263,0.025248,831.687,0,true,urban,cooperative
9.1,normal,0.666667,9.33333,0.0990395,0.0457269,52.4791,100,nan,nan,nan,91,0,0,0,0.0761072,0.0367244,56.2922,11,7,false,0.0555556,0.016832,30.3608,0,true,urban,cooperative
9.6,normal,0.67619,9.46667,0.0953183,0.0460075,89.7018,494.761,nan,nan,nan,92,0,0,0,0.0702797,0.0348116,68.7144,11,7,false,0.0963855,0.033664,494.761,0,true,urban,cooperative
10.1,normal,0.67619,9.46667,0.0836708,0.0409579,90.6485,367.13,nan,nan,nan,92,0,0,0,0.0569347,0.0283084,77.7263,11,7,false,0.102804,0.046288,367.13,0,true,urban,cooperative
10.6,normal,0.67619,9.46667,0.0740469,0.0370304,86.4973,264.008,nan,nan,nan,92,0,0,0,0.0464535,0.0241004,80.6208,11,7,false,0.136752,0.067328,264.008,0,true,urban,cooperative
11.1,normal,0.67619,9.46667,0.0801649,0.0406773,94.6961,409.318,nan,nan,nan,92,0,0,0,0.0558841,0.0290735,99.4378,11,7,false,0.240741,0.109408,177.594,0,true,urban,cooperative
11.6,normal,0.67619,9.46667,0.0780679,0.0395552,90.4661,409.318,nan,nan,nan,92,0,0,0,0.0612347,0.0309862,105.707,11,7,false,0.213675,0.1052,34.4427,0,true,urban,cooperative
12.1,normal,0.67619,9.46667,0.080382,0.0417995,99.2067,409.318,nan,nan,nan,94,13,0,0,0.0629287,0.0340465,114.803,11,7,false,0.225,0.113616,52.8427,0,true,urban,cooperative
12.6,normal,0.685714,9.6,0.0841774,0.0443243,72.2081,253.23,nan,nan,nan,100,29,0,20,0.0686003,0.0371069,79.495,11,7,false,0.236842,0.113616,53.8709,0,true,urban,cooperative
13.1,normal,0.704762,9.86667,0.0852139,0.0446048,56.1469,100,nan,nan,nan,102,61,0,0,0.0683895,0.0351942,56.9692,11,7,false,0.204724,0.109408,52.148,0,true,urban,cooperative
13.6,normal,0.714286,10,0.0824466,0.0437632,57.0771,100,nan,nan,nan,103,61,0,0,0.0653992,0.0351942,58.1348,11,7,false,0.192308,0.1052,53.5556,0,true,urban,cooperative
14.1,normal,0.733333,10.2667,0.0789744,0.0423605,66.4061,120.985,nan,nan,nan,111,96,0,1,0.0622378,0.033664,71.952,11,7,false,0.2,0.100992,42.1102,0,true,urban,cooperative
14.6,normal,0.742857,10.4,0.0852154,0.0448853,71.5285,100,nan,nan,nan,114,96,0,1,0.0701049,0.0363418,76.5539,11,7,false,0.184,0.096784,51.0161,0,true,urban,cooperative
15.1,normal,0.742857,10.4,0.0789705,0.0409579,72.2202,100,nan,nan,nan,116,96,0,1,0.0641608,0.0344291,76.2761,11,7,false,0.145455,0.067328,58.5169,0,true,urban,cooperative
15.6,normal,0.742857,10.4,0.0807491,0.0426411,89.3699,218.423,nan,nan,nan,118,96,0,1,0.0731838,0.039976,93.9749,12,7,false,0.117647,0.04208,69.0619,0,true,urban,cooperative
16.1,normal,0.761905,10.6667,0.0886667,0.0454464,83.5311,149.741,nan,nan,nan,120,96,0,0,0.0842949,0.0438333,87.6183,12,7,false,0.08,0.025248,67.1891,0,true,urban,cooperative
16.6,normal,0.752381,10.5333,0.08116,0.0417995,276.086,3035.54,nan,nan,nan,124,112,0,1,0.0800214,0.0424307,333.06,12,7,false,0.0571429,0.016832,17.836,0,true,urban,cooperative
17.1,normal,0.742857,10.4,0.0691453,0.0364693,271.456,3035.54,nan,nan,nan,127,144,0,1,0.0716079,0.0385733,326.499,12,7,false,0.0625,0.02104,30.5899,0,true,urban,cooperative
17.6,normal,0.733333,10.2667,0.0648314,0.0322613,458.7,3043.27,nan,nan,nan,128,144,0,0,0.0689637,0.0343653,313.491,12,7,false,0.0666667,0.029456,44.9863,0,true,urban,cooperative
18.1,normal,0.72381,10.1333,0.0564409,0.0266507,364.766,3043.27,nan,nan,nan,129,144,0,0,0.0511072,0.0233353,206.077,11,7,false,0.0666667,0.033664,54.8296,0,true,urban,cooperative
18.6,normal,0.685714,9.6,0.0536895,0.0260896,163.133,1546.92,nan,nan,nan,134,147,0,5,0.0489316,0.0225702,70.2476,11,7,false,0.05,0.025248,70.7789,0,true,urban,cooperative
19.1,normal,0.647619,9.06667,0.0541168,0.0266507,156.219,1546.92,nan,nan,nan,139,164,0,0,0.0470668,0.0218051,61.9095,11,7,false,0.0615385,0.033664,45.0236,0,true,urban,cooperative
19.6,normal,0.647619,9.06667,0.0554701,0.0272117,57.1827,148.932,nan,nan,nan,139,164,0,0,0.0391932,0.0183622,65.3818,11,7,false,0.1,0.054704,29.1807,0,true,urban,cooperative
20.1,normal,0.647619,9.06667,0.0589031,0.0305781,66.3679,162.37,nan,nan,nan,139,164,0,0,0.0381896,0.0191273,74.4743,11,7,false,0.125,0.06312,18.672,0,true,urban,cooperative
20.6,normal,0.647619,9.06667,0.0557049,0.029456,64.6409,126.624,nan,nan,nan,141,165,0,2,0.0333039,0.016832,72.8116,11,7,false,0.146154,0.079952,18.4906,0,true,urban,cooperative
21.1,normal,0.647619,9.06667,0.0655271,0.0331029,69.2188,171.24,nan,nan,nan,141,165,0,0,0.0436093,0.0214225,78.3544,11,7,false,0.161538,0.088368,20.428,0,true,urban,cooperative
21.6,normal,0.657143,9.2,0.0697803,0.0359083,85.4324,242.791,nan,nan,nan,142,179,0,0,0.0556444,0.0279258,99.2809,11,7,false,0.15,0.075744,27.0508,0,true,urban,cooperative
22.1,normal,0.657143,9.2,0.068133,0.0359083,81.3373,189.461,nan,nan,nan,142,179,0,0,0.0523492,0.0267782,93.8064,11,7,false,0.161538,0.088368,30.4664,0,true,urban,cooperative
22.6,normal,0.666667,9.33333,0.0763069,0.0401163,82.0836,190.761,nan,nan,nan,143,180,0,0,0.059183,0.0313687,94.005,11,7,false,0.176923,0.096784,29.7486,0,true,urban,cooperative
23.1,normal,0.695238,9.73333,0.0755671,0.0398357,90.0622,346.736,nan,nan,nan,147,196,0,20,0.0589902,0.0309862,105.149,11,7,false,0.2,0.100992,29.6398,0,true,urban,cooperative
23.6,normal,0.695238,9.73333,0.0758974,0.0409579,101.528,494.868,nan,nan,nan,147,196,0,0,0.0559441,0.0298385,121.189,11,7,false,0.223077,0.122032,31.5392,0,true,urban,cooperative
24.1,normal,0.714286,10,0.0781624,0.0415189,108.07,575.497,nan,nan,nan,150,212,0,0,0.057634,0.0309862,129.534,11,7,false,0.238462,0.130448,36.8278,0,true,urban,cooperative
24.6,normal,0.714286,10,0.0764103,0.0401163,146.611,1062.31,nan,nan,nan,150,212,0,0,0.0571678,0.0298385,183.301,11,7,false,0.225,0.113616,37.1421,0,true,urban,cooperative
25.1,normal,0.714286,10,0.0828846,0.0437632,85.6997,238.961,nan,nan,nan,150,212,0,0,0.0696678,0.0359593,97.9394,11,7,false,0.161538,0.088368,37.7043,0,true,urban,cooperative
25.6,normal,0.704762,9.86667,0.0816239,0.0423605,77.511,183.405,nan,nan,nan,151,212,0,0,0.0762238,0.0397847,85.9848,11,7,false,0.0692308,0.037872,33.7297,0,true,urban,cooperative
26.1,normal,0.704762,9.86667,0.0934188,0.0482517,67.1316,136.564,nan,nan,nan,151,212,0,0,0.0944639,0.0478182,70.2863,11,7,false,0.00833333,0.004208,39.4116,0,true,urban,cooperative
26.6,normal,0.704762,9.86667,0.101549,0.0513376,67.9639,118.421,nan,nan,nan,151,212,0,0,0.106308,0.0524087,65.702,11,7,false,0,0,100,0,true,urban,cooperative
27.1,normal,0.704762,9.86667,0.0948755,0.0488128,198.102,2106.53,nan,nan,nan,151,212,0,0,0.0968,0.0501135,243.811,11,7,false,0,0,100,0,true,urban,cooperative
27.6,normal,0.704762,9.86667,0.0951653,0.0499349,199.65,2106.53,nan,nan,nan,151,212,0,0,0.104596,0.0543215,245.853,11,7,false,0,0,100,0,true,urban,cooperative
28.1,normal,0.704762,9.86667,0.0883139,0.0460075,200.46,2106.53,nan,nan,nan,154,212,0,3,0.100848,0.0520262,247.328,11,7,false,0,0,100,0,true,urban,cooperative
28.6,normal,0.72381,10.1333,0.0941026,0.0502155,65.5244,100,nan,nan,nan,157,212,0,0,0.10711,0.0577644,63.1766,11,7,false,0,0,100,0,true,urban,cooperative
29.1,normal,0.771429,10.8,0.108538,0.0580704,66.0685,104.168,nan,nan,nan,164,228,0,3,0.116952,0.0624187,60.2946,12,7,false,0.00925926,0.004208,99.8506,0,true,urban,cooperative
29.6,normal,0.809524,11.3333,0.122445,0.0639616,282.694,2963.5,nan,nan,nan,169,229,0,0,0.131191,0.0680293,329.103,12,7,false,0.00854701,0.004208,99.8506,0,true,urban,cooperative
30.1,normal,0.847619,11.8667,0.130475,0.0692917,283.539,2963.5,nan,nan,nan,174,246,0,1,0.145979,0.0776862,314.512,13,7,false,0.042735,0.02104,60.2675,0,true,urban,cooperative
30.6,normal,0.847619,11.8667,0.119701,0.0636811,358.45,2963.5,nan,nan,nan,174,246,0,0,0.134626,0.0718597,395.293,13,7,false,0.037037,0.016832,50.3718,0,true,urban,cooperative
31.1,normal,0.866667,12.1333,0.111971,0.0580704,371.798,2963.5,nan,nan,nan,176,246,0,0,0.126567,0.0657095,417.43,13,7,false,0.034188,0.016832,50.3718,0,true,urban,cooperative
31.6,normal,0.866667,12.1333,0.0966239,0.0510571,180.167,1000.74,nan,nan,nan,176,246,0,0,0.108859,0.0576172,196.318,13,7,false,0.034188,0.016832,50.3718,0,true,urban,cooperative
32.1,normal,0.866667,12.1333,0.0815858,0.0437632,195.365,1000.74,nan,nan,nan,176,246,0,0,0.0941375,0.050496,210.036,13,7,false,0,0,100,0,true,urban,cooperative
32.6,normal,0.847619,11.8667,0.0889454,0.046288,137.133,457.877,nan,nan,nan,179,263,0,0,0.100148,0.0521145,143.786,13,7,false,0.0322581,0.016832,87.7733,0,true,urban,cooperative
33.1,normal,0.780952,10.9333,0.0747658,0.0398357,167.557,484.798,nan,nan,nan,189,281,0,0,0.0755931,0.0406773,188.816,12,7,false,0.0393701,0.02104,110.726,0,true,urban,cooperative
33.6,normal,0.761905,10.6667,0.0791453,0.0423605,172.624,475.64,nan,nan,nan,191,281,0,0,0.0838141,0.0448853,191.761,12,7,false,0.0583333,0.029456,155.861,0,true,urban,cooperative
34.1,normal,0.771429,10.8,0.0808974,0.0423605,177.23,439.699,nan,nan,nan,198,281,0,1,0.0921329,0.0478182,201.73,11,7,false,0.0846154,0.046288,207.991,0,true,urban,cooperative
34.6,normal,0.780952,10.9333,0.0821795,0.0446048,200.301,670.414,nan,nan,nan,201,282,0,0,0.0945804,0.0516436,221.976,11,7,false,0.0923077,0.050496,339.817,0,true,urban,cooperative
35.1,normal,0.8,11.2,0.0852137,0.0454464,195.234,670.414,nan,nan,nan,203,298,0,1,0.0864316,0.046288,210.424,12,7,false,0.133333,0.067328,264.182,0,true,urban,cooperative
35.6,normal,0.838095,11.7333,0.0814103,0.0426411,186.493,582.555,nan,nan,nan,208,299,0,0,0.083284,0.0433748,190.567,13,7,false,0.138462,0.075744,220.02,0,true,urban,cooperative
36.1,normal,0.857143,12,0.0784615,0.0423605,175.223,582.555,nan,nan,nan,211,315,0,0,0.0769231,0.0414326,185.414,13,7,false,0.176923,0.096784,117.973,0,true,urban,cooperative
36.6,normal,0.866667,12.1333,0.0724359,0.0384331,132.721,450.766,nan,nan,nan,212,331,0,0,0.0675542,0.0362535,142.016,13,7,false,0.208333,0.1052,44.6008,0,true,urban,cooperative
37.1,normal,0.866667,12.1333,0.0932183,0.0488128,131.558,450.766,nan,nan,nan,212,331,0,0,0.0903998,0.0469354,141.541,13,7,false,0.223077,0.122032,33.3334,0,true,urban,cooperative
37.6,normal,0.866667,12.1333,0.101957,0.0538624,104.539,411.008,nan,nan,nan,212,331,0,0,0.0969326,0.0508197,109.597,13,7,false,0.269231,0.14728,43.3349,0,true,urban,cooperative
38.1,normal,0.866667,12.1333,0.124316,0.0636811,99.8058,402.268,nan,nan,nan,212,331,0,0,0.121647,0.0624726,103.754,13,7,false,0.283333,0.143072,48.2822,0,true,urban,cooperative
38.6,normal,0.866667,12.1333,0.133932,0.0664864,95.1324,389.248,nan,nan,nan,212,331,0,0,0.134418,0.0657095,97.7001,13,7,false,0.261538,0.143072,56.8853,0,true,urban,cooperative
39.1,normal,0.866667,12.1333,0.123077,0.0625589,98.2074,372.477,nan,nan,nan,212,331,0,0,0.124852,0.0627963,100.775,13,7,false,0.223077,0.122032,63.0418,0,true,urban,cooperative
39.6,normal,0.866667,12.1333,0.112917,0.0572288,97.4057,374.475,nan,nan,nan,212,331,0,0,0.116827,0.0592357,99.6352,13,7,false,0.175,0.088368,65.8276,0,true,urban,cooperative
40.1,normal,0.866667,12.1333,0.113216,0.0561067,113.666,404.34,nan,nan,nan,212,331,0,0,0.120574,0.0592357,115.979,13,7,false,0.130769,0.071536,97.2696,0,true,urban,cooperative
40.6,normal,0.866667,12.1333,0.105,0.0533013,118.723,419.03,nan,nan,nan,212,331,0,0,0.114053,0.0576172,120.84,13,7,false,0.0923077,0.050496,109.933,0,true,urban,cooperative
41.1,normal,0.866667,12.1333,0.0976175,0.0496544,120.339,439.578,nan,nan,nan,212,331,0,0,0.103661,0.0527618,121.824,13,7,false,0.116667,0.058912,121.368,0,true,urban,cooperative
41.6,normal,0.866667,12.1333,0.0957158,0.0479712,123.624,445.972,nan,nan,nan,212,331,0,0,0.101566,0.050496,126.893,13,7,false,0.115385,0.06312,104.742,0,true,urban,cooperative
42.1,normal,0.866667,12.1333,0.0783461,0.0401163,128.532,434.072,nan,nan,nan,212,331,0,0,0.0815236,0.0414326,132.902,13,7,false,0.115385,0.06312,100.245,0,true,urban,cooperative
42.6,normal,0.866667,12.1333,0.0705348,0.0367499,124.05,423.65,nan,nan,nan,212,331,0,0,0.0729543,0.0381957,127.639,13,7,false,0.1,0.050496,125.261,0,true,urban,cooperative
43.1,normal,0.866667,12.1333,0.0704678,0.0364693,136.797,420.616,nan,nan,nan,212,331,0,0,0.0711018,0.0365772,135.385,13,7,false,0.123077,0.067328,215.758,0,true,urban,cooperative
43.6,normal,0.866667,12.1333,0.0694551,0.0373109,157.521,417.695,nan,nan,nan,212,331,0,0,0.0698718,0.0375483,150.568,13,7,false,0.123077,0.067328,329.257,0,true,urban,cooperative
44.1,normal,0.866667,12.1333,0.0732479,0.0389941,199.305,537.73,nan,nan,nan,212,331,0,0,0.0671105,0.0362535,195.887,13,7,false,0.216667,0.109408,366.862,0,true,urban,cooperative
44.6,normal,0.866667,12.1333,0.0730342,0.0381525,199.256,471.035,nan,nan,nan,212,331,0,0,0.0682939,0.0352825,193.056,13,7,false,0.207692,0.113616,379.12,0,true,urban,cooperative
45.1,normal,0.866667,12.1333,0.0683761,0.0370304,224.683,438.8,nan,nan,nan,212,331,0,0,0.0646943,0.0349588,220.023,13,7,false,0.184615,0.100992,409.941,0,true,urban,cooperative
45.6,normal,0.866667,12.1333,0.074359,0.0392747,283.774,634.961,nan,nan,nan,212,331,0,0,0.0716963,0.0381957,289.24,13,7,false,0.183333,0.092576,396.481,0,true,urban,cooperative
46.1,normal,0.866667,12.1333,0.0843483,0.0437632,286.004,674.599,nan,nan,nan,212,331,0,0,0.0854906,0.0440222,289.652,13,7,false,0.153846,0.08416,424.587,0,true,urban,cooperative
46.6,normal,0.866667,12.1333,0.0859615,0.0454464,281.528,694.33,nan,nan,nan,212,331,0,0,0.0849852,0.0446695,283,13,7,false,0.184615,0.100992,443.92,0,true,urban,cooperative
47.1,normal,0.847619,11.8667,0.0856237,0.0451659,276.353,696.602,nan,nan,nan,214,331,0,0,0.0789248,0.04208,278.3,13,7,false,0.258333,0.130448,427.385,0,true,urban,cooperative
47.6,normal,0.838095,11.7333,0.0806431,0.0417995,265.445,735.855,nan,nan,nan,215,331,0,0,0.0729314,0.0372246,265.917,13,7,false,0.261538,0.143072,424.75,0,true,urban,cooperative
48.1,normal,0.819048,11.4667,0.0658905,0.0350667,238.156,762.538,nan,nan,nan,217,331,0,0,0.0559091,0.029456,234.23,13,7,false,0.261538,0.143072,427.35,0,true,urban,cooperative
48.6,normal,0.790476,11.0667,0.0635816,0.0328224,238.166,822.793,nan,nan,nan,221,331,0,0,0.0560261,0.0291053,245.451,12,7,false,0.258333,0.130448,419.501,0,true,urban,cooperative
49.1,normal,0.780952,10.9333,0.0589642,0.029456,186.669,501.472,nan,nan,nan,222,331,0,0,0.0524445,0.0259493,177.77,12,7,false,0.216667,0.109408,432.222,0,true,urban,cooperative
49.6,normal,0.761905,10.6667,0.0607245,0.0300171,206.442,501.472,nan,nan,nan,224,331,0,1,0.0520961,0.0266507,205.726,12,7,false,0.219048,0.096784,413.155,0,true,urban,cooperative
50.1,normal,0.752381,10.5333,0.0704946,0.0317003,206.689,461.89,nan,nan,nan,225,331,0,0,0.0600276,0.029456,227.041,11,7,false,0.3125,0.1052,299.506,0,true,urban,cooperative
50.6,normal,0.72381,10.1333,0.0678741,0.0297365,206.625,527.547,nan,nan,nan,229,346,0,0,0.0573848,0.0267782,234.742,11,7,false,0.317647,0.113616,206.802,0,true,urban,cooperative
51.1,normal,0.714286,10,0.0623194,0.0288949,168.131,523.899,nan,nan,nan,230,346,0,0,0.0507704,0.025248,190.415,11,7,false,0.326316,0.130448,123.063,0,true,urban,cooperative
51.6,normal,0.695238,9.73333,0.0520838,0.0246869,150.772,535.712,nan,nan,nan,232,374,0,0,0.0446831,0.0218051,170.959,11,7,false,0.266667,0.117824,59.7739,0,true,urban,cooperative
52.1,normal,0.695238,9.73333,0.0511634,0.0255285,152.878,534.339,nan,nan,nan,232,374,0,0,0.0495884,0.0241004,171.034,11,7,false,0.214286,0.113616,32.3768,0,true,urban,cooperative
52.6,normal,0.695238,9.73333,0.0527442,0.0274923,147.246,536.009,nan,nan,nan,232,374,0,0,0.0519682,0.0271607,170.103,11,7,false,0.219512,0.113616,37.5618,0,true,urban,cooperative
53.1,normal,0.695238,9.73333,0.0582964,0.0297365,117.44,442.879,nan,nan,nan,232,374,0,0,0.0593425,0.0309862,130.472,11,7,false,0.190909,0.088368,38.5127,0,true,urban,cooperative
53.6,normal,0.695238,9.73333,0.0624751,0.0322613,166.986,499.567,nan,nan,nan,232,374,0,0,0.066623,0.0344291,199.56,11,7,false,0.119658,0.058912,38.2892,0,true,urban,cooperative
54.1,normal,0.695238,9.73333,0.0705093,0.0373109,176.968,519.138,nan,nan,nan,232,374,0,0,0.0715035,0.0386371,196.873,11,7,false,0.0940171,0.046288,143.576,0,true,urban,cooperative
54.6,normal,0.685714,9.6,0.0725783,0.0381525,185.719,516.709,nan,nan,nan,235,374,0,1,0.0801865,0.04208,186.871,11,7,false,0.0277778,0.012624,378.812,0,true,urban,cooperative
55.1,normal,0.685714,9.6,0.0771118,0.0392747,188.331,557.3,nan,nan,nan,235,374,0,0,0.0901369,0.0455229,174.172,11,7,false,0.017094,0.008416,557.3,0,true,urban,cooperative
55.6,normal,0.685714,9.6,0.0676318,0.0359083,187.685,574.438,nan,nan,nan,235,374,0,0,0.0821678,0.0439927,170.108,11,7,false,0.00854701,0.004208,574.438,0,true,urban,cooperative
56.1,normal,0.685714,9.6,0.0641583,0.0328224,160.026,581.005,nan,nan,nan,235,374,0,0,0.08609,0.0439927,177.302,11,7,false,0,0,100,0,true,urban,cooperative
56.6,normal,0.695238,9.73333,0.0655912,0.0311392,154.154,586.698,nan,nan,nan,236,375,0,0,0.0894425,0.0424625,173.847,11,7,false,0,0,100,0,true,urban,cooperative
57.1,normal,0.695238,9.73333,0.0639104,0.0308587,144.041,572.62,nan,nan,nan,236,375,0,0,0.0815684,0.0394022,165.812,11,7,false,0.0263158,0.012624,43.9196,0,true,urban,cooperative
57.6,normal,0.695238,9.73333,0.0707464,0.0319808,133.369,555.213,nan,nan,nan,236,375,0,0,0.0846401,0.0382545,152.966,11,7,false,0.0784314,0.033664,40.8659,0,true,urban,cooperative
58.1,normal,0.695238,9.73333,0.0729386,0.0319808,120.045,448.826,nan,nan,nan,236,375,0,0,0.081782,0.0355767,135.751,11,7,false,0.130841,0.058912,35.4145,0,true,urban,cooperative
58.6,normal,0.695238,9.73333,0.0694551,0.0311392,107.595,369.434,nan,nan,nan,236,375,0,0,0.0713287,0.0325164,118.934,11,7,false,0.163462,0.071536,32.8043,0,true,urban,cooperative
59.1,normal,0.695238,9.73333,0.0753953,0.0325419,120.921,294.107,nan,nan,nan,236,375,0,0,0.07331,0.0321338,113.945,11,7,false,0.21875,0.088368,41.0176,0,true,urban,cooperative
59.6,normal,0.695238,9.73333,0.0896581,0.0373109,126.098,304.984,nan,nan,nan,236,375,0,0,0.087296,0.0355767,109.946,11,7,false,0.173077,0.075744,42.6377,0,true,urban,cooperative
60.1,normal,0.695238,9.73333,0.0937286,0.0387136,118.444,304.984,nan,nan,nan,236,375,0,0,0.0846154,0.0348116,101.632,11,7,false,0.173077,0.075744,42.6653,0,true,urban,cooperative
60.6,normal,0.704762,9.86667,0.0912073,0.0373109,121.093,365.827,nan,nan,nan,237,376,0,0,0.0741841,0.029456,107.479,11,7,false,0.177083,0.071536,48.8394,0,true,urban,cooperative
61.1,normal,0.704762,9.86667,0.0737863,0.0317003,131.936,449.364,nan,nan,nan,237,376,0,0,0.054289,0.0229527,122.782,11,7,false,0.115385,0.050496,53.3209,0,true,urban,cooperative
61.6,normal,0.704762,9.86667,0.0520321,0.0232843,163.859,484.522,nan,nan,nan,237,376,0,0,0.0261538,0.0133891,177.107,11,7,false,0.0865385,0.037872,189.006,0,true,urban,cooperative
62.1,normal,0.695238,9.73333,0.0434875,0.0204789,232.547,552.632,nan,nan,nan,238,376,0,0,0.0228601,0.0114764,248.041,11,7,false,0.0784314,0.033664,421.989,0,true,urban,cooperative
62.6,normal,0.695238,9.73333,0.0400922,0.0196373,328.665,671.626,nan,nan,nan,238,376,0,0,0.0217657,0.0110938,304.207,11,7,false,0.059322,0.029456,671.626,0,true,urban,cooperative
63.1,normal,0.704762,9.86667,0.0446653,0.0218816,335.199,749.106,nan,nan,nan,239,377,0,0,0.0249924,0.0130065,304.841,11,7,false,0.0806452,0.04208,749.106,0,true,urban,cooperative
63.6,normal,0.704762,9.86667,0.0402849,0.0204789,355.116,780.517,nan,nan,nan,239,377,0,0,0.0261461,0.0133891,328.877,11,7,false,0.0916667,0.046288,780.517,0,true,urban,cooperative
64.1,normal,0.704762,9.86667,0.0467895,0.0238453,311.797,716.763,nan,nan,nan,239,377,0,0,0.0335591,0.016832,278.965,11,7,false,0.1,0.054704,716.763,0,true,urban,cooperative
64.6,normal,0.704762,9.86667,0.0482241,0.0249675,270.696,662.829,nan,nan,nan,239,377,0,0,0.036014,0.0195098,280.677,11,7,false,0.0846154,0.046288,662.829,0,true,urban,cooperative
65.1,normal,0.704762,9.86667,0.0446261,0.0232843,247.732,565.558,nan,nan,nan,239,377,0,0,0.0389423,0.0206575,259.726,11,7,false,0.0666667,0.033664,565.558,0,true,urban,cooperative
65.6,normal,0.714286,10,0.047259,0.0241259,234.127,523.459,nan,nan,nan,240,393,0,0,0.042688,0.0218051,243.584,11,7,false,0.0461538,0.025248,508.19,0,true,urban,cooperative
66.1,normal,0.714286,10,0.0458854,0.0227232,261.234,631.485,nan,nan,nan,240,393,0,0,0.0418963,0.0214225,231.572,11,7,false,0.0153846,0.008416,448.09,0,true,urban,cooperative
66.6,normal,0.714286,10,0.0509014,0.0249675,230.741,631.485,nan,nan,nan,240,393,0,0,0.0462175,0.0225702,184.487,11,7,false,0.0166667,0.008416,467.83,0,true,urban,cooperative
67.1,normal,0.714286,10,0.0562833,0.0272117,229.902,631.485,nan,nan,nan,240,393,0,0,0.0504097,0.0237178,186.004,11,7,false,0.0153846,0.008416,467.83,0,true,urban,cooperative
67.6,normal,0.714286,10,0.0567763,0.0266507,237.952,631.485,nan,nan,nan,240,393,0,0,0.0474965,0.0229527,200.033,11,7,false,0.00769231,0.004208,453.537,0,true,urban,cooperative
68.1,normal,0.72381,10.1333,0.0541925,0.0260896,201.775,453.537,nan,nan,nan,241,409,0,0,0.0492852,0.0241004,200.681,11,7,false,0.00833333,0.004208,453.537,0,true,urban,cooperative
68.6,normal,0.72381,10.1333,0.0509383,0.0227232,155.927,447.577,nan,nan,nan,241,409,0,0,0.0442865,0.0218051,174.688,11,7,false,0,0,100,0,true,urban,cooperative
69.1,normal,0.72381,10.1333,0.0665634,0.0277728,187.439,520.476,nan,nan,nan,241,409,0,0,0.0583673,0.0271607,212.211,11,7,false,0.0230769,0.012624,36.4202,0,true,urban,cooperative
69.6,normal,0.72381,10.1333,0.0818697,0.033664,185.883,589.702,nan,nan,nan,241,409,0,0,0.0730624,0.0313687,217.568,11,7,false,0.0666667,0.033664,37.9799,0,true,urban,cooperative
70.1,normal,0.72381,10.1333,0.0902671,0.0356277,187.956,657.37,nan,nan,nan,241,409,0,0,0.076588,0.029456,226.327,11,7,false,0.138462,0.075744,27.3815,0,true,urban,cooperative
70.6,normal,0.742857,10.4,0.102982,0.0412384,173.154,520.133,nan,nan,nan,243,423,0,0,0.0797071,0.0317513,207.654,11,7,false,0.184615,0.100992,32.9312,0,true,urban,cooperative
71.1,normal,0.752381,10.5333,0.100186,0.04208,121.747,452.127,nan,nan,nan,244,423,0,0,0.0703004,0.029456,141.092,11,7,false,0.233333,0.117824,72.5483,0,true,urban,cooperative
71.6,normal,0.752381,10.5333,0.0901573,0.0389941,108.668,415.859,nan,nan,nan,244,423,0,0,0.0596551,0.0248655,120.711,11,7,false,0.246154,0.134656,108.819,0,true,urban,cooperative
72.1,normal,0.761905,10.6667,0.0937861,0.0417995,102.896,380.623,nan,nan,nan,245,423,0,0,0.0611377,0.0279258,112.63,11,7,false,0.276923,0.151488,116.431,0,true,urban,cooperative
72.6,normal,0.761905,10.6667,0.0900923,0.0423605,90.0373,162.821,nan,nan,nan,245,423,0,0,0.0637217,0.0302211,93.5218,11,7,false,0.283333,0.143072,133.343,0,true,urban,cooperative
73.1,normal,0.761905,10.6667,0.0827936,0.0395552,96.2312,217.209,nan,nan,nan,245,423,0,0,0.0689262,0.0325164,101.812,11,7,false,0.215385,0.117824,137.851,0,true,urban,cooperative
73.6,normal,0.761905,10.6667,0.0827265,0.0398357,106.772,244.314,nan,nan,nan,245,423,0,0,0.0753846,0.0367244,112.482,11,7,false,0.2,0.109408,169.953,0,true,urban,cooperative
74.1,normal,0.761905,10.6667,0.0748575,0.0356277,118.731,315.863,nan,nan,nan,245,423,0,0,0.0729409,0.0348116,123.033,11,7,false,0.191667,0.096784,211.169,0,true,urban,cooperative
74.6,normal,0.761905,10.6667,0.0697039,0.0325419,117.284,281.851,nan,nan,nan,245,423,0,0,0.0749709,0.0340465,121.176,11,7,false,0.192308,0.1052,193.26,0,true,urban,cooperative
75.1,normal,0.771429,10.8,0.0656617,0.0308587,107.045,193.475,nan,nan,nan,246,423,0,1,0.0660515,0.0298067,102.365,12,7,false,0.192308,0.1052,177.302,0,true,urban,cooperative
75.6,normal,0.771429,10.8,0.0576772,0.0269312,99.4528,154.634,nan,nan,nan,246,423,0,0,0.0582076,0.0266507,94.7839,12,7,false,0.166667,0.08416,154.385,0,true,urban,cooperative
76.1,normal,0.771429,10.8,0.050933,0.0263701,102.541,165.541,nan,nan,nan,246,423,0,0,0.0521278,0.0266507,97.7142,12,7,false,0.138462,0.075744,165.541,0,true,urban,cooperative
76.6,normal,0.771429,10.8,0.056347,0.0269312,103.354,207.647,nan,nan,nan,246,423,0,0,0.0569722,0.0263,97.7831,12,7,false,0.161538,0.088368,176.906,0,true,urban,cooperative
77.1,normal,0.780952,10.9333,0.0636404,0.0300171,117.054,236.227,nan,nan,nan,247,423,0,0,0.0649672,0.0301573,113.336,12,7,false,0.175,0.088368,195.784,0,true,urban,cooperative
77.6,normal,0.780952,10.9333,0.073529,0.0342251,134.176,316.603,nan,nan,nan,247,423,0,0,0.0784497,0.0354173,134.759,12,7,false,0.161538,0.088368,195.534,0,true,urban,cooperative
78.1,normal,0.780952,10.9333,0.0739638,0.037872,142.189,387.148,nan,nan,nan,247,423,0,0,0.0777112,0.0392747,145.721,12,7,false,0.176923,0.096784,184.195,0,true,urban,cooperative
78.6,normal,0.780952,10.9333,0.0692165,0.0361888,131.762,414.917,nan,nan,nan,247,423,0,0,0.0719373,0.037872,133.426,12,7,false,0.175,0.088368,175.307,0,true,urban,cooperative
79.1,normal,0.780952,10.9333,0.0752707,0.0364693,135.693,433.937,nan,nan,nan,247,423,0,0,0.0812678,0.0385733,140.604,12,7,false,0.153846,0.08416,148.156,0,true,urban,cooperative
79.6,normal,0.780952,10.9333,0.0735946,0.0353472,142.4,433.713,nan,nan,nan,247,423,0,0,0.0810958,0.0382227,147.516,12,7,false,0.130769,0.071536,165.81,0,true,urban,cooperative
80.1,recovery,0.666667,9.33333,0.0765982,0.0348663,150.743,448.706,0.1,nan,nan,263,423,1,1.25,0.0893646,0.0406773,159.2,12,7,true,0.158333,0.079952,279.994,0,true,urban,cooperative
80.6,recovery,0.666667,9.33333,0.085989,0.0363691,161.077,434.742,0.1,nan,nan,263,423,2,1.25,0.100321,0.0424307,171.256,12,7,true,0.222222,0.08416,334.31,0,true,urban,cooperative
81.1,recovery,0.666667,9.33333,0.0845534,0.0369703,172.194,430.436,0.1,nan,nan,263,423,3,1.25,0.0986456,0.043132,184.226,12,7,true,0.233333,0.058912,394.527,0,true,urban,cooperative
81.6,recovery,0.666667,9.33333,0.0815946,0.0354674,242.11,852.316,0.1,nan,nan,263,423,4,1.25,0.0944815,0.041028,203.102,12,7,true,0.55,0.046288,405.641,0,true,urban,cooperative
82.1,recovery,0.666667,9.33333,0.0803763,0.0348663,248.43,852.316,0.1,nan,nan,263,423,5,1.25,0.0930414,0.0403267,210.476,12,7,true,0,0.004208,398.601,0,true,urban,cooperative
82.6,recovery,0.666667,9.33333,0.0740646,0.033664,203.576,639.822,0.1,nan,nan,263,423,6,1.25,0.0831408,0.037872,175.854,12,7,true,0,0,100,0,true,urban,cooperative
83.1,recovery,0.666667,9.33333,0.0743063,0.0342651,197.055,639.822,0.1,nan,nan,263,423,7,1.25,0.0835754,0.0385733,168.246,12,7,true,0,0,100,0,true,urban,cooperative
83.6,recovery,0.666667,9.33333,0.0679316,0.0318606,190.586,568.99,0.1,nan,nan,263,423,8,1.25,0.0768497,0.0361187,166.601,12,7,true,0,0,100,0,true,urban,cooperative
84.1,recovery,0.666667,9.33333,0.0642092,0.0312594,178.755,562.516,0.1,nan,nan,263,423,9,1.25,0.0740427,0.0361187,153.337,12,7,true,0,0,100,0,true,urban,cooperative
84.6,recovery,0.666667,9.33333,0.0633293,0.0321611,150.142,567.487,0.1,nan,nan,263,423,10,1.25,0.0738841,0.0375213,158.499,12,7,true,0,0,100,0,true,urban,cooperative
85.1,recovery,0.666667,9.33333,0.0615147,0.0297566,152.208,567.487,0.1,nan,nan,263,423,11,1.25,0.0717671,0.034716,160.909,12,7,true,0,0,100,0,true,urban,cooperative
85.6,recovery,0.666667,9.33333,0.0715993,0.0339646,153.703,488.019,0.1,nan,nan,263,423,12,1.25,0.0835325,0.0396253,162.654,12,7,true,0,0,100,0,true,urban,cooperative
86.1,recovery,0.666667,9.33333,0.0684742,0.0318606,165.643,494.871,0.1,nan,nan,263,423,13,1.25,0.0798865,0.0371707,176.583,12,7,true,0,0,100,0,true,urban,cooperative
86.6,recovery,0.666667,9.33333,0.074627,0.0324617,204.416,494.871,0.1,nan,nan,263,423,14,1.25,0.0857627,0.0375213,189.241,12,7,true,0,0,100,0,true,urban,cooperative
87.1,recovery,0.666667,9.33333,0.0628089,0.0300571,207.306,505.899,0.1,nan,nan,263,423,15,1.25,0.0721197,0.034716,192.613,12,7,true,0,0,100,0,true,urban,cooperative
87.6,recovery,0.666667,9.33333,0.0515204,0.0270514,182.745,490.927,0.1,nan,nan,263,423,16,1.25,0.0592013,0.0312093,163.958,12,7,true,0,0,100,0,true,urban,cooperative
88.1,recovery,0.666667,9.33333,0.0523851,0.0264503,198.928,490.927,0.1,nan,nan,263,423,17,1.25,0.0603146,0.030508,182.838,12,7,true,0,0,100,0,true,urban,cooperative
88.6,recovery,0.666667,9.33333,0.0479968,0.0261497,269.238,990.819,0.1,nan,nan,263,423,18,1.25,0.0551282,0.0301573,223.209,12,7,true,0,0,100,0,true,urban,cooperative
89.1,recovery,0.666667,9.33333,0.0494983,0.0261497,294.983,990.819,0.1,nan,nan,263,423,19,1.25,0.0569468,0.0301573,253.245,12,7,true,0,0,100,0,true,urban,cooperative
89.6,recovery,0.666667,9.33333,0.0515568,0.0243463,302.393,990.819,0.1,nan,nan,263,423,20,1.25,0.0593483,0.0280533,261.89,12,7,true,0,0,100,0,true,urban,cooperative
90.1,recovery,0.657143,9.2,0.0521864,0.0237451,309.361,990.819,0.1,nan,nan,264,423,21,1.25,0.060016,0.027352,270.02,12,7,true,0,0,100,0,true,urban,cooperative
90.6,recovery,0.666667,9.33333,0.0667125,0.0258491,274.952,647.506,0.1,nan,nan,265,423,22,1.25,0.0746261,0.0287547,309.754,12,7,true,0,0,100,0,true,urban,cooperative
91.1,recovery,0.666667,9.33333,0.0761943,0.0270514,216.175,454.879,0.1,nan,nan,265,423,23,1.25,0.0824831,0.0287547,240.985,12,7,true,0,0,100,0,true,urban,cooperative
91.6,recovery,0.666667,9.33333,0.0739356,0.0279531,233.423,466.167,0.1,nan,nan,265,423,24,1.25,0.0758416,0.028404,260.425,12,7,true,0,0,100,0,true,urban,cooperative
92.1,recovery,0.666667,9.33333,0.075844,0.0291554,200.876,478.768,0.1,nan,nan,265,423,25,1.25,0.0736037,0.0270013,222.709,12,7,true,0,0,100,0,true,urban,cooperative
92.6,recovery,0.666667,9.33333,0.0772565,0.0279531,167.231,501.716,0.1,nan,nan,265,423,26,1.25,0.0724772,0.0238453,183.223,12,7,true,0,0,100,0,true,urban,cooperative
93.1,recovery,0.666667,9.33333,0.0717146,0.0288549,125.309,479.638,0.1,nan,nan,265,423,27,1.25,0.0642705,0.024196,133.203,12,7,true,0,0,100,0,true,urban,cooperative
93.6,recovery,0.67619,9.46667,0.0662637,0.0300571,147.689,497.667,0.1,nan,nan,266,439,28,1.25,0.0587179,0.0248973,159.153,12,7,true,0,0,100,0,true,urban,cooperative
94.1,recovery,0.685714,9.6,0.0585394,0.0276526,141.586,481.814,0.1,nan,nan,267,455,29,18.25,0.0522703,0.0234947,152.304,12,7,true,0,0,100,0,true,urban,cooperative
94.6,recovery,0.695238,9.73333,0.0483516,0.0258491,151.128,514.442,0.1,nan,nan,268,455,30,1.25,0.0418269,0.0227933,163.373,12,7,true,0,0,100,0,true,urban,cooperative
95.1,recovery,0.704762,9.86667,0.0608064,0.0288549,104.721,463.263,0.1,nan,nan,269,455,31,1.25,0.0542741,0.0245467,110.786,12,7,true,0,0,100,0,true,urban,cooperative
95.6,recovery,0.714286,10,0.079195,0.03156,106.627,449.067,0.1,nan,nan,270,455,32,2.25,0.0770096,0.028404,113.238,12,7,true,0,0,100,0,true,urban,cooperative
96.1,recovery,0.72381,10.1333,0.0886741,0.033664,109.065,472.371,0.1,nan,nan,271,455,33,1.25,0.0826198,0.0287547,116.185,12,7,true,0,0,100,0,true,urban,cooperative
96.6,recovery,0.733333,10.2667,0.0921016,0.0354674,111.166,472.371,0.1,nan,nan,272,471,34,18.25,0.0888622,0.0312093,119.234,12,7,true,0,0,100,0,true,urban,cooperative
97.1,recovery,0.752381,10.5333,0.0851125,0.029456,90.0009,194.071,0.1,nan,nan,274,472,35,1.25,0.0858364,0.0270013,94.042,12,7,true,0,0,100,0,true,urban,cooperative
97.6,recovery,0.771429,10.8,0.0786548,0.0279531,101.234,268.739,0.1,nan,nan,276,472,36,1.25,0.0806528,0.0270013,99.9983,12,7,true,0,0,100,0,true,urban,cooperative
98.1,recovery,0.780952,10.9333,0.0781504,0.0288549,182.009,811.662,0.1,nan,nan,277,472,37,1.25,0.0854063,0.030508,188.234,12,7,true,0,0,100,0,true,urban,cooperative
98.6,recovery,0.780952,10.9333,0.0851954,0.0309589,205.111,853.799,0.1,nan,nan,277,472,38,1.25,0.0936254,0.0329627,210.268,12,7,true,0,0,100,0,true,urban,cooperative
99.1,recovery,0.8,11.2,0.0788309,0.0318606,215.749,885.073,0.1,nan,nan,280,472,39,1.25,0.0829416,0.032612,229.986,12,7,true,0,0,100,0,true,urban,cooperative
99.6,recovery,0.809524,11.3333,0.0756716,0.03156,249.944,874.37,0.1,nan,nan,281,472,40,1.25,0.0799501,0.0322613,274.998,12,7,true,0,0,100,0,true,urban,cooperative
100.1,recovery,0.809524,11.3333,0.0831654,0.0318606,253.056,892.37,0.1,nan,nan,281,472,41,1.25,0.0867699,0.03156,279.192,12,7,true,0,0,100,0,true,urban,cooperative
100.6,recovery,0.809524,11.3333,0.0847833,0.0348663,236.212,892.992,0.1,nan,nan,281,472,42,1.25,0.0864138,0.0343653,262.123,12,7,true,0,0,100,0,true,urban,cooperative
101.1,recovery,0.809524,11.3333,0.0814255,0.0339646,221.214,911.794,0.1,nan,nan,281,472,43,1.25,0.0853811,0.0343653,245.855,12,7,true,0,0,100,0,true,urban,cooperative
101.6,recovery,0.752381,10.5333,0.0875,0.0348663,203.377,885.404,0.1,nan,nan,289,504,44,20.25,0.0886218,0.0333133,223.963,12,7,true,0,0,100,0,true,urban,cooperative
102.1,recovery,0.733333,10.2667,0.0820295,0.0342651,185.283,738.616,0.1,nan,nan,294,504,45,1.25,0.0804233,0.0322613,202.414,12,7,true,0,0,100,0,true,urban,cooperative
102.6,recovery,0.704762,9.86667,0.0728291,0.0312594,149.282,615.01,0.1,nan,nan,302,504,46,2.25,0.0747109,0.0308587,159.656,12,7,true,0,0,100,0,true,urban,cooperative
103.1,recovery,0.67619,9.46667,0.0707687,0.0291554,141.056,506.3,0.1,nan,nan,305,505,47,1.25,0.0742302,0.029456,150.129,12,7,true,0,0,100,0,true,urban,cooperative
103.6,recovery,0.657143,9.2,0.0660256,0.0285543,176.334,545.894,0.1,nan,nan,307,505,48,1.25,0.069391,0.0298067,179.89,12,7,true,0,0,100,0,true,urban,cooperative
104.1,recovery,0.590476,8.26667,0.068109,0.0279531,186.825,555.43,0.1,nan,nan,316,521,49,6.25,0.0754541,0.0308587,187.18,12,7,true,0,0,100,0,true,urban,cooperative
104.6,recovery,0.571429,8,0.0762363,0.0285543,194.401,530.907,0.1,nan,nan,318,521,50,1.25,0.0833333,0.0308587,194.583,12,7,true,0,0,100,0,true,urban,cooperative
105.1,recovery,0.561905,7.86667,0.0709936,0.0267509,200.01,529.932,0.1,nan,nan,319,521,51,1.25,0.0776175,0.0291053,198.561,12,7,true,0,0,100,0,true,urban,cooperative
105.6,recovery,0.533333,7.46667,0.0852335,0.0309589,235.632,617.415,0.1,nan,nan,323,535,52,1.25,0.0933494,0.0333133,205.495,12,7,true,0,0,100,0,true,urban,cooperative
106.1,recovery,0.52381,7.33333,0.0824634,0.0288549,234.487,579.727,0.1,nan,nan,324,536,53,1.25,0.0889957,0.0301573,203.378,12,7,true,0,0,100,0,true,urban,cooperative
106.6,recovery,0.52381,7.33333,0.0755151,0.0297566,222.055,539.291,0.1,nan,nan,324,536,54,1.25,0.079594,0.0308587,194.088,12,7,true,0,0,100,0,true,urban,cooperative
107.1,recovery,0.504762,7.06667,0.0757012,0.0288549,218.156,506.623,0.1,nan,nan,326,539,55,4.25,0.0822398,0.030508,190.114,12,7,true,0,0,100,0,true,urban,cooperative
107.6,recovery,0.485714,6.8,0.0750652,0.027352,224.166,601.187,0.1,nan,nan,328,556,56,1.25,0.0803292,0.0280533,187.769,12,7,true,0,0,100,0,true,urban,cooperative
108.1,recovery,0.485714,6.8,0.0729791,0.0288549,235.693,701.871,0.1,nan,nan,328,556,57,1.25,0.0788444,0.030508,185.7,12,7,true,0,0,100,0,true,urban,cooperative
108.6,recovery,0.485714,6.8,0.0801282,0.0318606,244.763,762.702,0.1,nan,nan,328,556,58,1.25,0.0864316,0.0333133,176.752,12,7,true,0,0,100,0,true,urban,cooperative
109.1,recovery,0.485714,6.8,0.0804029,0.0333634,204.627,675.034,0.1,nan,nan,328,556,59,1.25,0.0861111,0.034716,174.146,12,7,true,0,0,100,0,true,urban,cooperative
109.6,recovery,0.485714,6.8,0.0766941,0.0348663,194.349,538.12,0.1,nan,nan,328,556,60,1.25,0.0797543,0.035768,178.317,12,7,true,0,0,100,0,true,urban,cooperative
110.1,recovery,0.485714,6.8,0.0635073,0.03156,181.453,552.827,0.1,nan,nan,328,556,61,1.25,0.0638355,0.0312093,172.907,12,7,true,0,0,100,0,true,urban,cooperative
110.6,recovery,0.485714,6.8,0.0633242,0.0312594,125.704,384.706,0.1,nan,nan,328,556,62,1.25,0.0642628,0.0312093,117.715,12,7,true,0,0,100,0,true,urban,cooperative
111.1,recovery,0.485714,6.8,0.0593137,0.0303577,118.83,376.549,0.1,nan,nan,328,556,63,1.25,0.0587827,0.0301573,114.17,12,7,true,0,0,100,0,true,urban,cooperative
111.6,recovery,0.485714,6.8,0.0556319,0.0291554,112.42,369.317,0.1,nan,nan,328,556,64,1.25,0.0584936,0.030508,110.14,12,7,true,0,0,100,0,true,urban,cooperative
112.1,recovery,0.485714,6.8,0.0596404,0.0300571,117.646,355.506,0.1,nan,nan,328,556,65,1.25,0.0618881,0.0308587,114.319,12,7,true,0,0,100,0,true,urban,cooperative
112.6,recovery,0.485714,6.8,0.0562112,0.0300571,122.048,381.389,0.1,nan,nan,328,556,66,1.25,0.0572464,0.0308587,117.492,12,7,true,0,0,100,0,true,urban,cooperative
113.1,recovery,0.485714,6.8,0.0564727,0.0300571,131.987,403.12,0.1,nan,nan,328,556,67,1.25,0.0607566,0.0322613,126.703,12,7,true,0,0,100,0,true,urban,cooperative
113.6,recovery,0.485714,6.8,0.0612637,0.0306583,139.266,404.926,0.1,nan,nan,328,556,68,1.25,0.0660256,0.0329627,131.677,12,7,true,0,0,100,0,true,urban,cooperative
114.1,recovery,0.495238,6.93333,0.0564332,0.0288549,141.738,425.983,0.1,nan,nan,329,572,69,1.25,0.0627137,0.0322613,134.537,12,7,true,0,0,100,0,true,urban,cooperative
114.6,recovery,0.495238,6.93333,0.0563301,0.0291554,145.46,435.925,0.1,nan,nan,329,572,70,1.25,0.0639824,0.0333133,150.478,12,7,true,0,0,100,0,true,urban,cooperative
115.1,recovery,0.504762,7.06667,0.0516026,0.0255486,146.903,469.486,0.1,nan,nan,330,584,71,1.25,0.060203,0.0298067,154.72,12,7,true,0,0,100,0,true,urban,cooperative
115.6,recovery,0.52381,7.33333,0.0447802,0.023144,316.119,2343.27,0.1,nan,nan,332,597,72,1.25,0.0508547,0.0263,165.199,12,7,true,0,0,100,0,true,urban,cooperative
116.1,recovery,0.533333,7.46667,0.0435325,0.0225429,339.394,2343.27,0.1,nan,nan,333,598,73,3.25,0.0495059,0.0255987,192.355,12,7,true,0,0,100,0,true,urban,cooperative
116.6,recovery,0.561905,7.86667,0.0475847,0.0237451,356.575,2343.27,0.1,nan,nan,336,599,74,1.25,0.0542334,0.0270013,212.399,12,7,true,0,0,100,0,true,urban,cooperative
117.1,recovery,0.580952,8.13333,0.0552783,0.0288549,355.316,2343.27,0.1,nan,nan,338,600,75,3.25,0.0631025,0.0329627,210.929,12,7,true,0,0,100,0,true,urban,cooperative
117.6,recovery,0.609524,8.53333,0.049767,0.0261497,195.208,456.078,0.1,nan,nan,342,600,76,1.25,0.0580615,0.030508,211.076,12,7,true,0,0,100,0,true,urban,cooperative
118.1,recovery,0.609524,8.53333,0.0498054,0.0249474,183.043,477.604,0.1,nan,nan,342,600,77,1.25,0.0581063,0.0291053,196.883,12,7,true,0,0,100,0,true,urban,cooperative
118.6,recovery,0.609524,8.53333,0.0418713,0.02104,257.705,878.468,0.1,nan,nan,342,600,78,1.25,0.046072,0.023144,219.116,12,7,true,0,0,100,0,true,urban,cooperative
119.1,recovery,0.647619,9.06667,0.0365309,0.0186354,243.269,845.35,0.1,nan,nan,347,614,79,1.25,0.0362091,0.0182347,219.839,12,7,true,0,0,100,0,true,urban,cooperative
119.6,recovery,0.647619,9.06667,0.0386981,0.018936,245.24,878.11,0.1,nan,nan,350,615,80,1.25,0.0361734,0.0171827,226.841,12,7,true,0,0,100,0,true,urban,cooperative
120.1,recovery,0.752381,10.5333,0.0393626,0.0193568,447.989,3299.57,0.1,nan,nan,364,615,81,1.25,0.0283227,0.014728,575.033,10,7,false,0,0,100,0,true,urban,cooperative
120.6,recovery,0.742857,10.4,0.0345299,0.0179541,446.608,3299.57,0.1,nan,nan,365,615,82,1.25,0.0215385,0.0117824,577.749,10,7,false,0,0,100,0,true,urban,cooperative
121.1,recovery,0.752381,10.5333,0.0378718,0.0190763,469.546,3299.57,0.1,nan,nan,371,631,83,1.25,0.0265385,0.0134656,604.057,10,7,false,0,0,100,0,true,urban,cooperative
121.6,recovery,0.752381,10.5333,0.0431334,0.02104,279.406,764.132,0.1,nan,nan,376,632,84,1.25,0.0240239,0.0130065,299.227,11,7,false,0,0,100,0,true,urban,cooperative
122.1,recovery,0.752381,10.5333,0.0429609,0.0213205,275.956,776.433,0.1,nan,nan,378,633,85,1.25,0.0279928,0.0145367,287.635,11,7,false,0,0,100,0,true,urban,cooperative
122.6,recovery,0.742857,10.4,0.069091,0.0230037,262.888,890.241,0.1,nan,nan,379,634,86,1.25,0.0323802,0.0164495,300.172,11,7,false,0.4,0.016832,39.3211,0,true,urban,cooperative
123.1,recovery,0.771429,10.8,0.0558459,0.025248,270.946,910.195,0.1,nan,nan,385,648,87,1.25,0.0363154,0.0191273,292.795,11,7,false,0.15,0.025248,29.594,0,true,urban,cooperative
123.6,recovery,0.780952,10.9333,0.0534554,0.0266507,262.047,909.809,0.1,nan,nan,386,648,88,1.25,0.0375291,0.0202749,273.821,11,7,false,0.142857,0.04208,99.0959,0,true,urban,cooperative
124.1,recovery,0.780952,10.9333,0.0469814,0.0244064,268.124,926.162,0.1,nan,nan,386,648,89,1.25,0.033042,0.0172145,269.849,11,7,false,0.118182,0.054704,173.831,0,true,urban,cooperative
124.6,recovery,0.780952,10.9333,0.0486399,0.025248,269.322,905.957,0.1,nan,nan,386,648,90,1.25,0.0301865,0.0160669,257.465,11,7,false,0.107692,0.058912,289.174,0,true,urban,cooperative
125.1,recovery,0.780952,10.9333,0.0399534,0.0204789,266.634,905.957,0.1,nan,nan,388,648,91,2.25,0.0223291,0.0119227,231.076,12,7,false,0.116667,0.058912,363.069,0,true,urban,cooperative
125.6,recovery,0.780952,10.9333,0.0350738,0.0182347,280.889,757.644,0.1,nan,nan,388,648,92,1.25,0.017735,0.009468,242.081,12,7,false,0.130769,0.071536,410.03,0,true,urban,cooperative
126.1,recovery,0.771429,10.8,0.0312393,0.0154293,301.823,649.775,0.1,nan,nan,389,648,93,1.25,0.017735,0.00876667,268.069,12,7,false,0.130769,0.071536,418.194,0,true,urban,cooperative
126.6,recovery,0.771429,10.8,0.0278291,0.0137461,307.412,800.821,0.1,nan,nan,389,648,94,1.25,0.020203,0.00981867,273.975,12,7,false,0.125,0.06312,422.654,0,true,urban,cooperative
127.1,recovery,0.780952,10.9333,0.0330489,0.0171125,337.81,836.103,0.1,nan,nan,390,648,95,1.25,0.0272086,0.013676,307.936,12,7,false,0.123077,0.067328,435.814,0,true,urban,cooperative
127.6,recovery,0.780952,10.9333,0.0361993,0.0187957,387.911,817.889,0.1,nan,nan,390,648,96,1.25,0.0300782,0.0154293,368.468,12,7,false,0.115385,0.06312,479.165,0,true,urban,cooperative
128.1,recovery,0.780952,10.9333,0.0380791,0.0199179,376.989,756.913,0.1,nan,nan,390,648,97,1.25,0.0294899,0.0154293,359.968,12,7,false,0.125,0.06312,478.308,0,true,urban,cooperative
128.6,recovery,0.780952,10.9333,0.0381303,0.0196373,413.05,957.558,0.1,nan,nan,390,648,98,1.25,0.0293937,0.014728,336.815,12,7,false,0.115385,0.06312,485.097,0,true,urban,cooperative
129.1,recovery,0.780952,10.9333,0.0338462,0.016832,359.255,1009.61,0.1,nan,nan,390,648,99,1.25,0.0243723,0.0119227,269.939,12,7,false,0.0923077,0.050496,490.267,0,true,urban,cooperative
129.6,recovery,0.780952,10.9333,0.0334615,0.016832,369,1009.61,0.1,nan,nan,390,648,100,1.25,0.0255876,0.012624,293.383,12,7,false,0.0583333,0.029456,446.764,0,true,urban,cooperative
130.1,recovery,0.780952,10.9333,0.0329487,0.0162709,368.17,1042.54,0.1,nan,nan,390,648,101,1.25,0.0274038,0.0129747,293.765,12,7,false,0.0538462,0.029456,439.621,0,true,urban,cooperative
130.6,recovery,0.780952,10.9333,0.0320192,0.0157099,374.471,1113.71,0.1,nan,nan,390,648,102,1.25,0.0263355,0.012624,301.476,12,7,false,0.0538462,0.029456,445.169,0,true,urban,cooperative
131.1,recovery,0.780952,10.9333,0.0336111,0.0165515,284.377,862.781,0.1,nan,nan,390,648,103,1.25,0.031437,0.0150787,274.143,12,7,false,0.05,0.025248,431.359,0,true,urban,cooperative
131.6,recovery,0.780952,10.9333,0.038312,0.0190763,327.074,809.412,0.1,nan,nan,390,648,104,1.25,0.0323451,0.0154293,265.828,12,7,false,0.0692308,0.037872,431.624,0,true,urban,cooperative
132.1,recovery,0.780952,10.9333,0.0469426,0.0235648,355.576,829.645,0.1,nan,nan,390,648,105,1.25,0.0389,0.0192867,297.05,12,7,false,0.0769231,0.04208,446.584,0,true,urban,cooperative
132.6,recovery,0.780952,10.9333,0.0563163,0.0286144,393.96,819.593,0.1,nan,nan,390,648,106,1.25,0.0472117,0.0234947,340.392,12,7,false,0.0916667,0.046288,480.025,0,true,urban,cooperative
133.1,recovery,0.780952,10.9333,0.0581233,0.0291755,415.537,871.617,0.1,nan,nan,390,648,107,1.25,0.0447182,0.0217413,362.354,12,7,false,0.1,0.054704,474.152,0,true,urban,cooperative
133.6,recovery,0.780952,10.9333,0.0606118,0.0291755,425.184,893.781,0.1,nan,nan,390,648,108,1.25,0.048531,0.0227933,372.817,12,7,false,0.107692,0.058912,456.659,0,true,urban,cooperative
134.1,recovery,0.780952,10.9333,0.0568509,0.0266507,453.993,893.781,0.1,nan,nan,390,648,109,1.25,0.0479567,0.0213907,408.82,12,7,false,0.0916667,0.046288,423.846,0,true,urban,cooperative
134.6,recovery,0.780952,10.9333,0.0514261,0.0238453,398.956,874.594,0.1,nan,nan,390,648,110,1.25,0.0429621,0.0185853,344.939,12,7,false,0.0846154,0.046288,423.71,0,true,urban,cooperative
135.1,recovery,0.780952,10.9333,0.0500192,0.0227232,434.047,881.075,0.1,nan,nan,390,648,111,1.25,0.0442415,0.018936,385.285,12,7,false,0.0923077,0.050496,431.312,0,true,urban,cooperative
135.6,recovery,0.780952,10.9333,0.0508032,0.0230037,429.973,869.79,0.1,nan,nan,390,648,112,1.25,0.042457,0.017884,383.484,12,7,false,0.158333,0.079952,300.956,0,true,urban,cooperative
136.1,recovery,0.780952,10.9333,0.0563017,0.0246869,470.842,896.195,0.1,nan,nan,390,648,113,1.25,0.0458579,0.0175333,433.431,12,7,false,0.215385,0.117824,264.774,0,true,urban,cooperative
136.6,recovery,0.780952,10.9333,0.0731132,0.029456,439.463,926.34,0.1,nan,nan,390,648,114,1.25,0.0629594,0.0217413,424.578,12,7,false,0.230769,0.12624,194.144,0,true,urban,cooperative
137.1,recovery,0.780952,10.9333,0.0831296,0.0305781,377.427,926.34,0.1,nan,nan,390,648,115,1.25,0.0759815,0.0238453,360.922,12,7,false,0.225,0.113616,163.968,0,true,urban,cooperative
137.6,recovery,0.780952,10.9333,0.0742774,0.0266507,375.182,964.198,0.1,nan,nan,390,648,116,1.25,0.0722035,0.022092,357.663,12,7,false,0.130769,0.071536,189.655,0,true,urban,cooperative
138.1,recovery,0.780952,10.9333,0.0641423,0.0224427,257.407,691.882,0.1,nan,nan,390,648,117,1.25,0.0646919,0.019988,218.566,12,7,false,0.0769231,0.04208,223.746,0,true,urban,cooperative
138.6,recovery,0.780952,10.9333,0.060641,0.0216011,328.849,1495.85,0.1,nan,nan,390,648,118,1.25,0.0596688,0.0185853,290.443,12,7,false,0.108333,0.054704,578.838,0,true,urban,cooperative
139.1,recovery,0.780952,10.9333,0.0554986,0.0182347,311.049,1324.32,0.1,nan,nan,390,648,119,1.25,0.0571937,0.0161307,291.85,12,7,false,0.1,0.054704,580.333,0,true,urban,cooperative
139.6,recovery,0.780952,10.9333,0.0617949,0.0196373,304.229,1455.1,0.1,nan,nan,390,648,120,1.25,0.064156,0.0175333,290.714,12,7,false,0.115385,0.06312,499.159,0,true,urban,cooperative
140.1,recovery,0.780952,10.9333,0.0667949,0.0171125,283.587,1455.1,0.1,nan,nan,390,648,121,1.25,0.0738248,0.0164813,283.888,12,7,false,0.108333,0.054704,247.813,0,true,urban,cooperative
140.6,recovery,0.780952,10.9333,0.0668803,0.0143072,198.752,905.534,0.1,nan,nan,392,648,122,1.25,0.0765491,0.0140267,205.597,12,7,false,0.0846154,0.046288,314.116,0,true,urban,cooperative
141.1,recovery,0.780952,10.9333,0.0386111,0.012624,145.239,411.808,0.1,nan,nan,392,648,123,1.25,0.0399306,0.0112213,138.169,12,7,false,0.1,0.054704,320.555,0,true,urban,cooperative
141.6,recovery,0.771429,10.8,0.0337179,0.012624,148.951,421.531,0.1,nan,nan,393,648,124,2.25,0.0282585,0.00876667,143.393,12,7,false,0.166667,0.08416,313.558,0,true,urban,cooperative
142.1,recovery,0.771429,10.8,0.0325943,0.0137461,160.193,515.713,0.1,nan,nan,393,648,125,1.25,0.0259993,0.00911733,155.11,12,7,false,0.176923,0.096784,341.575,0,true,urban,cooperative
142.6,recovery,0.771429,10.8,0.0285872,0.0131851,165.664,513.963,0.1,nan,nan,393,648,126,1.25,0.0190673,0.007364,159.148,12,7,false,0.2,0.109408,375.183,0,true,urban,cooperative
143.1,recovery,0.771429,10.8,0.0278822,0.012624,181.598,544.678,0.1,nan,nan,393,648,127,1.25,0.0161027,0.006312,175.553,12,7,false,0.225,0.113616,417.333,0,true,urban,cooperative
143.6,recovery,0.771429,10.8,0.0247565,0.0117824,195.947,548.003,0.1,nan,nan,393,648,128,1.25,0.01492,0.00596133,190.656,12,7,false,0.192308,0.1052,451.333,0,true,urban,cooperative
144.1,recovery,0.761905,10.6667,0.0251282,0.0129045,201.781,616.841,0.1,nan,nan,394,648,129,1.25,0.0110723,0.00497309,198.958,11,7,false,0.238462,0.130448,457.052,0,true,urban,cooperative
144.6,recovery,0.771429,10.8,0.0304701,0.0140267,203.751,634.02,0.1,nan,nan,395,648,130,1.25,0.0200321,0.008416,199.34,12,7,false,0.216667,0.109408,464.182,0,true,urban,cooperative
145.1,recovery,0.771429,10.8,0.0394242,0.0185152,265.1,670.997,0.1,nan,nan,395,648,131,1.25,0.0276709,0.011572,248.391,12,7,false,0.246154,0.134656,462.802,0,true,urban,cooperative
145.6,recovery,0.771429,10.8,0.0488706,0.0230037,259.814,605.892,0.1,nan,nan,395,648,132,1.25,0.0395833,0.0171827,242.329,12,7,false,0.246154,0.134656,456.261,0,true,urban,cooperative
146.1,recovery,0.771429,10.8,0.0544872,0.025248,239.715,658.045,0.1,nan,nan,395,648,133,1.25,0.0464744,0.0206893,217.961,12,7,false,0.25,0.12624,447.2,0,true,urban,cooperative
146.6,recovery,0.771429,10.8,0.0562878,0.0258091,249.664,658.045,0.1,nan,nan,395,648,134,1.25,0.053052,0.0227933,257.944,12,7,false,0.207692,0.113616,449.639,0,true,urban,cooperative
147.1,recovery,0.761905,10.6667,0.0576022,0.0280533,252.638,650.524,0.1,nan,nan,396,648,135,1.25,0.0592341,0.0283084,266.233,11,7,false,0.176923,0.096784,451.915,0,true,urban,cooperative
147.6,recovery,0.761905,10.6667,0.0583079,0.0286144,258.11,700.538,0.1,nan,nan,396,648,136,1.25,0.056596,0.0279258,279.97,11,7,false,0.2,0.100992,452.092,0,true,urban,cooperative
148.1,recovery,0.771429,10.8,0.0563464,0.0277728,247.46,620.271,0.1,nan,nan,397,648,137,2.25,0.0529117,0.0263,253.904,12,7,false,0.146154,0.079952,449.471,0,true,urban,cooperative
148.6,recovery,0.771429,10.8,0.0574298,0.0305781,201.379,544.691,0.1,nan,nan,397,648,138,1.25,0.0501603,0.027352,196.122,12,7,false,0.2,0.109408,451.639,0,true,urban,cooperative
149.1,recovery,0.771429,10.8,0.0597176,0.0297365,203.336,533.886,0.1,nan,nan,397,648,139,1.25,0.0536229,0.0270013,201.061,12,7,false,0.208333,0.1052,442.356,0,true,urban,cooperative
149.6,recovery,0.761905,10.6667,0.0600696,0.0277728,232.157,546.184,0.1,nan,nan,398,648,140,1.25,0.0622433,0.0283084,250.017,11,7,false,0.130769,0.071536,443.438,0,true,urban,cooperative
150.1,recovery,0.752381,10.5333,0.0618193,0.0277728,265.902,597.278,0.1,nan,nan,399,648,141,2.25,0.0641359,0.0286909,275.823,11,7,false,0.138462,0.075744,445.525,0,true,urban,cooperative
150.6,recovery,0.742857,10.4,0.0622777,0.0255285,389.874,789.851,0.1,nan,nan,400,648,142,1.25,0.0667257,0.0271607,435.658,11,7,false,0.116667,0.058912,434.594,0,true,urban,cooperative
151.1,recovery,0.742857,10.4,0.0585409,0.025248,414.768,1000.62,0.1,nan,nan,400,648,143,1.25,0.0668665,0.0283084,462.437,11,7,false,0.0846154,0.046288,448.996,0,true,urban,cooperative
151.6,recovery,0.742857,10.4,0.0518701,0.0249675,465.807,991.361,0.1,nan,nan,400,648,144,1.25,0.0562963,0.0267782,536.665,11,7,false,0.123077,0.067328,435.871,0,true,urban,cooperative
152.1,recovery,0.733333,10.2667,0.0436829,0.02104,447.671,991.361,0.1,nan,nan,401,662,145,1.25,0.0471963,0.0225702,507.721,11,7,false,0.116667,0.058912,416.637,0,true,urban,cooperative
152.6,recovery,0.733333,10.2667,0.0437536,0.0213205,389.155,1003.87,0.1,nan,nan,401,662,146,1.25,0.0448664,0.02104,428.869,11,7,false,0.153846,0.08416,403.5,0,true,urban,cooperative
153.1,recovery,0.72381,10.1333,0.0435932,0.0201984,300.749,641.024,0.1,nan,nan,402,676,147,16.25,0.0424658,0.0183622,351.331,11,7,false,0.169231,0.092576,411.476,0,true,urban,cooperative
153.6,recovery,0.72381,10.1333,0.0544776,0.0249675,312.25,793.491,0.1,nan,nan,402,676,148,1.25,0.0482386,0.0206575,364.923,11,7,false,0.225,0.113616,408.477,0,true,urban,cooperative
154.1,recovery,0.72381,10.1333,0.0533913,0.0244064,306.005,716.792,0.1,nan,nan,402,676,149,1.25,0.0490301,0.0202749,356.641,11,7,false,0.192308,0.1052,410.491,0,true,urban,cooperative
154.6,recovery,0.72381,10.1333,0.0540229,0.0255285,277.241,709.788,0.1,nan,nan,402,676,150,1.25,0.0452544,0.0198924,325.658,11,7,false,0.192308,0.1052,415.956,0,true,urban,cooperative
155.1,recovery,0.72381,10.1333,0.0612973,0.0269312,191.192,682.322,0.1,nan,nan,402,676,151,1.25,0.0506784,0.0202749,208.071,11,7,false,0.191667,0.096784,412.871,0,true,urban,cooperative
155.6,recovery,0.72381,10.1333,0.0588969,0.0258091,186.726,584.643,0.1,nan,nan,402,676,152,1.25,0.0478464,0.0187447,201.356,11,7,false,0.153846,0.08416,423.52,0,true,urban,cooperative
156.1,recovery,0.704762,9.86667,0.0607477,0.0266507,171.477,595.268,0.1,nan,nan,405,692,153,1.25,0.0472484,0.0195098,177.336,11,7,false,0.130769,0.071536,437.211,0,true,urban,cooperative
156.6,recovery,0.695238,9.73333,0.0649774,0.0280533,154.208,501.76,0.1,nan,nan,406,692,154,1.25,0.0490951,0.0195098,153.309,11,7,false,0.15,0.075744,429.265,0,true,urban,cooperative
157.1,recovery,0.695238,9.73333,0.0739395,0.0328224,157.203,540.923,0.1,nan,nan,406,692,155,1.25,0.0615958,0.025248,153.471,11,7,false,0.146154,0.079952,425.224,0,true,urban,cooperative
157.6,recovery,0.695238,9.73333,0.0722971,0.0328224,124.341,428.043,0.1,nan,nan,406,692,156,1.25,0.0602317,0.0263956,104.066,11,7,false,0.107692,0.058912,428.043,0,true,urban,cooperative
158.1,recovery,0.685714,9.6,0.0758575,0.0347861,119.666,423.589,0.1,nan,nan,407,706,157,1.25,0.0685232,0.029456,96.4788,11,7,false,0.1,0.050496,423.589,0,true,urban,cooperative
158.6,recovery,0.685714,9.6,0.0753114,0.0333835,105.846,415.893,0.1,nan,nan,407,706,158,1.25,0.0726274,0.0290735,78.4949,11,7,false,0.0538462,0.029456,415.893,0,true,urban,cooperative
159.1,recovery,0.666667,9.33333,0.0687292,0.0305781,103.511,394.163,0.1,nan,nan,409,706,159,2.25,0.0616121,0.025248,76.9679,11,7,false,0.0615385,0.033664,394.163,0,true,urban,cooperative
159.6,recovery,0.666667,9.33333,0.0634071,0.0274923,128.383,533.346,0.1,nan,nan,409,706,160,1.25,0.0580261,0.0221876,116.198,11,7,false,0.0666667,0.033664,382.623,0,true,urban,cooperative
160.1,recovery,0.666667,9.33333,0.0609188,0.0246869,163.89,596.067,0.1,nan,nan,409,706,161,1.25,0.0592949,0.0206575,166.308,11,7,false,0.0538462,0.029456,393.244,0,true,urban,cooperative
160.6,recovery,0.666667,9.33333,0.0592265,0.0246869,162.021,552.471,0.1,nan,nan,409,706,162,1.25,0.0592016,0.0225702,161.628,11,7,false,0.0538462,0.029456,398.042,0,true,urban,cooperative
161.1,recovery,0.67619,9.46667,0.058734,0.0263701,175.713,545.504,0.1,nan,nan,410,720,163,1.25,0.0607445,0.0256305,178.898,11,7,false,0.0666667,0.033664,419.16,0,true,urban,cooperative
161.6,recovery,0.67619,9.46667,0.0565873,0.0260896,166.687,544.428,0.1,nan,nan,410,720,164,1.25,0.0589827,0.0256305,166.427,11,7,false,0.0615385,0.033664,424.34,0,true,urban,cooperative
162.1,recovery,0.666667,9.33333,0.0530112,0.0272117,163.738,557.258,0.1,nan,nan,411,734,165,1.25,0.0501435,0.0256305,161.797,11,7,false,0.0769231,0.04208,435.096,0,true,urban,cooperative
162.6,recovery,0.666667,9.33333,0.0564588,0.0297365,179.549,596.297,0.1,nan,nan,411,734,166,1.25,0.0493669,0.0260131,182.509,11,7,false,0.1,0.050496,435.479,0,true,urban,cooperative
163.1,recovery,0.666667,9.33333,0.0612472,0.0308587,166.736,556.482,0.1,nan,nan,411,734,167,1.25,0.0572952,0.0279258,162.215,11,7,false,0.0769231,0.04208,466.457,0,true,urban,cooperative
163.6,recovery,0.666667,9.33333,0.0710509,0.0364693,169.434,599.2,0.1,nan,nan,411,734,168,1.25,0.0657251,0.0344291,167.682,11,7,false,0.0615385,0.033664,456.102,0,true,urban,cooperative
164.1,recovery,0.666667,9.33333,0.0723611,0.0373109,187.66,621.101,0.1,nan,nan,411,734,169,1.25,0.068954,0.0355767,193.7,11,7,false,0.075,0.037872,442.826,0,true,urban,cooperative
164.6,recovery,0.666667,9.33333,0.0671487,0.0331029,212.218,649.655,0.1,nan,nan,411,734,170,1.25,0.0655525,0.0317513,227.194,11,7,false,0.0461538,0.025248,444.624,0,true,urban,cooperative
165.1,recovery,0.666667,9.33333,0.0619447,0.0305781,204.013,659.934,0.1,nan,nan,411,734,171,1.25,0.056246,0.0286909,213.635,11,7,false,0.0538462,0.029456,428.236,0,true,urban,cooperative
165.6,recovery,0.666667,9.33333,0.0624981,0.0302976,214.175,711.039,0.1,nan,nan,411,734,172,1.25,0.0586247,0.0283084,222.621,11,7,false,0.108333,0.054704,442.252,0,true,urban,cooperative
166.1,recovery,0.666667,9.33333,0.0699466,0.0288949,209.653,718.125,0.1,nan,nan,411,734,173,1.25,0.0642628,0.0248655,214.736,11,7,false,0.153846,0.08416,441.177,0,true,urban,cooperative
166.6,recovery,0.666667,9.33333,0.0976967,0.0311392,200.745,762.794,0.1,nan,nan,411,734,174,1.25,0.102688,0.0267782,199.553,11,7,false,0.184615,0.100992,442.995,0,true,urban,cooperative
167.1,recovery,0.666667,9.33333,0.0674435,0.033664,208.624,787.525,0.1,nan,nan,411,734,175,1.25,0.0559491,0.029456,218.966,11,7,false,0.254545,0.117824,436.282,0,true,urban,cooperative
167.6,recovery,0.666667,9.33333,0.0756338,0.0342251,167.006,512.964,0.1,nan,nan,411,734,176,1.25,0.0554208,0.0267782,166.232,11,7,false,0.31,0.130448,347.978,0,true,urban,cooperative
168.1,recovery,0.666667,9.33333,0.0902384,0.0389941,170.139,578.913,0.1,nan,nan,411,734,177,1.25,0.0592714,0.0309862,180.097,11,7,false,0.4,0.143072,261.874,0,true,urban,cooperative
168.6,recovery,0.666667,9.33333,0.0945356,0.037872,171.282,584.953,0.1,nan,nan,411,734,178,1.25,0.0559052,0.0290735,188.599,11,7,false,0.533333,0.134656,188.836,0,true,urban,cooperative
169.1,recovery,0.666667,9.33333,0.093391,0.0359083,152.389,434.035,0.1,nan,nan,411,734,179,1.25,0.05983,0.029456,173.434,11,7,false,0.488889,0.092576,102.209,0,true,urban,cooperative
169.6,recovery,0.657143,9.2,0.0985928,0.0381525,132.271,399.643,0.1,nan,nan,412,734,180,1.25,0.07212,0.0353472,149.456,10,7,false,0.433333,0.054704,47.9024,0,true,urban,cooperative
170.1,recovery,0.657143,9.2,0.0970729,0.0339445,116.794,420.193,0.1,nan,nan,412,734,181,1.25,0.0677607,0.0340848,123.468,10,7,false,0.5,0.02104,56.45,0,true,urban,cooperative
170.6,recovery,0.657143,9.2,0.070019,0.0311392,121.957,418.393,0.1,nan,nan,412,734,182,1.25,0.0719516,0.033664,131.687,10,7,false,0.1,0.004208,16.3294,0,true,urban,cooperative
171.1,recovery,0.657143,9.2,0.0758159,0.0328224,111.95,375.357,0.1,nan,nan,412,734,183,1.25,0.0762553,0.0370304,113.284,10,7,false,0.16,0.016832,36.6372,0,true,urban,cooperative
171.6,recovery,0.657143,9.2,0.0668266,0.0288949,114.207,329.917,0.1,nan,nan,412,734,184,1.25,0.0750733,0.0349264,112.248,10,7,false,0.1,0.016832,36.6372,0,true,urban,cooperative
172.1,recovery,0.657143,9.2,0.0733788,0.0302976,96.4337,183.307,0.1,nan,nan,412,734,185,1.25,0.0852718,0.0366096,94.5649,10,7,false,0.1,0.025248,55.561,0,true,urban,cooperative
172.6,recovery,0.657143,9.2,0.0756834,0.0308587,102.662,298.425,0.1,nan,nan,412,734,186,1.25,0.0841865,0.037872,112.274,10,7,false,0.109091,0.025248,70.6312,0,true,urban,cooperative
173.1,recovery,0.657143,9.2,0.0774984,0.0274923,109.304,298.425,0.1,nan,nan,412,734,187,1.25,0.0851286,0.0332432,117.348,10,7,false,0.114286,0.016832,80.7478,0,true,urban,cooperative
