FlowId,SrcAddr,DestAddr,TxPackets,RxPackets,LostPackets,PacketLossRate(%),Throughput(bps),DelaySum(s)
1,10.0.0.4,10.0.0.3,22,22,0,0,1.64246e+06,0.0074421
2,10.0.0.3,10.0.0.4,11,11,0,0,97982.5,0.0111068
3,10.0.0.3,10.0.0.7,20,20,0,0,1.46221e+06,0.0130242
4,10.0.0.7,10.0.0.3,10,10,0,0,102031,0.00910365
5,10.0.0.18,10.0.0.5,25,25,0,0,1.89986e+06,0.0083448
6,10.0.0.5,10.0.0.18,13,13,0,0,114995,0.00559475
7,10.0.0.7,10.0.0.2,22,22,0,0,1.64098e+06,0.0096845
8,10.0.0.2,10.0.0.7,11,11,0,0,102665,0.0090567
9,10.0.0.18,10.0.0.7,26,26,0,0,2.00285e+06,0.00731942
10,10.0.0.7,10.0.0.18,13,13,0,0,113546,0.00351279
11,10.0.0.20,10.0.0.16,23,23,0,0,1.72758e+06,0.00678729
12,10.0.0.16,10.0.0.20,12,12,0,0,104260,0.0103408
13,10.0.0.7,10.0.0.17,26,26,0,0,1.99878e+06,0.00744739
14,10.0.0.17,10.0.0.7,13,13,0,0,113386,0.00381948
15,10.0.0.6,10.0.0.18,23,23,0,0,1.73189e+06,0.00869752
16,10.0.0.18,10.0.0.6,12,12,0,0,109270,0.00726299
17,10.0.0.3,10.0.0.11,22,22,0,0,1.64318e+06,0.0149961
18,10.0.0.11,10.0.0.3,11,11,0,0,115178,0.00313706
19,10.0.0.8,10.0.0.12,19,19,0,0,1.37621e+06,0.0140013
20,10.0.0.12,10.0.0.8,10,10,0,0,105116,0.00891678
21,10.0.0.4,10.0.0.1,24,24,0,0,1.81997e+06,0.00596509
22,10.0.0.1,10.0.0.4,12,12,0,0,102493,0.00922241
23,10.0.0.1,10.0.0.4,28,28,0,0,2.17719e+06,0.00565159
24,10.0.0.4,10.0.0.1,14,14,0,0,116729,0.00233941
25,10.0.0.14,10.0.0.7,22,22,0,0,1.64174e+06,0.011638
26,10.0.0.7,10.0.0.14,11,11,0,0,107300,0.00608828
27,10.0.0.16,10.0.0.2,20,20,0,0,1.46227e+06,0.0112709
28,10.0.0.2,10.0.0.16,10,10,0,0,97599.2,0.0108878
29,10.0.0.4,10.0.0.12,25,25,0,0,1.90167e+06,0.00736658
30,10.0.0.12,10.0.0.4,13,13,0,0,112975,0.00639296
31,10.0.0.16,10.0.0.2,28,28,0,0,2.18029e+06,0.00560123
32,10.0.0.2,10.0.0.16,14,14,0,0,116734,0.00234126
33,10.0.0.5,10.0.0.13,23,23,0,0,1.72918e+06,0.0137473
34,10.0.0.13,10.0.0.5,12,12,0,0,122147,0.00327284
35,10.0.0.5,10.0.0.15,22,22,0,0,1.64506e+06,0.0108518
36,10.0.0.15,10.0.0.5,11,11,0,0,104729,0.00705941
37,10.0.0.6,10.0.0.19,24,24,0,0,1.8234e+06,0.0113968
38,10.0.0.19,10.0.0.6,12,12,0,0,115442,0.00373397
39,10.0.0.16,10.0.0.12,25,25,0,0,1.91311e+06,0.00998012
40,10.0.0.12,10.0.0.16,13,13,0,0,118577,0.00346413
41,10.0.0.3,10.0.0.17,24,24,0,0,1.81576e+06,0.00812719
42,10.0.0.17,10.0.0.3,12,12,0,0,106588,0.00733183
43,10.0.0.5,10.0.0.3,19,19,0,0,1.3732e+06,0.0141089
44,10.0.0.3,10.0.0.5,10,10,0,0,105132,0.0099046
45,10.0.0.5,10.0.0.6,23,23,0,0,1.72397e+06,0.0140162
46,10.0.0.6,10.0.0.5,12,12,0,0,122084,0.00327389
47,10.0.0.9,10.0.0.1,25,25,0,0,1.91192e+06,0.00652593
48,10.0.0.1,10.0.0.9,13,13,0,0,112078,0.00648514
49,10.0.0.2,10.0.0.3,22,22,0,0,1.64441e+06,0.00938806
50,10.0.0.3,10.0.0.2,11,11,0,0,102346,0.0081734
51,10.0.0.17,10.0.0.1,19,19,0,0,1.37537e+06,0.0138686
52,10.0.0.1,10.0.0.17,10,10,0,0,104934,0.00893363
53,10.0.0.18,10.0.0.10,23,23,0,0,1.73258e+06,0.00871315
54,10.0.0.10,10.0.0.18,12,12,0,0,109360,0.00729681
55,10.0.0.19,10.0.0.17,26,26,0,0,2.00227e+06,0.00733573
56,10.0.0.17,10.0.0.19,13,13,0,0,113524,0.0034795
57,10.0.0.15,10.0.0.2,25,25,0,0,1.91312e+06,0.00923847
58,10.0.0.2,10.0.0.15,13,13,0,0,118555,0.0033874
59,10.0.0.8,10.0.0.13,25,25,0,0,1.90226e+06,0.00933407
60,10.0.0.13,10.0.0.8,13,13,0,0,117725,0.00449576
61,10.0.0.1,10.0.0.5,23,23,0,0,1.7311e+06,0.00775845
62,10.0.0.5,10.0.0.1,12,12,0,0,107014,0.00831357
63,10.0.0.19,10.0.0.11,26,26,0,0,1.99523e+06,0.00649157
64,10.0.0.11,10.0.0.19,13,13,0,0,110755,0.00539414
65,10.0.0.13,10.0.0.12,22,22,0,0,1.63755e+06,0.013816
66,10.0.0.12,10.0.0.13,11,11,0,0,112456,0.00512317
67,10.0.0.20,10.0.0.11,21,21,0,0,1.55548e+06,0.00923506
68,10.0.0.11,10.0.0.20,11,11,0,0,102499,0.0101373
69,10.0.0.8,10.0.0.20,24,24,0,0,1.82017e+06,0.0115584
70,10.0.0.20,10.0.0.8,12,12,0,0,114477,0.00376277
71,10.0.0.11,10.0.0.20,28,28,0,0,2.17704e+06,0.00563063
72,10.0.0.20,10.0.0.11,14,14,0,0,116731,0.0023416
73,10.0.0.16,10.0.0.20,28,28,0,0,2.17798e+06,0.00607769
74,10.0.0.20,10.0.0.16,14,14,0,0,116743,0.00234154
75,10.0.0.9,10.0.0.16,24,24,0,0,1.82047e+06,0.00707764
76,10.0.0.16,10.0.0.9,12,12,0,0,104580,0.00822427
77,10.0.0.14,10.0.0.18,22,22,0,0,1.64363e+06,0.0104894
78,10.0.0.18,10.0.0.14,11,11,0,0,104876,0.00710628
79,10.0.0.5,10.0.0.14,24,24,0,0,1.81555e+06,0.0111627
80,10.0.0.14,10.0.0.5,12,12,0,0,114015,0.00433708
81,10.0.0.15,10.0.0.4,24,24,0,0,1.82213e+06,0.00994514
82,10.0.0.4,10.0.0.15,12,12,0,0,111868,0.00362679
83,10.0.0.4,10.0.0.11,25,25,0,0,1.90688e+06,0.00799682
84,10.0.0.11,10.0.0.4,13,13,0,0,115244,0.00465972
85,10.0.0.4,10.0.0.1,28,28,0,0,2.17756e+06,0.0056316
86,10.0.0.1,10.0.0.4,14,14,0,0,116732,0.00233912
87,10.0.0.5,10.0.0.7,21,21,0,0,1.55476e+06,0.0117607
88,10.0.0.7,10.0.0.5,11,11,0,0,107738,0.00813835
89,10.0.0.6,10.0.0.4,22,22,0,0,1.641e+06,0.00767207
90,10.0.0.4,10.0.0.6,11,11,0,0,98225.5,0.0111341
91,10.0.0.9,10.0.0.11,24,24,0,0,1.80869e+06,0.0133404
92,10.0.0.11,10.0.0.9,12,12,0,0,118994,0.00248349
93,10.0.0.18,10.0.0.19,23,23,0,0,1.7226e+06,0.00915725
94,10.0.0.19,10.0.0.18,12,12,0,0,108866,0.0083143
95,10.0.0.13,10.0.0.7,25,25,0,0,1.90618e+06,0.00625636
96,10.0.0.7,10.0.0.13,13,13,0,0,110757,0.00739237
97,10.0.0.6,10.0.0.7,25,25,0,0,1.91357e+06,0.00605213
98,10.0.0.7,10.0.0.6,13,13,0,0,111118,0.00675292
99,10.0.0.15,10.0.0.17,26,26,0,0,2.00314e+06,0.00644546
100,10.0.0.17,10.0.0.15,13,13,0,0,111272,0.00438796
101,10.0.0.5,10.0.0.16,23,23,0,0,1.7165e+06,0.0105642
102,10.0.0.16,10.0.0.5,12,12,0,0,110681,0.00795209
103,10.0.0.3,10.0.0.15,26,26,0,0,2.00275e+06,0.00788634
104,10.0.0.15,10.0.0.3,13,13,0,0,113544,0.00343351
105,10.0.0.9,10.0.0.2,21,21,0,0,1.55218e+06,0.010323
106,10.0.0.2,10.0.0.9,11,11,0,0,104673,0.0101353
107,10.0.0.5,10.0.0.6,28,28,0,0,2.17729e+06,0.00567425
108,10.0.0.6,10.0.0.5,14,14,0,0,116723,0.00234009
109,10.0.0.12,10.0.0.3,21,21,0,0,1.55149e+06,0.0143152
110,10.0.0.3,10.0.0.12,11,11,0,0,114817,0.00616863
111,10.0.0.10,10.0.0.18,28,28,0,0,2.18193e+06,0.00556816
112,10.0.0.18,10.0.0.10,14,14,0,0,116729,0.00233944
113,10.0.0.4,10.0.0.5,21,21,0,0,1.55385e+06,0.0112959
114,10.0.0.5,10.0.0.4,11,11,0,0,107308,0.00810092
115,10.0.0.1,10.0.0.13,23,23,0,0,1.7291e+06,0.0108412
116,10.0.0.13,10.0.0.1,12,12,0,0,113827,0.00626104
117,10.0.0.19,10.0.0.8,21,21,0,0,1.55427e+06,0.00829802
118,10.0.0.8,10.0.0.19,11,11,0,0,100329,0.0111094
119,10.0.0.11,10.0.0.3,28,28,0,0,2.18209e+06,0.00553735
120,10.0.0.3,10.0.0.11,14,14,0,0,116739,0.00234307
121,10.0.0.20,10.0.0.8,28,28,0,0,2.18214e+06,0.00640917
122,10.0.0.8,10.0.0.20,14,14,0,0,116737,0.00234352
123,10.0.0.15,10.0.0.4,28,28,0,0,2.1772e+06,0.00570942
124,10.0.0.4,10.0.0.15,14,14,0,0,116737,0.00234328
125,10.0.0.5,10.0.0.3,28,28,0,0,2.18027e+06,0.00554788
126,10.0.0.3,10.0.0.5,14,14,0,0,116729,0.00233949
127,10.0.0.10,10.0.0.7,19,19,0,0,1.3749e+06,0.0138538
128,10.0.0.7,10.0.0.10,10,10,0,0,104826,0.0088964
129,10.0.0.3,10.0.0.18,20,20,0,0,1.46246e+06,0.0100849
130,10.0.0.18,10.0.0.3,10,10,0,0,95203.2,0.0109601
131,10.0.0.11,10.0.0.3,28,28,0,0,2.1684e+06,0.00616259
132,10.0.0.3,10.0.0.11,14,14,0,0,116712,0.00234301
133,10.0.0.20,10.0.0.12,23,23,0,0,1.72225e+06,0.0159537
134,10.0.0.12,10.0.0.20,12,12,0,0,124777,0.00239582
135,10.0.0.16,10.0.0.19,19,19,0,0,1.37651e+06,0.011889
136,10.0.0.19,10.0.0.16,10,10,0,0,100110,0.0109133
137,10.0.0.5,10.0.0.12,22,22,0,0,1.64309e+06,0.0145072
138,10.0.0.12,10.0.0.5,11,11,0,0,115156,0.00308079
139,10.0.0.16,10.0.0.3,21,21,0,0,1.55355e+06,0.0136752
140,10.0.0.3,10.0.0.16,11,11,0,0,112659,0.00614156
141,10.0.0.13,10.0.0.15,21,21,0,0,1.55516e+06,0.00857344
142,10.0.0.15,10.0.0.13,11,11,0,0,100345,0.0112728
143,10.0.0.3,10.0.0.2,28,28,0,0,2.17775e+06,0.00557959
144,10.0.0.2,10.0.0.3,14,14,0,0,116730,0.00233939
145,10.0.0.9,10.0.0.5,27,27,0,0,2.08808e+06,0.00699665
146,10.0.0.5,10.0.0.9,14,14,0,0,119537,0.00270089
147,10.0.0.18,10.0.0.8,23,23,0,0,1.73396e+06,0.0127157
148,10.0.0.8,10.0.0.18,12,12,0,0,119887,0.00333632
149,10.0.0.20,10.0.0.4,24,24,0,0,1.82411e+06,0.00597686
150,10.0.0.4,10.0.0.20,12,12,0,0,102667,0.00823463
151,10.0.0.14,10.0.0.4,26,26,0,0,2.00165e+06,0.00829368
152,10.0.0.4,10.0.0.14,13,13,0,0,115825,0.00255951
153,10.0.0.16,10.0.0.20,28,28,0,0,2.18209e+06,0.00555137
154,10.0.0.20,10.0.0.16,14,14,0,0,116733,0.00234142
155,10.0.0.19,10.0.0.7,25,25,0,0,1.89638e+06,0.0116127
156,10.0.0.7,10.0.0.19,13,13,0,0,122875,0.00255875
157,10.0.0.3,10.0.0.10,24,24,0,0,1.82012e+06,0.00894911
158,10.0.0.10,10.0.0.3,12,12,0,0,109183,0.00525421
159,10.0.0.20,10.0.0.18,22,22,0,0,1.64226e+06,0.00864495
160,10.0.0.18,10.0.0.20,11,11,0,0,100362,0.0101112
161,10.0.0.8,10.0.0.16,22,22,0,0,1.64198e+06,0.00855313
162,10.0.0.16,10.0.0.8,11,11,0,0,100231,0.00913941
163,10.0.0.17,10.0.0.2,24,24,0,0,1.81057e+06,0.0133555
164,10.0.0.2,10.0.0.17,12,12,0,0,119183,0.00240133
165,10.0.0.17,10.0.0.15,28,28,0,0,2.1814e+06,0.00552069
166,10.0.0.15,10.0.0.17,14,14,0,0,116731,0.00234165
167,10.0.0.16,10.0.0.3,28,28,0,0,2.18133e+06,0.00553269
168,10.0.0.3,10.0.0.16,14,14,0,0,116731,0.00234165
169,10.0.0.12,10.0.0.14,23,23,0,0,1.72332e+06,0.0059333
170,10.0.0.14,10.0.0.12,12,12,0,0,102128,0.0113003
171,10.0.0.14,10.0.0.10,27,27,0,0,2.09246e+06,0.00738041
172,10.0.0.10,10.0.0.14,14,14,0,0,119603,0.00282871
173,10.0.0.3,10.0.0.19,22,22,0,0,1.64238e+06,0.0085231
174,10.0.0.19,10.0.0.3,11,11,0,0,100234,0.0101095
175,10.0.0.2,10.0.0.13,24,24,0,0,1.82171e+06,0.0109589
176,10.0.0.13,10.0.0.2,12,12,0,0,114396,0.00333724
177,10.0.0.10,10.0.0.15,20,20,0,0,1.46516e+06,0.0146451
178,10.0.0.15,10.0.0.10,10,10,0,0,105043,0.00691979
179,10.0.0.7,10.0.0.4,27,27,0,0,2.07739e+06,0.00686703
180,10.0.0.4,10.0.0.7,14,14,0,0,118793,0.0036267
181,10.0.0.18,10.0.0.1,22,22,0,0,1.64413e+06,0.00941615
182,10.0.0.1,10.0.0.18,11,11,0,0,102395,0.00925469
183,10.0.0.19,10.0.0.2,23,23,0,0,1.73174e+06,0.00979635
184,10.0.0.2,10.0.0.19,12,12,0,0,111949,0.00634278
185,10.0.0.15,10.0.0.3,28,28,0,0,2.17648e+06,0.00619137
186,10.0.0.3,10.0.0.15,14,14,0,0,116723,0.0023414
187,10.0.0.10,10.0.0.2,25,25,0,0,1.90033e+06,0.00661278
188,10.0.0.2,10.0.0.10,13,13,0,0,110664,0.00741812
189,10.0.0.2,10.0.0.13,28,28,0,0,2.1797e+06,0.00565082
190,10.0.0.13,10.0.0.2,14,14,0,0,116722,0.00234027
191,10.0.0.13,10.0.0.20,22,22,0,0,1.64365e+06,0.00891984
192,10.0.0.20,10.0.0.13,11,11,0,0,100199,0.0101734
193,10.0.0.2,10.0.0.3,28,28,0,0,2.18019e+06,0.0055548
194,10.0.0.3,10.0.0.2,14,14,0,0,116726,0.00233979
195,10.0.0.14,10.0.0.2,25,25,0,0,1.90899e+06,0.00924417
196,10.0.0.2,10.0.0.14,13,13,0,0,118502,0.00349759
197,10.0.0.12,10.0.0.10,21,21,0,0,1.54753e+06,0.0135061
198,10.0.0.10,10.0.0.12,11,11,0,0,112069,0.00721216
199,10.0.0.6,10.0.0.4,28,28,0,0,2.17872e+06,0.0055536
200,10.0.0.4,10.0.0.6,14,14,0,0,116727,0.00233964
201,10.0.0.16,10.0.0.2,28,28,0,0,2.17796e+06,0.00556964
202,10.0.0.2,10.0.0.16,14,14,0,0,116731,0.00234161
203,10.0.0.13,10.0.0.4,24,24,0,0,1.81427e+06,0.00827344
204,10.0.0.4,10.0.0.13,12,12,0,0,106856,0.00729552
205,10.0.0.1,10.0.0.18,28,28,0,0,2.18158e+06,0.0055004
206,10.0.0.18,10.0.0.1,14,14,0,0,116729,0.0023418
207,10.0.0.17,10.0.0.11,24,24,0,0,1.82065e+06,0.0100093
208,10.0.0.11,10.0.0.17,12,12,0,0,111873,0.00434812
209,10.0.0.10,10.0.0.12,28,28,0,0,2.16548e+06,0.00596405
210,10.0.0.12,10.0.0.10,14,14,0,0,115850,0.00234412
211,10.0.0.15,10.0.0.6,3,3,0,0,1174.8,0.00686821
212,10.0.0.6,10.0.0.15,1,1,0,0,447.535,1.00104
213,10.0.0.16,10.0.0.11,26,26,0,0,1.99014e+06,0.00766382
214,10.0.0.11,10.0.0.16,13,13,0,0,112988,0.00447657
215,10.0.0.9,10.0.0.5,28,28,0,0,2.17816e+06,0.00558494
216,10.0.0.5,10.0.0.9,14,14,0,0,116718,0.002755
217,10.0.0.14,10.0.0.17,3,3,0,0,986.185,0.00652784
218,10.0.0.17,10.0.0.14,1,1,0,0,375.169,1.19413
219,10.0.0.13,10.0.0.5,28,28,0,0,2.17039e+06,0.00620619
220,10.0.0.5,10.0.0.13,14,14,0,0,117149,0.00233951
221,10.0.0.14,10.0.0.10,28,28,0,0,2.16124e+06,0.00598383
222,10.0.0.10,10.0.0.14,14,14,0,0,116736,0.00234339
223,10.0.0.16,10.0.0.2,28,28,0,0,2.17782e+06,0.00658425
224,10.0.0.2,10.0.0.16,14,14,0,0,116735,0.00255683
225,10.0.0.19,10.0.0.17,28,28,0,0,2.177e+06,0.00568396
226,10.0.0.17,10.0.0.19,14,14,0,0,116731,0.00234155
227,10.0.0.14,10.0.0.15,20,20,0,0,1.44103e+06,0.0152577
228,10.0.0.15,10.0.0.14,10,10,0,0,98412.8,0.0100991
229,10.0.0.7,10.0.0.15,23,23,0,0,1.73379e+06,0.00902626
230,10.0.0.15,10.0.0.7,12,12,0,0,109140,0.00722717
231,10.0.0.13,10.0.0.17,23,23,0,0,1.73257e+06,0.00914256
232,10.0.0.17,10.0.0.13,12,12,0,0,110358,0.00630917
233,10.0.0.4,10.0.0.19,24,24,0,0,1.81231e+06,0.0122585
234,10.0.0.19,10.0.0.4,12,12,0,0,116582,0.0033386
235,10.0.0.8,10.0.0.1,24,24,0,0,1.81617e+06,0.00904651
236,10.0.0.1,10.0.0.8,12,12,0,0,109015,0.00633658
237,10.0.0.13,10.0.0.17,28,28,0,0,2.17852e+06,0.00601381
238,10.0.0.17,10.0.0.13,14,14,0,0,116730,0.00257528
239,10.0.0.4,10.0.0.1,28,28,0,0,2.18165e+06,0.00557414
240,10.0.0.1,10.0.0.4,14,14,0,0,116734,0.00233883
241,10.0.0.18,10.0.0.4,27,27,0,0,2.06704e+06,0.00816363
242,10.0.0.4,10.0.0.18,14,14,0,0,120637,0.00282642
243,10.0.0.20,10.0.0.14,23,23,0,0,1.72919e+06,0.00589541
244,10.0.0.14,10.0.0.20,12,12,0,0,102455,0.011242
245,10.0.0.9,10.0.0.16,28,28,0,0,2.1796e+06,0.00560127
246,10.0.0.16,10.0.0.9,14,14,0,0,116730,0.00233937
247,10.0.0.8,10.0.0.7,21,21,0,0,1.55036e+06,0.0114201
248,10.0.0.7,10.0.0.8,11,11,0,0,106928,0.00912967
249,10.0.0.14,10.0.0.2,28,28,0,0,2.17966e+06,0.00557599
250,10.0.0.2,10.0.0.14,14,14,0,0,116718,0.00234205
251,10.0.0.14,10.0.0.5,28,28,0,0,2.18129e+06,0.00561684
252,10.0.0.5,10.0.0.14,14,14,0,0,116738,0.0023408
253,10.0.0.11,10.0.0.8,20,20,0,0,1.45259e+06,0.0131704
254,10.0.0.8,10.0.0.11,10,10,0,0,99657.1,0.00961923
255,10.0.0.9,10.0.0.17,26,26,0,0,1.99848e+06,0.00647906
256,10.0.0.17,10.0.0.9,13,13,0,0,111257,0.00445924
257,10.0.0.19,10.0.0.4,28,28,0,0,2.17939e+06,0.00565296
258,10.0.0.4,10.0.0.19,14,14,0,0,116732,0.00234151
259,10.0.0.13,10.0.0.19,25,25,0,0,1.90245e+06,0.010434
260,10.0.0.19,10.0.0.13,13,13,0,0,120359,0.00347898
261,10.0.0.13,10.0.0.20,28,28,0,0,2.17949e+06,0.00555178
262,10.0.0.20,10.0.0.13,14,14,0,0,116731,0.00252089
263,10.0.0.4,10.0.0.6,28,28,0,0,2.17854e+06,0.00554936
264,10.0.0.6,10.0.0.4,14,14,0,0,116724,0.00233999
265,10.0.0.18,10.0.0.16,23,23,0,0,1.73219e+06,0.0120953
266,10.0.0.16,10.0.0.18,12,12,0,0,117960,0.00429448
267,10.0.0.9,10.0.0.11,28,28,0,0,2.17829e+06,0.00556199
268,10.0.0.11,10.0.0.9,14,14,0,0,116727,0.002342
269,10.0.0.10,10.0.0.20,25,25,0,0,1.91145e+06,0.00821237
270,10.0.0.20,10.0.0.10,13,13,0,0,116090,0.00443209
271,10.0.0.2,10.0.0.18,20,20,0,0,1.46321e+06,0.0141359
272,10.0.0.18,10.0.0.2,10,10,0,0,104953,0.00799776
273,10.0.0.3,10.0.0.14,23,23,0,0,1.72755e+06,0.00816421
274,10.0.0.14,10.0.0.3,12,12,0,0,106466,0.00930759
275,10.0.0.13,10.0.0.3,19,19,0,0,1.37432e+06,0.0128521
276,10.0.0.3,10.0.0.13,10,10,0,0,102289,0.0109789
277,10.0.0.9,10.0.0.12,22,22,0,0,1.63385e+06,0.0185371
278,10.0.0.12,10.0.0.9,11,11,0,0,116033,0.00389707
279,10.0.0.2,10.0.0.6,25,25,0,0,1.90206e+06,0.00734229
280,10.0.0.6,10.0.0.2,13,13,0,0,112748,0.00649402
281,10.0.0.16,10.0.0.8,28,28,0,0,2.18073e+06,0.0057328
282,10.0.0.8,10.0.0.16,14,14,0,0,117118,0.00234301
283,10.0.0.17,10.0.0.2,28,28,0,0,2.1798e+06,0.00561433
284,10.0.0.2,10.0.0.17,14,14,0,0,116726,0.00234214
285,10.0.0.1,10.0.0.19,24,24,0,0,1.82327e+06,0.00784398
286,10.0.0.19,10.0.0.1,12,12,0,0,106913,0.00635368
287,10.0.0.10,10.0.0.9,22,22,0,0,1.64281e+06,0.0124891
288,10.0.0.9,10.0.0.10,11,11,0,0,109763,0.00507726
289,10.0.0.2,10.0.0.7,28,28,0,0,2.18052e+06,0.00557275
290,10.0.0.7,10.0.0.2,14,14,0,0,116719,0.00234061
291,10.0.0.2,10.0.0.18,28,28,0,0,2.18035e+06,0.0055388
292,10.0.0.18,10.0.0.2,14,14,0,0,116724,0.00234002
293,10.0.0.11,10.0.0.5,24,24,0,0,1.79787e+06,0.0137977
294,10.0.0.5,10.0.0.11,12,12,0,0,115080,0.00392709
295,10.0.0.16,10.0.0.19,28,28,0,0,2.18226e+06,0.00556683
296,10.0.0.19,10.0.0.16,14,14,0,0,116748,0.00234199
297,10.0.0.10,10.0.0.9,28,28,0,0,2.17947e+06,0.00554422
298,10.0.0.9,10.0.0.10,14,14,0,0,116730,0.00233937
299,10.0.0.5,10.0.0.17,23,23,0,0,1.73306e+06,0.0072283
300,10.0.0.17,10.0.0.5,12,12,0,0,105953,0.00933248
301,10.0.0.1,10.0.0.15,25,25,0,0,1.90407e+06,0.0117275
302,10.0.0.15,10.0.0.1,13,13,0,0,120787,0.00354194
303,10.0.0.1,10.0.0.15,28,28,0,0,2.16673e+06,0.00646193
304,10.0.0.15,10.0.0.1,14,14,0,0,116052,0.00260542
305,10.0.0.10,10.0.0.4,21,21,0,0,1.54209e+06,0.0124199
306,10.0.0.4,10.0.0.10,11,11,0,0,107094,0.00913006
307,10.0.0.11,10.0.0.10,21,21,0,0,1.55194e+06,0.0135561
308,10.0.0.10,10.0.0.11,11,11,0,0,112101,0.00724974
309,10.0.0.15,10.0.0.5,28,28,0,0,2.18051e+06,0.00595715
310,10.0.0.5,10.0.0.15,14,14,0,0,116656,0.00334631
311,10.0.0.19,10.0.0.5,26,26,0,0,1.99248e+06,0.00662041
312,10.0.0.5,10.0.0.19,13,13,0,0,110745,0.0054945
313,10.0.0.9,10.0.0.19,19,19,0,0,1.37409e+06,0.0119106
314,10.0.0.19,10.0.0.9,10,10,0,0,99757.1,0.0108966
315,10.0.0.13,10.0.0.17,28,28,0,0,2.18061e+06,0.00610148
316,10.0.0.17,10.0.0.13,14,14,0,0,116745,0.00277492
317,10.0.0.10,10.0.0.18,28,28,0,0,2.17649e+06,0.00582471
318,10.0.0.18,10.0.0.10,14,14,0,0,116715,0.00234214
319,10.0.0.5,10.0.0.6,28,28,0,0,2.18119e+06,0.0055587
320,10.0.0.6,10.0.0.5,14,14,0,0,116715,0.00234102
321,10.0.0.20,10.0.0.15,24,24,0,0,1.82214e+06,0.00988854
322,10.0.0.15,10.0.0.20,12,12,0,0,111714,0.00422187
323,10.0.0.3,10.0.0.2,28,28,0,0,2.177e+06,0.00560173
324,10.0.0.2,10.0.0.3,14,14,0,0,116728,0.00234198
325,10.0.0.13,10.0.0.12,28,28,0,0,2.17685e+06,0.0057208
326,10.0.0.12,10.0.0.13,14,14,0,0,116712,0.00234139
327,10.0.0.20,10.0.0.14,28,28,0,0,2.1798e+06,0.00557057
328,10.0.0.14,10.0.0.20,14,14,0,0,116726,0.00234238
329,10.0.0.12,10.0.0.5,28,28,0,0,2.18149e+06,0.00551497
330,10.0.0.5,10.0.0.12,14,14,0,0,116719,0.00234273
331,10.0.0.9,10.0.0.8,21,21,0,0,1.55171e+06,0.0113844
332,10.0.0.8,10.0.0.9,11,11,0,0,107332,0.0081396
333,10.0.0.17,10.0.0.18,24,24,0,0,1.82319e+06,0.00943622
334,10.0.0.18,10.0.0.17,12,12,0,0,109108,0.00560455
335,10.0.0.1,10.0.0.14,23,23,0,0,1.7328e+06,0.0077244
336,10.0.0.14,10.0.0.1,12,12,0,0,107055,0.00825065
337,10.0.0.17,10.0.0.1,28,28,0,0,2.1767e+06,0.00596512
338,10.0.0.1,10.0.0.17,14,14,0,0,116727,0.00234332
339,10.0.0.11,10.0.0.8,28,28,0,0,2.16336e+06,0.0068137
340,10.0.0.8,10.0.0.11,14,14,0,0,115912,0.00380687
341,10.0.0.20,10.0.0.12,28,28,0,0,2.1812e+06,0.00607601
342,10.0.0.12,10.0.0.20,14,14,0,0,116719,0.00234433
343,10.0.0.13,10.0.0.4,28,28,0,0,2.17689e+06,0.00572799
344,10.0.0.4,10.0.0.13,14,14,0,0,116731,0.00233918
345,10.0.0.3,10.0.0.14,28,28,0,0,2.18037e+06,0.00587052
346,10.0.0.14,10.0.0.3,14,14,0,0,116714,0.00234436
347,10.0.0.8,10.0.0.14,25,25,0,0,1.91118e+06,0.00756133
348,10.0.0.14,10.0.0.8,13,13,0,0,114471,0.00546177
349,10.0.0.5,10.0.0.11,28,28,0,0,2.17911e+06,0.0064614
350,10.0.0.11,10.0.0.5,14,14,0,0,116741,0.00259778
351,10.0.0.17,10.0.0.20,21,21,0,0,1.54756e+06,0.0104804
352,10.0.0.20,10.0.0.17,11,11,0,0,104503,0.0101097
353,10.0.0.8,10.0.0.14,28,28,0,0,2.17972e+06,0.00590036
354,10.0.0.14,10.0.0.8,14,14,0,0,116737,0.00267637
355,10.0.0.4,10.0.0.11,28,28,0,0,2.11938e+06,0.0111947
356,10.0.0.11,10.0.0.4,14,14,0,0,114181,0.00442255
357,10.0.0.11,10.0.0.8,28,28,0,0,2.17428e+06,0.00654425
358,10.0.0.8,10.0.0.11,14,14,0,0,116509,0.00297298
359,10.0.0.19,10.0.0.11,28,28,0,0,2.14649e+06,0.00688149
360,10.0.0.11,10.0.0.19,14,14,0,0,114825,0.00324003
361,10.0.0.19,10.0.0.8,28,28,0,0,2.18192e+06,0.00547821
362,10.0.0.8,10.0.0.19,14,14,0,0,116723,0.0023401
363,10.0.0.19,10.0.0.20,23,23,0,0,1.73165e+06,0.00899452
364,10.0.0.20,10.0.0.19,12,12,0,0,109707,0.00724484
365,10.0.0.17,10.0.0.14,28,28,0,0,2.18038e+06,0.0105606
366,10.0.0.14,10.0.0.17,14,14,0,0,116727,0.00261915
367,10.0.0.15,10.0.0.8,2,0,2,100,0,0
368,10.0.0.5,10.0.0.15,28,28,0,0,2.16305e+06,0.00700366
369,10.0.0.15,10.0.0.5,14,14,0,0,116355,0.00286626
370,10.0.0.4,10.0.0.11,28,28,0,0,2.15065e+06,0.0114323
371,10.0.0.11,10.0.0.4,14,14,0,0,115085,0.00411384
372,10.0.0.17,10.0.0.9,28,28,0,0,2.18058e+06,0.00558846
373,10.0.0.9,10.0.0.17,14,14,0,0,116732,0.0023415
374,10.0.0.20,10.0.0.18,28,28,0,0,2.1752e+06,0.00589004
375,10.0.0.18,10.0.0.20,14,14,0,0,117162,0.00234305
376,10.0.0.18,10.0.0.15,22,22,0,0,1.63218e+06,0.0134223
377,10.0.0.15,10.0.0.18,11,11,0,0,100258,0.0118903
378,10.0.0.17,10.0.0.7,28,28,0,0,2.18195e+06,0.00555543
379,10.0.0.7,10.0.0.17,14,14,0,0,116722,0.00234025
380,10.0.0.7,10.0.0.4,28,28,0,0,2.17983e+06,0.00553419
381,10.0.0.4,10.0.0.7,14,14,0,0,116725,0.00277356
382,10.0.0.4,10.0.0.16,21,21,0,0,1.55289e+06,0.0106097
383,10.0.0.16,10.0.0.4,11,11,0,0,103506,0.00911443
384,10.0.0.18,10.0.0.14,28,28,0,0,2.18073e+06,0.00562548
385,10.0.0.14,10.0.0.18,14,14,0,0,116730,0.0023417
386,10.0.0.3,10.0.0.15,28,28,0,0,2.17541e+06,0.00563842
387,10.0.0.15,10.0.0.3,14,14,0,0,116467,0.00339831
388,10.0.0.16,10.0.0.9,28,28,0,0,2.18009e+06,0.00563356
389,10.0.0.9,10.0.0.16,14,14,0,0,116733,0.00251626
390,10.0.0.10,10.0.0.1,19,19,0,0,1.37445e+06,0.0144778
391,10.0.0.1,10.0.0.10,10,10,0,0,104925,0.00891834
392,10.0.0.14,10.0.0.1,28,28,0,0,2.17931e+06,0.0055371
393,10.0.0.1,10.0.0.14,14,14,0,0,116727,0.00233968
394,10.0.0.4,10.0.0.7,28,28,0,0,2.17209e+06,0.00579106
395,10.0.0.7,10.0.0.4,14,14,0,0,116744,0.00266572
396,10.0.0.3,10.0.0.4,28,28,0,0,2.17854e+06,0.00569228
397,10.0.0.4,10.0.0.3,14,14,0,0,116718,0.00276464
398,10.0.0.1,10.0.0.9,28,28,0,0,2.17841e+06,0.00560567
399,10.0.0.9,10.0.0.1,14,14,0,0,116728,0.00234432
400,10.0.0.13,10.0.0.12,28,28,0,0,2.1755e+06,0.00598444
401,10.0.0.12,10.0.0.13,14,14,0,0,117212,0.00234191
402,10.0.0.10,10.0.0.7,28,28,0,0,2.17779e+06,0.00564907
403,10.0.0.7,10.0.0.10,14,14,0,0,116733,0.00234136
404,10.0.0.13,10.0.0.6,27,27,0,0,2.09264e+06,0.00647856
405,10.0.0.6,10.0.0.13,14,14,0,0,119539,0.00276218
406,10.0.0.12,10.0.0.5,28,28,0,0,2.17681e+06,0.00571881
407,10.0.0.5,10.0.0.12,14,14,0,0,116735,0.00234351
408,10.0.0.3,10.0.0.17,28,28,0,0,2.17715e+06,0.00568136
409,10.0.0.17,10.0.0.3,14,14,0,0,116729,0.00233944
410,10.0.0.19,10.0.0.2,28,28,0,0,2.18072e+06,0.0055236
411,10.0.0.2,10.0.0.19,14,14,0,0,116735,0.00233874
412,10.0.0.8,10.0.0.6,21,21,0,0,1.55522e+06,0.0126208
413,10.0.0.6,10.0.0.8,11,11,0,0,110855,0.00771764
414,10.0.0.5,10.0.0.2,22,22,0,0,1.64423e+06,0.0145149
415,10.0.0.2,10.0.0.5,11,11,0,0,115258,0.00347703
416,10.0.0.15,10.0.0.18,27,27,0,0,2.08437e+06,0.012093
417,10.0.0.18,10.0.0.15,14,14,0,0,116726,0.00384693
418,10.0.0.6,10.0.0.12,22,22,0,0,1.64192e+06,0.00714913
419,10.0.0.12,10.0.0.6,11,11,0,0,96241,0.0111102
420,10.0.0.11,10.0.0.2,21,21,0,0,1.54974e+06,0.0145997
421,10.0.0.2,10.0.0.11,11,11,0,0,115814,0.00453407
422,10.0.0.1,10.0.0.4,28,28,0,0,2.17901e+06,0.005618
423,10.0.0.4,10.0.0.1,14,14,0,0,116728,0.00233955
424,10.0.0.2,10.0.0.17,28,28,0,0,2.16806e+06,0.00757553
425,10.0.0.17,10.0.0.2,14,14,0,0,116187,0.00299104
426,10.0.0.19,10.0.0.4,28,28,0,0,2.18187e+06,0.00595952
427,10.0.0.4,10.0.0.19,14,14,0,0,116747,0.00234115
428,10.0.0.8,10.0.0.14,28,28,0,0,2.17769e+06,0.00619076
429,10.0.0.14,10.0.0.8,14,14,0,0,116720,0.00287997
430,10.0.0.1,10.0.0.14,28,28,0,0,2.17912e+06,0.00564612
431,10.0.0.14,10.0.0.1,14,14,0,0,116727,0.00233971
432,10.0.0.13,10.0.0.15,27,27,0,0,2.08322e+06,0.00593165
433,10.0.0.15,10.0.0.13,14,14,0,0,117120,0.00434099
434,10.0.0.11,10.0.0.18,20,20,0,0,1.45457e+06,0.0115779
435,10.0.0.18,10.0.0.11,10,10,0,0,94332.5,0.0119578
436,10.0.0.8,10.0.0.20,28,28,0,0,2.18212e+06,0.00609004
437,10.0.0.20,10.0.0.8,14,14,0,0,116733,0.00234401
438,10.0.0.7,10.0.0.6,28,28,0,0,2.17807e+06,0.0072665
439,10.0.0.6,10.0.0.7,14,14,0,0,117356,0.00534525
440,10.0.0.8,10.0.0.12,28,28,0,0,2.16614e+06,0.0108397
441,10.0.0.12,10.0.0.8,14,14,0,0,115877,0.00454143
442,10.0.0.15,10.0.0.8,2,0,2,100,0,0
443,10.0.0.6,10.0.0.13,28,28,0,0,2.1819e+06,0.0055916
444,10.0.0.13,10.0.0.6,14,14,0,0,116724,0.00233999
445,10.0.0.17,10.0.0.15,28,28,0,0,2.18072e+06,0.0060095
446,10.0.0.15,10.0.0.17,14,14,0,0,116711,0.00234238
447,10.0.0.9,10.0.0.12,28,28,0,0,2.17859e+06,0.0165414
448,10.0.0.12,10.0.0.9,14,14,0,0,116727,0.00569352
449,10.0.0.11,10.0.0.18,28,28,0,0,2.11591e+06,0.0469202
450,10.0.0.18,10.0.0.11,15,15,0,0,120402,0.0398821
451,10.0.0.3,10.0.0.4,28,28,0,0,2.1808e+06,0.00558465
452,10.0.0.4,10.0.0.3,14,14,0,0,116734,0.0023444
453,10.0.0.3,10.0.0.15,28,28,0,0,2.17171e+06,0.00656479
454,10.0.0.15,10.0.0.3,14,14,0,0,116308,0.00252172
455,10.0.0.8,10.0.0.14,28,28,0,0,2.18194e+06,0.00624148
456,10.0.0.14,10.0.0.8,14,14,0,0,116723,0.00234515
457,10.0.0.5,10.0.0.8,22,22,0,0,1.64404e+06,0.0154133
458,10.0.0.8,10.0.0.5,11,11,0,0,115259,0.00473662
459,10.0.0.4,10.0.0.12,28,28,0,0,2.18135e+06,0.0055838
460,10.0.0.12,10.0.0.4,14,14,0,0,116742,0.00234303
461,10.0.0.5,10.0.0.12,28,28,0,0,2.18164e+06,0.00557589
462,10.0.0.12,10.0.0.5,14,14,0,0,116723,0.00250513
463,10.0.0.8,10.0.0.14,28,28,0,0,2.18111e+06,0.00709242
464,10.0.0.14,10.0.0.8,14,14,0,0,116722,0.00356425
465,10.0.0.11,10.0.0.9,28,28,0,0,2.17801e+06,0.00570766
466,10.0.0.9,10.0.0.11,14,14,0,0,116714,0.0023435
467,10.0.0.10,10.0.0.17,22,22,0,0,1.64494e+06,0.00936804
468,10.0.0.17,10.0.0.10,11,11,0,0,102308,0.00909376
469,10.0.0.16,10.0.0.8,28,28,0,0,2.18011e+06,0.00598784
470,10.0.0.8,10.0.0.16,14,14,0,0,116736,0.00234422
471,10.0.0.17,10.0.0.3,28,28,0,0,2.18154e+06,0.00553137
472,10.0.0.3,10.0.0.17,14,14,0,0,116727,0.00233964
473,10.0.0.12,10.0.0.19,22,22,0,0,1.64091e+06,0.015
474,10.0.0.19,10.0.0.12,11,11,0,0,116351,0.00309402
475,10.0.0.10,10.0.0.11,28,28,0,0,2.17827e+06,0.00557133
476,10.0.0.11,10.0.0.10,14,14,0,0,116735,0.00234381
477,10.0.0.1,10.0.0.5,28,28,0,0,2.18002e+06,0.00559876
478,10.0.0.5,10.0.0.1,14,14,0,0,116720,0.00234045
479,10.0.0.7,10.0.0.16,22,22,0,0,1.64083e+06,0.0115397
480,10.0.0.16,10.0.0.7,11,11,0,0,107175,0.00613211
481,10.0.0.11,10.0.0.3,28,28,0,0,2.1783e+06,0.00562229
482,10.0.0.3,10.0.0.11,14,14,0,0,116744,0.00261179
483,10.0.0.3,10.0.0.13,28,28,0,0,2.16906e+06,0.00866499
484,10.0.0.13,10.0.0.3,14,14,0,0,116027,0.00332157
485,10.0.0.20,10.0.0.13,28,28,0,0,2.18203e+06,0.00551472
486,10.0.0.13,10.0.0.20,14,14,0,0,116722,0.00234266
487,10.0.0.3,10.0.0.20,25,25,0,0,1.90052e+06,0.00739034
488,10.0.0.20,10.0.0.3,13,13,0,0,112570,0.00649533
489,10.0.0.4,10.0.0.11,29,28,1,3.44828,2.15456e+06,0.0442844
490,10.0.0.11,10.0.0.4,16,15,1,6.25,126565,0.0320475
491,10.0.0.4,10.0.0.12,28,28,0,0,2.17253e+06,0.00576727
492,10.0.0.12,10.0.0.4,14,14,0,0,116715,0.00234337
493,10.0.0.6,10.0.0.18,28,28,0,0,2.17659e+06,0.00560973
494,10.0.0.18,10.0.0.6,14,14,0,0,116733,0.00234031
495,10.0.0.18,10.0.0.20,28,28,0,0,2.17681e+06,0.00597533
496,10.0.0.20,10.0.0.18,14,14,0,0,116744,0.0023434
497,10.0.0.4,10.0.0.6,28,28,0,0,2.17959e+06,0.005845
498,10.0.0.6,10.0.0.4,14,14,0,0,117407,0.00234137
499,10.0.0.8,10.0.0.12,28,28,0,0,2.15781e+06,0.0113777
500,10.0.0.12,10.0.0.8,14,14,0,0,115605,0.00393476
501,10.0.0.19,10.0.0.16,28,28,0,0,2.18186e+06,0.00676171
502,10.0.0.16,10.0.0.19,14,14,0,0,116729,0.00329384
503,10.0.0.13,10.0.0.3,28,28,0,0,2.16408e+06,0.00906261
504,10.0.0.3,10.0.0.13,14,14,0,0,116576,0.00288495
505,10.0.0.9,10.0.0.3,20,20,0,0,1.46538e+06,0.012062
506,10.0.0.3,10.0.0.9,10,10,0,0,99949,0.0100143
507,10.0.0.5,10.0.0.20,22,22,0,0,1.64408e+06,0.0115061
508,10.0.0.20,10.0.0.5,11,11,0,0,107243,0.00712193
509,10.0.0.9,10.0.0.13,3,3,0,0,1176.27,0.00524569
510,10.0.0.13,10.0.0.9,1,1,0,0,447.377,1.00139
511,10.0.0.20,10.0.0.9,23,23,0,0,1.72167e+06,0.0135917
512,10.0.0.9,10.0.0.20,12,12,0,0,118696,0.0049057
513,10.0.0.19,10.0.0.6,28,28,0,0,2.1781e+06,0.00557808
514,10.0.0.6,10.0.0.19,14,14,0,0,116724,0.00234241
515,10.0.0.12,10.0.0.7,21,21,0,0,1.53914e+06,0.0198894
516,10.0.0.7,10.0.0.12,11,11,0,0,109648,0.0112873
517,10.0.0.16,10.0.0.18,29,28,1,3.44828,2.17743e+06,0.0230347
518,10.0.0.18,10.0.0.16,16,16,0,0,137134,0.0038949
519,10.0.0.14,10.0.0.18,28,28,0,0,2.17899e+06,0.00562678
520,10.0.0.18,10.0.0.14,14,14,0,0,116730,0.00234174
521,10.0.0.7,10.0.0.16,28,28,0,0,2.18019e+06,0.00594245
522,10.0.0.16,10.0.0.7,14,14,0,0,116735,0.00234143
523,10.0.0.19,10.0.0.5,28,28,0,0,2.182e+06,0.00553718
524,10.0.0.5,10.0.0.19,14,14,0,0,116735,0.00234119
525,10.0.0.15,10.0.0.12,3,2,1,33.3333,17149.2,0.0107058
526,10.0.0.12,10.0.0.15,1,1,0,0,447.384,1.00138
527,10.0.0.3,10.0.0.4,28,28,0,0,2.16524e+06,0.0062036
528,10.0.0.4,10.0.0.3,14,14,0,0,116691,0.00304457
529,10.0.0.11,10.0.0.17,28,28,0,0,2.18058e+06,0.00559315
530,10.0.0.17,10.0.0.11,14,14,0,0,116725,0.00234228
531,10.0.0.8,10.0.0.15,2,2,0,0,17256,0.0063117
532,10.0.0.15,10.0.0.8,1,0,1,100,0,0
533,10.0.0.2,10.0.0.20,26,26,0,0,2.0031e+06,0.00769886
534,10.0.0.20,10.0.0.2,13,13,0,0,113488,0.00350722
535,10.0.0.5,10.0.0.20,28,28,0,0,2.17716e+06,0.0062178
536,10.0.0.20,10.0.0.5,14,14,0,0,116736,0.00234126
537,10.0.0.6,10.0.0.8,28,28,0,0,2.17087e+06,0.00885432
538,10.0.0.8,10.0.0.6,14,14,0,0,116740,0.0023473
539,10.0.0.6,10.0.0.15,27,26,1,3.7037,1.03197e+06,0.811315
540,10.0.0.15,10.0.0.6,21,21,0,0,78415.9,0.0308227
541,10.0.0.11,10.0.0.18,29,28,1,3.44828,2.13388e+06,0.0242971
542,10.0.0.18,10.0.0.11,16,16,0,0,134110,0.00661331
543,10.0.0.5,10.0.0.6,28,28,0,0,2.15796e+06,0.00695543
544,10.0.0.6,10.0.0.5,14,14,0,0,115631,0.00234223
545,10.0.0.7,10.0.0.19,28,28,0,0,2.1631e+06,0.0126559
546,10.0.0.19,10.0.0.7,14,14,0,0,115831,0.00373618
547,10.0.0.6,10.0.0.10,3,3,0,0,394.135,5.95445
548,10.0.0.16,10.0.0.7,28,28,0,0,2.1765e+06,0.00560696
549,10.0.0.7,10.0.0.16,14,14,0,0,116732,0.00234151
550,10.0.0.17,10.0.0.16,24,24,0,0,1.81777e+06,0.0129481
551,10.0.0.16,10.0.0.17,12,12,0,0,119066,0.00252618
552,10.0.0.5,10.0.0.10,23,23,0,0,1.73409e+06,0.00988768
553,10.0.0.10,10.0.0.5,12,12,0,0,108017,0.00730186
554,10.0.0.17,10.0.0.19,28,28,0,0,2.18093e+06,0.0109823
555,10.0.0.19,10.0.0.17,14,14,0,0,116722,0.00279561
556,10.0.0.7,10.0.0.13,28,28,0,0,2.17163e+06,0.00806456
557,10.0.0.13,10.0.0.7,14,14,0,0,116174,0.00428309
558,10.0.0.15,10.0.0.6,29,28,1,3.44828,931024,0.111085
559,10.0.0.6,10.0.0.15,17,16,1,5.88235,59210.2,0.251516
560,10.0.0.4,10.0.0.10,28,28,0,0,2.16122e+06,0.00617573
561,10.0.0.10,10.0.0.4,14,14,0,0,115618,0.00283873
562,10.0.0.13,10.0.0.11,3,3,0,0,1160.32,1.97722
563,10.0.0.10,10.0.0.12,27,26,1,3.7037,1.97719e+06,0.138586
564,10.0.0.12,10.0.0.10,20,20,0,0,117414,0.0104824
565,10.0.0.14,10.0.0.15,28,28,0,0,1.60079e+06,0.0296149
566,10.0.0.15,10.0.0.14,14,14,0,0,85524.7,0.00338144
567,10.0.0.15,10.0.0.2,28,27,1,3.57143,2.14962e+06,0.0335569
568,10.0.0.2,10.0.0.15,20,19,1,5,138595,0.109018
569,10.0.0.3,10.0.0.2,28,28,0,0,2.1639e+06,0.00653107
570,10.0.0.2,10.0.0.3,14,14,0,0,115763,0.0035394
571,10.0.0.12,10.0.0.1,22,22,0,0,1.641e+06,0.0112574
572,10.0.0.1,10.0.0.12,11,11,0,0,106479,0.00608137
573,10.0.0.15,10.0.0.5,28,28,0,0,2.11596e+06,0.0142535
574,10.0.0.5,10.0.0.15,15,15,0,0,121311,0.00653929
575,10.0.0.16,10.0.0.10,3,3,0,0,394.145,5.95281
576,10.0.0.11,10.0.0.13,1,1,0,0,66596.5,0.00672708
577,10.0.0.3,10.0.0.14,28,28,0,0,2.18167e+06,0.00746052
578,10.0.0.14,10.0.0.3,14,14,0,0,116729,0.00334789
579,10.0.0.2,10.0.0.9,28,28,0,0,2.17331e+06,0.00664595
580,10.0.0.9,10.0.0.2,14,14,0,0,116720,0.00275894
581,10.0.0.12,10.0.0.7,28,28,0,0,2.15008e+06,0.0110588
582,10.0.0.7,10.0.0.12,14,14,0,0,115633,0.00328318
583,10.0.0.10,10.0.0.6,1,1,0,0,254793,0.00175829
584,10.0.0.14,10.0.0.4,28,28,0,0,2.17851e+06,0.00555798
585,10.0.0.4,10.0.0.14,14,14,0,0,116719,0.0024396
586,10.0.0.14,10.0.0.3,28,28,0,0,2.16955e+06,0.00654287
587,10.0.0.3,10.0.0.14,14,14,0,0,116066,0.002634
588,10.0.0.20,10.0.0.15,28,28,0,0,2.12269e+06,0.00955006
589,10.0.0.15,10.0.0.20,14,14,0,0,113587,0.00363142
590,10.0.0.9,10.0.0.20,28,28,0,0,2.16417e+06,0.00704828
591,10.0.0.20,10.0.0.9,14,14,0,0,115971,0.00234593
592,10.0.0.11,10.0.0.2,28,28,0,0,2.18188e+06,0.0191449
593,10.0.0.2,10.0.0.11,14,14,0,0,116712,0.00550373
594,10.0.0.5,10.0.0.9,28,28,0,0,2.17823e+06,0.00690149
595,10.0.0.9,10.0.0.5,14,14,0,0,116728,0.00258795
596,10.0.0.3,10.0.0.14,28,28,0,0,2.17386e+06,0.0072515
597,10.0.0.14,10.0.0.3,14,14,0,0,116840,0.00304411
598,10.0.0.17,10.0.0.2,28,27,1,3.57143,1.77781e+06,0.0476054
599,10.0.0.2,10.0.0.17,20,20,0,0,122893,0.0187522
600,10.0.0.15,10.0.0.7,28,28,0,0,2.17795e+06,0.00562722
601,10.0.0.7,10.0.0.15,14,14,0,0,116738,0.00234322
602,10.0.0.18,10.0.0.6,28,28,0,0,2.18018e+06,0.00558986
603,10.0.0.6,10.0.0.18,14,14,0,0,116722,0.0023402
604,10.0.0.3,10.0.0.6,24,23,1,4.16667,1.72999e+06,0.0187729
605,10.0.0.10,10.0.0.16,1,1,0,0,179358,0.00249779
606,10.0.0.6,10.0.0.3,13,13,0,0,123469,0.00935222
607,10.0.0.11,10.0.0.19,30,27,3,10,1.65713e+06,0.0551662
608,10.0.0.19,10.0.0.11,23,23,0,0,113547,0.0586738
609,10.0.0.9,10.0.0.16,28,28,0,0,2.18223e+06,0.00549337
610,10.0.0.16,10.0.0.9,14,14,0,0,116747,0.00234214
611,10.0.0.8,10.0.0.5,28,28,0,0,2.16243e+06,0.00711556
612,10.0.0.5,10.0.0.8,14,14,0,0,116163,0.0029076
613,10.0.0.16,10.0.0.4,28,28,0,0,2.17821e+06,0.00631467
614,10.0.0.4,10.0.0.16,14,14,0,0,116735,0.00420402
615,10.0.0.7,10.0.0.18,28,28,0,0,2.15569e+06,0.0105672
616,10.0.0.18,10.0.0.7,14,14,0,0,116519,0.00551022
617,10.0.0.4,10.0.0.15,27,27,0,0,2.07764e+06,0.025306
618,10.0.0.15,10.0.0.4,14,14,0,0,116467,0.0132064
619,10.0.0.8,10.0.0.5,28,28,0,0,2.17428e+06,0.00688164
620,10.0.0.5,10.0.0.8,14,14,0,0,116322,0.00252465
621,10.0.0.10,10.0.0.19,24,24,0,0,1.80579e+06,0.00825588
622,10.0.0.19,10.0.0.10,12,12,0,0,105875,0.00765311
623,10.0.0.20,10.0.0.16,28,28,0,0,2.16984e+06,0.00632614
624,10.0.0.16,10.0.0.20,14,14,0,0,116189,0.00318724
625,10.0.0.9,10.0.0.8,28,28,0,0,2.18054e+06,0.00553328
626,10.0.0.8,10.0.0.9,14,14,0,0,116725,0.00234231
627,10.0.0.19,10.0.0.18,28,28,0,0,2.18168e+06,0.00557458
628,10.0.0.18,10.0.0.19,14,14,0,0,116733,0.00234037
629,10.0.0.1,10.0.0.20,21,21,0,0,1.54934e+06,0.00945368
630,10.0.0.20,10.0.0.1,11,11,0,0,102306,0.0111256
631,10.0.0.15,10.0.0.13,27,26,1,3.7037,1.53703e+06,0.0949886
632,10.0.0.13,10.0.0.15,17,16,1,5.88235,102702,0.0721856
633,10.0.0.1,10.0.0.13,28,28,0,0,2.17915e+06,0.00566959
634,10.0.0.13,10.0.0.1,14,14,0,0,116746,0.00234231
635,10.0.0.8,10.0.0.20,28,28,0,0,2.16188e+06,0.0078527
636,10.0.0.20,10.0.0.8,14,14,0,0,115887,0.00264211
637,10.0.0.7,10.0.0.9,3,3,0,0,1172.69,1.95568
638,10.0.0.20,10.0.0.15,28,28,0,0,2.16722e+06,0.00919782
639,10.0.0.15,10.0.0.20,14,14,0,0,115969,0.00488518
640,10.0.0.2,10.0.0.9,28,28,0,0,2.16791e+06,0.008355
641,10.0.0.9,10.0.0.2,14,14,0,0,116189,0.00274081
642,10.0.0.7,10.0.0.4,28,28,0,0,2.17555e+06,0.00946165
643,10.0.0.4,10.0.0.7,14,14,0,0,117108,0.00274119
644,10.0.0.7,10.0.0.13,28,28,0,0,2.1289e+06,0.0126682
645,10.0.0.13,10.0.0.7,14,14,0,0,114055,0.0063197
646,10.0.0.13,10.0.0.18,22,22,0,0,1.64091e+06,0.00970043
647,10.0.0.18,10.0.0.13,11,11,0,0,102575,0.00805596
648,10.0.0.12,10.0.0.8,27,27,0,0,1.61894e+06,0.0828393
649,10.0.0.8,10.0.0.12,16,16,0,0,104518,0.133589
650,10.0.0.9,10.0.0.7,1,1,0,0,70072.4,0.00639339
651,10.0.0.15,10.0.0.5,28,28,0,0,2.09772e+06,0.137929
652,10.0.0.5,10.0.0.15,14,14,0,0,112527,0.00849757
653,10.0.0.11,10.0.0.7,22,22,0,0,1.6308e+06,0.0132421
654,10.0.0.7,10.0.0.11,11,11,0,0,108853,0.00616219
655,10.0.0.16,10.0.0.1,24,24,0,0,1.81587e+06,0.00817566
656,10.0.0.1,10.0.0.16,12,12,0,0,103154,0.00769602
657,10.0.0.14,10.0.0.8,28,28,0,0,2.1787e+06,0.00749837
658,10.0.0.8,10.0.0.14,14,14,0,0,116740,0.00334277
659,10.0.0.10,10.0.0.5,28,28,0,0,2.18034e+06,0.0108341
660,10.0.0.5,10.0.0.10,14,14,0,0,116717,0.00418474
661,10.0.0.6,10.0.0.14,23,23,0,0,1.72022e+06,0.00772381
662,10.0.0.14,10.0.0.6,12,12,0,0,106209,0.00826423
663,10.0.0.2,10.0.0.8,24,24,0,0,1.82237e+06,0.00727159
664,10.0.0.8,10.0.0.2,12,12,0,0,104651,0.00728235
665,10.0.0.20,10.0.0.2,28,28,0,0,2.17936e+06,0.00556771
666,10.0.0.2,10.0.0.20,14,14,0,0,116737,0.00273881
667,10.0.0.19,10.0.0.12,28,28,0,0,2.17928e+06,0.0106962
668,10.0.0.12,10.0.0.19,14,14,0,0,116729,0.00403461
669,10.0.0.7,10.0.0.5,28,28,0,0,2.16943e+06,0.0075755
670,10.0.0.5,10.0.0.7,14,14,0,0,116142,0.00234645
671,10.0.0.7,10.0.0.8,28,28,0,0,2.1665e+06,0.0073741
672,10.0.0.8,10.0.0.7,14,14,0,0,116448,0.00281377
673,10.0.0.15,10.0.0.14,29,28,1,3.44828,2.07912e+06,0.0360751
674,10.0.0.14,10.0.0.15,16,16,0,0,131912,0.016849
675,10.0.0.11,10.0.0.17,28,28,0,0,2.18152e+06,0.00559621
676,10.0.0.17,10.0.0.11,14,14,0,0,116725,0.00234231
677,10.0.0.15,10.0.0.16,22,22,0,0,1.63752e+06,0.0108816
678,10.0.0.16,10.0.0.15,11,11,0,0,104769,0.00812304
679,10.0.0.10,10.0.0.6,28,28,0,0,2.16901e+06,0.013367
680,10.0.0.6,10.0.0.10,14,14,0,0,116727,0.00465491
681,10.0.0.19,10.0.0.9,28,28,0,0,2.1778e+06,0.0097505
682,10.0.0.9,10.0.0.19,14,14,0,0,116731,0.00290997
683,10.0.0.4,10.0.0.20,28,28,0,0,2.18182e+06,0.00548861
684,10.0.0.20,10.0.0.4,14,14,0,0,116735,0.00234112
685,10.0.0.14,10.0.0.13,21,21,0,0,1.5511e+06,0.0114112
686,10.0.0.13,10.0.0.14,11,11,0,0,107016,0.00915682
687,10.0.0.10,10.0.0.5,28,28,0,0,2.17647e+06,0.00822242
688,10.0.0.5,10.0.0.10,14,14,0,0,116723,0.00262446
689,10.0.0.20,10.0.0.14,28,28,0,0,2.17783e+06,0.00560403
690,10.0.0.14,10.0.0.20,14,14,0,0,116723,0.00234009
691,10.0.0.13,10.0.0.20,28,28,0,0,2.17961e+06,0.00562761
692,10.0.0.20,10.0.0.13,14,14,0,0,116717,0.00234346
693,10.0.0.1,10.0.0.20,28,28,0,0,2.17833e+06,0.00564606
694,10.0.0.20,10.0.0.1,14,14,0,0,116746,0.00233992
695,10.0.0.5,10.0.0.20,28,28,0,0,2.17666e+06,0.00569826
696,10.0.0.20,10.0.0.5,14,14,0,0,116728,0.00234195
697,10.0.0.16,10.0.0.7,28,28,0,0,2.17714e+06,0.005698
698,10.0.0.7,10.0.0.16,14,14,0,0,116740,0.00234195
699,10.0.0.3,10.0.0.8,21,21,0,0,1.55168e+06,0.0112745
700,10.0.0.8,10.0.0.3,11,11,0,0,107066,0.00810529
701,10.0.0.13,10.0.0.9,29,28,1,3.44828,2.14379e+06,0.0623366
702,10.0.0.9,10.0.0.13,16,16,0,0,136156,0.00625416
703,10.0.0.19,10.0.0.20,28,28,0,0,2.18165e+06,0.00558791
704,10.0.0.20,10.0.0.19,14,14,0,0,116731,0.00276542
705,10.0.0.17,10.0.0.15,28,28,0,0,2.17731e+06,0.00565326
706,10.0.0.15,10.0.0.17,14,14,0,0,116733,0.0023438
707,10.0.0.10,10.0.0.14,28,28,0,0,2.17792e+06,0.00954005
708,10.0.0.14,10.0.0.10,14,14,0,0,116746,0.00658202
709,10.0.0.20,10.0.0.15,27,27,0,0,2.05227e+06,0.0088971
710,10.0.0.15,10.0.0.20,14,14,0,0,115268,0.00536448
711,10.0.0.5,10.0.0.18,28,28,0,0,2.17842e+06,0.00565243
712,10.0.0.18,10.0.0.5,14,14,0,0,116724,0.00234238
713,10.0.0.10,10.0.0.8,20,20,0,0,1.46102e+06,0.0122817
714,10.0.0.8,10.0.0.10,10,10,0,0,99981.8,0.0100156
715,10.0.0.16,10.0.0.6,19,18,1,5.26316,1.24464e+06,0.0373203
716,10.0.0.6,10.0.0.16,11,11,0,0,133856,0.0178823
717,10.0.0.16,10.0.0.19,28,28,0,0,2.13098e+06,0.0165634
718,10.0.0.19,10.0.0.16,14,14,0,0,114910,0.00852818
719,10.0.0.10,10.0.0.4,28,28,0,0,2.17804e+06,0.00761625
720,10.0.0.4,10.0.0.10,14,14,0,0,116715,0.00320882
721,10.0.0.13,10.0.0.5,28,28,0,0,2.17859e+06,0.00629194
722,10.0.0.5,10.0.0.13,14,14,0,0,117304,0.00234233
723,10.0.0.15,10.0.0.6,29,28,1,3.44828,13700.4,0.577733
724,10.0.0.6,10.0.0.15,21,7,14,66.6667,6547.72,2.39351
725,10.0.0.11,10.0.0.5,28,27,1,3.57143,939087,0.168771
726,10.0.0.5,10.0.0.11,17,17,0,0,62983.4,0.0164805
727,10.0.0.4,10.0.0.5,28,28,0,0,2.17868e+06,0.00604446
728,10.0.0.5,10.0.0.4,14,14,0,0,116743,0.00233979
729,10.0.0.12,10.0.0.1,28,28,0,0,2.16454e+06,0.0142697
730,10.0.0.1,10.0.0.12,14,14,0,0,116358,0.0026759
731,10.0.0.9,10.0.0.6,3,3,0,0,1021.74,0.191104
732,10.0.0.19,10.0.0.7,28,28,0,0,2.17503e+06,0.00989204
733,10.0.0.7,10.0.0.19,14,14,0,0,116362,0.00326016
734,10.0.0.6,10.0.0.9,1,1,0,0,430.724,1.04011
735,10.0.0.20,10.0.0.7,21,21,0,0,1.55045e+06,0.0150522
736,10.0.0.7,10.0.0.20,11,11,0,0,115465,0.0052666
737,10.0.0.7,10.0.0.1,24,24,0,0,1.81945e+06,0.00854223
738,10.0.0.1,10.0.0.7,12,12,0,0,102394,0.0107679
739,10.0.0.9,10.0.0.6,3,3,0,0,1797.13,0.000645649
740,10.0.0.6,10.0.0.9,1,1,0,0,680.591,0.658251
741,10.0.0.15,10.0.0.1,28,28,0,0,2.11426e+06,0.0104442
742,10.0.0.1,10.0.0.15,14,14,0,0,113227,0.00430284
743,10.0.0.19,10.0.0.20,28,28,0,0,2.18193e+06,0.005931
744,10.0.0.20,10.0.0.19,14,14,0,0,116723,0.00257659
745,10.0.0.15,10.0.0.20,28,28,0,0,2.16403e+06,0.0184311
746,10.0.0.20,10.0.0.15,14,14,0,0,116088,0.00540693
747,10.0.0.12,10.0.0.8,27,26,1,3.7037,1.21061e+06,0.69226
748,10.0.0.8,10.0.0.12,21,21,0,0,36882.9,0.900043
749,10.0.0.12,10.0.0.17,2,2,0,0,17039.4,0.036031
750,10.0.0.17,10.0.0.12,1,0,1,100,0,0
751,10.0.0.15,10.0.0.20,28,27,1,3.57143,2.10045e+06,0.102377
752,10.0.0.20,10.0.0.15,20,20,0,0,140151,0.0162073
753,10.0.0.8,10.0.0.10,28,28,0,0,2.17771e+06,0.00571443
754,10.0.0.10,10.0.0.8,14,14,0,0,116727,0.00234228
755,10.0.0.6,10.0.0.2,28,28,0,0,2.17813e+06,0.00679184
756,10.0.0.2,10.0.0.6,14,14,0,0,116717,0.00234423
757,10.0.0.10,10.0.0.1,28,28,0,0,2.18061e+06,0.00891589
758,10.0.0.1,10.0.0.10,14,14,0,0,116745,0.00350384
759,10.0.0.10,10.0.0.5,28,28,0,0,2.17983e+06,0.00566085
760,10.0.0.5,10.0.0.10,14,14,0,0,116735,0.00275129
761,10.0.0.7,10.0.0.17,28,28,0,0,2.17771e+06,0.00662931
762,10.0.0.17,10.0.0.7,14,14,0,0,116727,0.00234403
763,10.0.0.8,10.0.0.10,28,28,0,0,2.17236e+06,0.0060958
764,10.0.0.10,10.0.0.8,14,14,0,0,117199,0.0025843
765,10.0.0.16,10.0.0.19,28,28,0,0,2.13909e+06,0.00860006
766,10.0.0.19,10.0.0.16,15,15,0,0,120981,0.00705198
767,10.0.0.8,10.0.0.9,28,28,0,0,2.18218e+06,0.00551767
768,10.0.0.9,10.0.0.8,14,14,0,0,116734,0.00234256
769,10.0.0.10,10.0.0.15,28,28,0,0,2.17671e+06,0.00731973
770,10.0.0.15,10.0.0.10,14,14,0,0,116729,0.00299546
771,10.0.0.8,10.0.0.15,2,2,0,0,17256.2,0.000137028
772,10.0.0.15,10.0.0.8,1,0,1,100,0,0
773,10.0.0.17,10.0.0.2,26,26,0,0,1.33888e+06,0.131968
774,10.0.0.2,10.0.0.17,16,16,0,0,86622.6,0.352151
775,10.0.0.9,10.0.0.16,28,28,0,0,2.15055e+06,0.00716569
776,10.0.0.16,10.0.0.9,14,14,0,0,115983,0.0023438
777,10.0.0.17,10.0.0.7,28,28,0,0,2.17692e+06,0.00612937
778,10.0.0.7,10.0.0.17,14,14,0,0,116729,0.00234419
779,10.0.0.4,10.0.0.11,27,26,1,3.7037,836388,0.671179
780,10.0.0.11,10.0.0.4,20,19,1,5,47059.9,0.08004
781,10.0.0.9,10.0.0.3,28,28,0,0,2.17768e+06,0.00639856
782,10.0.0.3,10.0.0.9,14,14,0,0,116718,0.00234121
783,10.0.0.10,10.0.0.19,28,28,0,0,2.13893e+06,0.0128936
784,10.0.0.19,10.0.0.10,15,15,0,0,122487,0.00400862
785,10.0.0.15,10.0.0.11,22,22,0,0,1.64355e+06,0.0125563
786,10.0.0.11,10.0.0.15,11,11,0,0,110008,0.00516894
787,10.0.0.12,10.0.0.10,27,27,0,0,443371,0.326613
788,10.0.0.10,10.0.0.12,21,20,1,4.7619,34178.3,1.0128
789,10.0.0.8,10.0.0.16,28,28,0,0,2.16866e+06,0.014606
790,10.0.0.16,10.0.0.8,14,14,0,0,116648,0.00271122
791,10.0.0.4,10.0.0.18,28,28,0,0,2.1789e+06,0.00662912
792,10.0.0.18,10.0.0.4,14,14,0,0,117153,0.00234196
793,10.0.0.10,10.0.0.20,28,28,0,0,2.17913e+06,0.0094198
794,10.0.0.20,10.0.0.10,14,14,0,0,116715,0.00364765
795,10.0.0.14,10.0.0.2,28,28,0,0,2.17013e+06,0.00620683
796,10.0.0.2,10.0.0.14,14,14,0,0,116727,0.00272063
797,10.0.0.8,10.0.0.5,28,28,0,0,2.16826e+06,0.00845429
798,10.0.0.5,10.0.0.8,14,14,0,0,115991,0.00327552
799,10.0.0.16,10.0.0.7,28,28,0,0,2.17798e+06,0.00621052
800,10.0.0.7,10.0.0.16,14,14,0,0,116737,0.00234228
801,10.0.0.7,10.0.0.2,27,26,1,3.7037,1.2981e+06,0.0202754
802,10.0.0.2,10.0.0.7,17,17,0,0,89834.2,0.0394749
803,10.0.0.6,10.0.0.17,2,0,2,100,0,0
804,10.0.0.4,10.0.0.1,28,28,0,0,2.18117e+06,0.00557931
805,10.0.0.1,10.0.0.4,14,14,0,0,116724,0.00234193
806,10.0.0.9,10.0.0.3,28,28,0,0,2.1711e+06,0.00586502
807,10.0.0.3,10.0.0.9,14,14,0,0,116730,0.00234129
808,10.0.0.3,10.0.0.5,28,28,0,0,2.13262e+06,0.00931147
809,10.0.0.5,10.0.0.3,14,14,0,0,115402,0.00313742
810,10.0.0.19,10.0.0.12,29,28,1,3.44828,2.17081e+06,0.0188183
811,10.0.0.12,10.0.0.19,16,16,0,0,137131,0.00447263
812,10.0.0.13,10.0.0.11,2,1,1,50,8009.57,0.00193788
813,10.0.0.1,10.0.0.20,28,28,0,0,2.18137e+06,0.00550312
814,10.0.0.20,10.0.0.1,14,14,0,0,116740,0.00247552
815,10.0.0.8,10.0.0.11,27,27,0,0,2.05947e+06,0.0114498
816,10.0.0.11,10.0.0.8,14,14,0,0,114869,0.0121374
817,10.0.0.20,10.0.0.11,28,28,0,0,1.16209e+06,0.303787
818,10.0.0.11,10.0.0.20,20,20,0,0,116710,0.121795
819,10.0.0.4,10.0.0.8,3,3,0,0,1169.64,0.0116368
820,10.0.0.8,10.0.0.4,1,1,0,0,447.683,1.00071
821,10.0.0.3,10.0.0.17,28,28,0,0,2.17981e+06,0.00603761
822,10.0.0.17,10.0.0.3,14,14,0,0,116729,0.00234076
823,10.0.0.13,10.0.0.15,48,30,18,37.5,29245.2,5.55188
824,10.0.0.15,10.0.0.13,31,24,7,22.5806,2182.47,3.85244
825,10.0.0.6,10.0.0.5,28,28,0,0,2.17779e+06,0.00674231
826,10.0.0.5,10.0.0.6,14,14,0,0,116719,0.00260377
827,10.0.0.20,10.0.0.18,28,28,0,0,2.18085e+06,0.00624819
828,10.0.0.18,10.0.0.20,14,14,0,0,116720,0.00318752
829,10.0.0.14,10.0.0.10,28,28,0,0,1.85908e+06,0.0250958
830,10.0.0.10,10.0.0.14,14,14,0,0,99376.6,0.0038591
831,10.0.0.18,10.0.0.6,28,28,0,0,2.17813e+06,0.00559795
832,10.0.0.6,10.0.0.18,14,14,0,0,116728,0.00234055
833,10.0.0.10,10.0.0.11,28,28,0,0,2.16014e+06,0.00744617
834,10.0.0.11,10.0.0.10,14,14,0,0,116126,0.00252498
835,10.0.0.11,10.0.0.7,28,28,0,0,2.17774e+06,0.00752699
836,10.0.0.7,10.0.0.11,14,14,0,0,116720,0.00269545
837,10.0.0.11,10.0.0.18,3,2,1,33.3333,152.152,0.0283354
838,10.0.0.18,10.0.0.11,2,1,1,50,89.2566,0.0192389
839,10.0.0.7,10.0.0.4,27,27,0,0,2.07942e+06,0.135437
840,10.0.0.4,10.0.0.7,14,14,0,0,119554,0.00954834
841,10.0.0.14,10.0.0.8,28,28,0,0,2.16449e+06,0.0109913
842,10.0.0.8,10.0.0.14,14,14,0,0,115778,0.00380041
843,10.0.0.17,10.0.0.7,28,28,0,0,2.16552e+06,0.00647473
844,10.0.0.7,10.0.0.17,14,14,0,0,116015,0.00280216
845,10.0.0.20,10.0.0.2,28,28,0,0,2.17537e+06,0.0059246
846,10.0.0.2,10.0.0.20,14,14,0,0,116370,0.00361023
847,10.0.0.10,10.0.0.11,28,28,0,0,2.1689e+06,0.00807383
848,10.0.0.11,10.0.0.10,14,14,0,0,116738,0.00430808
849,10.0.0.6,10.0.0.14,28,28,0,0,2.16035e+06,0.00948654
850,10.0.0.14,10.0.0.6,14,14,0,0,116533,0.00349055
851,10.0.0.11,10.0.0.20,25,24,1,4,542761,0.831242
852,10.0.0.20,10.0.0.11,18,18,0,0,48047.9,0.210995
853,10.0.0.1,10.0.0.8,28,28,0,0,2.17755e+06,0.00620118
854,10.0.0.8,10.0.0.1,14,14,0,0,116739,0.0040485
855,10.0.0.9,10.0.0.4,20,19,1,5,1.27665e+06,0.121399
856,10.0.0.4,10.0.0.9,14,14,0,0,150691,0.0244021
857,10.0.0.5,10.0.0.17,27,27,0,0,2.04148e+06,0.1008
858,10.0.0.17,10.0.0.5,14,14,0,0,116476,0.0570414
859,10.0.0.1,10.0.0.4,28,28,0,0,2.18101e+06,0.00653748
860,10.0.0.4,10.0.0.1,14,14,0,0,116727,0.00234234
861,10.0.0.12,10.0.0.6,28,28,0,0,2.16355e+06,0.00901727
862,10.0.0.6,10.0.0.12,14,14,0,0,116724,0.00253542
863,10.0.0.15,10.0.0.4,3,3,0,0,4010.81,0.526647
864,10.0.0.9,10.0.0.15,3,3,0,0,5977.1,0.326122
865,10.0.0.16,10.0.0.2,28,27,1,3.57143,938482,0.324013
866,10.0.0.2,10.0.0.16,21,21,0,0,82030.2,0.210702
867,10.0.0.4,10.0.0.15,1,1,0,0,635391,0.000705078
868,10.0.0.15,10.0.0.9,1,1,0,0,44977.7,0.00996049
869,10.0.0.8,10.0.0.2,28,28,0,0,2.16196e+06,0.0114411
870,10.0.0.2,10.0.0.8,14,14,0,0,115940,0.00605465
871,10.0.0.16,10.0.0.20,28,28,0,0,2.17302e+06,0.00739089
872,10.0.0.20,10.0.0.16,14,14,0,0,116426,0.00310694
873,10.0.0.2,10.0.0.13,28,28,0,0,2.1821e+06,0.00548431
874,10.0.0.13,10.0.0.2,14,14,0,0,116733,0.00234291
875,10.0.0.20,10.0.0.2,28,28,0,0,2.15617e+06,0.00701173
876,10.0.0.2,10.0.0.20,14,14,0,0,116093,0.00432841
877,10.0.0.4,10.0.0.15,2,2,0,0,15860.1,0.00629296
878,10.0.0.15,10.0.0.4,1,0,1,100,0,0
879,10.0.0.20,10.0.0.4,28,28,0,0,2.17716e+06,0.00587242
880,10.0.0.4,10.0.0.20,14,14,0,0,116741,0.00234141
881,10.0.0.11,10.0.0.7,28,28,0,0,2.16722e+06,0.00934962
882,10.0.0.7,10.0.0.11,14,14,0,0,115939,0.0030516
883,10.0.0.5,10.0.0.7,27,27,0,0,2.03525e+06,0.0138165
884,10.0.0.7,10.0.0.5,15,15,0,0,124359,0.00630526
885,10.0.0.17,10.0.0.20,28,28,0,0,2.04642e+06,0.0263407
886,10.0.0.20,10.0.0.17,14,14,0,0,109539,0.00601153
887,10.0.0.2,10.0.0.14,28,28,0,0,2.17901e+06,0.00850871
888,10.0.0.14,10.0.0.2,14,14,0,0,116725,0.00234444
889,10.0.0.19,10.0.0.5,28,28,0,0,2.17793e+06,0.00558626
890,10.0.0.5,10.0.0.19,14,14,0,0,116730,0.002343
891,10.0.0.18,10.0.0.11,2,0,2,100,0,0
892,10.0.0.9,10.0.0.2,28,28,0,0,1.65217e+06,0.20643
893,10.0.0.2,10.0.0.9,20,20,0,0,125959,0.243273
894,10.0.0.3,10.0.0.14,26,25,1,3.84615,1.71153e+06,0.528755
895,10.0.0.14,10.0.0.3,22,22,0,0,8592.39,0.0219795
896,10.0.0.9,10.0.0.12,2,1,1,50,7065.11,0.00888093
897,10.0.0.7,10.0.0.1,28,28,0,0,2.16724e+06,0.00759788
898,10.0.0.1,10.0.0.7,14,14,0,0,116058,0.00459095
899,10.0.0.15,10.0.0.1,28,26,2,7.14286,822603,0.183148
900,10.0.0.1,10.0.0.15,23,22,1,4.34783,63292,0.0799868
901,10.0.0.7,10.0.0.3,28,28,0,0,2.13215e+06,0.0106418
902,10.0.0.3,10.0.0.7,15,15,0,0,121838,0.00310434
903,10.0.0.16,10.0.0.13,2,0,2,100,0,0
904,10.0.0.3,10.0.0.4,28,28,0,0,1.9053e+06,0.0347508
905,10.0.0.4,10.0.0.3,20,20,0,0,148189,0.0401687
906,10.0.0.12,10.0.0.10,25,25,0,0,183679,1.37971
907,10.0.0.10,10.0.0.12,20,19,1,5,16100.1,3.3654
908,10.0.0.1,10.0.0.19,28,28,0,0,2.17594e+06,0.00652729
909,10.0.0.19,10.0.0.1,14,14,0,0,116405,0.00275712
910,10.0.0.6,10.0.0.19,28,28,0,0,2.17281e+06,0.00597635
911,10.0.0.19,10.0.0.6,14,14,0,0,116718,0.00234277
912,10.0.0.7,10.0.0.14,28,28,0,0,2.1664e+06,0.00874
913,10.0.0.14,10.0.0.7,14,14,0,0,116723,0.00404361
914,10.0.0.13,10.0.0.16,2,0,2,100,0,0
915,10.0.0.1,10.0.0.12,28,28,0,0,2.16291e+06,0.0118396
916,10.0.0.12,10.0.0.1,14,14,0,0,116757,0.00273838
917,10.0.0.4,10.0.0.1,28,28,0,0,2.18005e+06,0.00558971
918,10.0.0.1,10.0.0.4,14,14,0,0,116721,0.0023427
919,10.0.0.13,10.0.0.20,28,28,0,0,2.17666e+06,0.00619955
920,10.0.0.20,10.0.0.13,14,14,0,0,116741,0.00262243
921,10.0.0.2,10.0.0.11,2,1,1,50,8151.45,0.00103384
922,10.0.0.3,10.0.0.19,27,26,1,3.7037,1.96201e+06,0.179542
923,10.0.0.19,10.0.0.3,20,19,1,5,23248.6,0.21941
924,10.0.0.5,10.0.0.2,28,28,0,0,2.17895e+06,0.00604849
925,10.0.0.2,10.0.0.5,14,14,0,0,116737,0.0025504
926,10.0.0.1,10.0.0.9,27,27,0,0,2.06433e+06,0.0104622
927,10.0.0.9,10.0.0.1,14,14,0,0,120119,0.00598661
928,10.0.0.10,10.0.0.16,28,28,0,0,2.17651e+06,0.00562958
929,10.0.0.16,10.0.0.10,14,14,0,0,116718,0.00234444
930,10.0.0.6,10.0.0.3,2,1,1,50,7366.3,0.00647342
931,10.0.0.17,10.0.0.11,28,28,0,0,2.18225e+06,0.00553202
932,10.0.0.11,10.0.0.17,14,14,0,0,116742,0.002343
933,10.0.0.14,10.0.0.4,28,28,0,0,2.1798e+06,0.00553171
934,10.0.0.4,10.0.0.14,14,14,0,0,116739,0.00234268
935,10.0.0.13,10.0.0.8,26,26,0,0,1.53839e+06,0.408341
936,10.0.0.8,10.0.0.13,15,15,0,0,92454,0.0162051
937,10.0.0.1,10.0.0.3,22,22,0,0,1.57503e+06,0.012363
938,10.0.0.3,10.0.0.1,11,11,0,0,96279,0.0122412
939,10.0.0.6,10.0.0.5,28,28,0,0,2.18117e+06,0.00562899
940,10.0.0.5,10.0.0.6,14,14,0,0,116721,0.00274837
941,10.0.0.1,10.0.0.4,28,28,0,0,2.17727e+06,0.00561572
942,10.0.0.4,10.0.0.1,14,14,0,0,116732,0.00234281
943,10.0.0.11,10.0.0.16,28,28,0,0,2.17977e+06,0.00677334
944,10.0.0.16,10.0.0.11,14,14,0,0,116734,0.00234448
945,10.0.0.10,10.0.0.2,27,27,0,0,1.88919e+06,0.144987
946,10.0.0.2,10.0.0.10,14,14,0,0,106703,0.0124947
947,10.0.0.20,10.0.0.7,27,27,0,0,1.99577e+06,0.0155261
948,10.0.0.7,10.0.0.20,14,14,0,0,115543,0.0562319
949,10.0.0.7,10.0.0.8,2,1,1,50,8308.93,6.6639e-05
950,10.0.0.18,10.0.0.2,28,28,0,0,2.18004e+06,0.0056142
951,10.0.0.2,10.0.0.18,14,14,0,0,116724,0.00274801
952,10.0.0.17,10.0.0.5,27,27,0,0,1.83342e+06,0.232592
953,10.0.0.5,10.0.0.17,14,14,0,0,105819,0.0387877
954,10.0.0.5,10.0.0.15,26,26,0,0,810207,1.15997
955,10.0.0.15,10.0.0.5,14,14,0,0,46452.6,0.0908532
956,10.0.0.14,10.0.0.9,12,12,0,0,721397,0.0305119
957,10.0.0.9,10.0.0.14,6,6,0,0,94865.4,0.00911646
958,10.0.0.3,10.0.0.1,28,28,0,0,2.11389e+06,0.00819769
959,10.0.0.1,10.0.0.3,15,15,0,0,122016,0.0100983
960,10.0.0.14,10.0.0.12,28,28,0,0,2.14328e+06,0.00956073
961,10.0.0.12,10.0.0.14,14,14,0,0,115120,0.00305879
962,10.0.0.15,10.0.0.1,27,25,2,7.40741,131995,0.157169
963,10.0.0.1,10.0.0.15,23,22,1,4.34783,11602.4,0.0200802
964,10.0.0.10,10.0.0.19,28,28,0,0,1.59768e+06,0.383191
965,10.0.0.19,10.0.0.10,14,14,0,0,85665.5,0.0285757
966,10.0.0.2,10.0.0.13,28,28,0,0,2.18211e+06,0.00653911
967,10.0.0.13,10.0.0.2,14,14,0,0,116728,0.00250429
968,10.0.0.12,10.0.0.1,26,26,0,0,1.99297e+06,0.00959353
969,10.0.0.1,10.0.0.12,13,13,0,0,107885,0.0272207
970,10.0.0.7,10.0.0.12,27,27,0,0,409821,2.18363
971,10.0.0.12,10.0.0.7,21,21,0,0,33148.5,0.309418
972,10.0.0.2,10.0.0.16,24,23,1,4.16667,1.3253e+06,0.502537
973,10.0.0.16,10.0.0.2,20,19,1,5,8676.29,0.0661111
974,10.0.0.5,10.0.0.3,28,27,1,3.57143,2.14479e+06,0.0212526
975,10.0.0.3,10.0.0.5,20,19,1,5,123363,0.0696611
976,10.0.0.3,10.0.0.7,28,28,0,0,2.16975e+06,0.00977692
977,10.0.0.7,10.0.0.3,14,14,0,0,116215,0.00279246
978,10.0.0.8,10.0.0.1,28,28,0,0,2.17983e+06,0.00652921
979,10.0.0.1,10.0.0.8,14,14,0,0,116730,0.00372838
980,10.0.0.4,10.0.0.3,29,28,1,3.44828,2.16065e+06,0.0490679
981,10.0.0.3,10.0.0.4,16,16,0,0,137695,0.0163584
982,10.0.0.1,10.0.0.6,3,3,0,0,589.733,3.95543
983,10.0.0.19,10.0.0.13,28,28,0,0,2.18007e+06,0.00562154
984,10.0.0.13,10.0.0.19,14,14,0,0,116723,0.00234018
985,10.0.0.4,10.0.0.9,27,26,1,3.7037,1.44989e+06,0.10023
986,10.0.0.9,10.0.0.4,20,20,0,0,77270.1,0.240408
987,10.0.0.18,10.0.0.10,2,2,0,0,17256.5,0.000549526
988,10.0.0.10,10.0.0.18,1,0,1,100,0,0
989,10.0.0.10,10.0.0.6,34,32,2,5.88235,122168,7.41323
990,10.0.0.6,10.0.0.10,35,31,4,11.4286,1377.09,3.28376
991,10.0.0.8,10.0.0.19,28,27,1,3.57143,1.86929e+06,0.129471
992,10.0.0.19,10.0.0.8,17,17,0,0,125065,0.0265635
993,10.0.0.18,10.0.0.1,28,28,0,0,2.17361e+06,0.0206126
994,10.0.0.1,10.0.0.18,14,14,0,0,116343,0.00333966
995,10.0.0.15,10.0.0.2,16,13,3,18.75,6728.46,4.00887
996,10.0.0.2,10.0.0.15,8,1,7,87.5,782559,0.000572481
997,10.0.0.9,10.0.0.19,26,26,0,0,641500,1.45331
998,10.0.0.19,10.0.0.9,13,13,0,0,35518,0.13475
999,10.0.0.14,10.0.0.8,28,28,0,0,2.17001e+06,0.0442631
1000,10.0.0.8,10.0.0.14,14,14,0,0,116087,0.00558643
1001,10.0.0.14,10.0.0.1,28,28,0,0,2.18196e+06,0.00719665
1002,10.0.0.1,10.0.0.14,14,14,0,0,116717,0.00234031
1003,10.0.0.19,10.0.0.1,28,28,0,0,2.17705e+06,0.00755592
1004,10.0.0.1,10.0.0.19,14,14,0,0,117095,0.0030735
1005,10.0.0.17,10.0.0.9,28,28,0,0,2.18175e+06,0.00689146
1006,10.0.0.9,10.0.0.17,14,14,0,0,116725,0.00312207
1007,10.0.0.15,10.0.0.5,24,23,1,4.16667,202996,1.19215
1008,10.0.0.6,10.0.0.1,1,1,0,0,91583.1,0.00489173
1009,10.0.0.5,10.0.0.15,20,19,1,5,12085,3.63581
1010,10.0.0.5,10.0.0.11,3,2,1,33.3333,2090.15,0.776705
1011,10.0.0.1,10.0.0.5,3,3,0,0,2606.36,0.000302133
1012,10.0.0.5,10.0.0.1,1,1,0,0,986.702,0.454038
1013,10.0.0.3,10.0.0.18,27,26,1,3.7037,643441,0.46707
1014,10.0.0.18,10.0.0.3,21,19,2,9.52381,10973.4,2.9123
1015,10.0.0.11,10.0.0.5,1,1,0,0,52773.2,0.00848916
1016,10.0.0.19,10.0.0.18,8,8,0,0,389745,0.0022103
1017,10.0.0.18,10.0.0.19,4,4,0,0,34111.6,0.0413601
1018,10.0.0.15,10.0.0.3,28,28,0,0,2.10213e+06,0.0101375
1019,10.0.0.3,10.0.0.15,15,15,0,0,120994,0.00691336
1020,10.0.0.17,10.0.0.19,24,23,1,4.16667,137928,6.25111
1021,10.0.0.19,10.0.0.17,24,19,5,20.8333,2912.74,0.551352
1022,10.0.0.20,10.0.0.19,28,28,0,0,2.17749e+06,0.0144619
1023,10.0.0.19,10.0.0.20,14,14,0,0,116736,0.00259299
1024,10.0.0.8,10.0.0.18,30,27,3,10,68259,3.4514
1025,10.0.0.18,10.0.0.8,23,22,1,4.34783,6286.38,1.25562
1026,10.0.0.19,10.0.0.9,3,2,1,33.3333,10297.6,0.117779
1027,10.0.0.9,10.0.0.19,1,1,0,0,410605,0.00109107
1028,10.0.0.8,10.0.0.12,2,2,0,0,5177.02,0.283755
1029,10.0.0.3,10.0.0.6,30,16,14,46.6667,11241.3,3.91255
1030,10.0.0.6,10.0.0.3,14,11,3,21.4286,960.817,0.473278
1031,10.0.0.12,10.0.0.8,1,0,1,100,0,0
1032,10.0.0.7,10.0.0.16,28,28,0,0,2.18177e+06,0.00719555
1033,10.0.0.16,10.0.0.7,14,14,0,0,116739,0.00263524
1034,10.0.0.1,10.0.0.5,28,28,0,0,2.18053e+06,0.00574677
1035,10.0.0.5,10.0.0.1,14,14,0,0,116734,0.0031217
1036,10.0.0.19,10.0.0.6,28,28,0,0,2.17761e+06,0.00614019
1037,10.0.0.6,10.0.0.19,14,14,0,0,116568,0.002343
1038,10.0.0.17,10.0.0.9,28,28,0,0,2.17942e+06,0.00639665
1039,10.0.0.9,10.0.0.17,14,14,0,0,116744,0.0029452
1040,10.0.0.20,10.0.0.2,28,28,0,0,2.17971e+06,0.0746544
1041,10.0.0.2,10.0.0.20,14,14,0,0,116706,0.00567482
1042,10.0.0.17,10.0.0.2,2,1,1,50,7947.28,0.00234496
1043,10.0.0.1,10.0.0.17,28,28,0,0,1.66518e+06,0.102208
1044,10.0.0.17,10.0.0.1,19,18,1,5.26316,116009,0.187032
1045,10.0.0.11,10.0.0.3,28,28,0,0,2.15402e+06,0.00995084
1046,10.0.0.3,10.0.0.11,14,14,0,0,115391,0.00318695
1047,10.0.0.17,10.0.0.7,28,28,0,0,2.17022e+06,0.0951048
1048,10.0.0.7,10.0.0.17,14,14,0,0,116347,0.0205628
1049,10.0.0.15,10.0.0.16,28,28,0,0,2.18216e+06,0.0068828
1050,10.0.0.16,10.0.0.15,14,14,0,0,116740,0.00344005
1051,10.0.0.13,10.0.0.6,28,28,0,0,2.17808e+06,0.00654091
1052,10.0.0.6,10.0.0.13,14,14,0,0,117391,0.00234158
1053,10.0.0.13,10.0.0.7,2,2,0,0,16548.4,0.00227721
1054,10.0.0.7,10.0.0.13,1,0,1,100,0,0
1055,10.0.0.15,10.0.0.2,2,1,1,50,131122,0.00341666
1056,10.0.0.2,10.0.0.15,2,0,2,100,0,0
1057,10.0.0.9,10.0.0.19,13,13,0,0,335866,0.710898
1058,10.0.0.19,10.0.0.9,7,7,0,0,24423,0.0390739
1059,10.0.0.3,10.0.0.17,3,3,0,0,3913.85,0.546276
1060,10.0.0.17,10.0.0.3,1,1,0,0,1.75584e+06,0.000255148
1061,10.0.0.5,10.0.0.1,28,28,0,0,2.17987e+06,0.00560687
1062,10.0.0.1,10.0.0.5,14,14,0,0,116734,0.00324699
1063,10.0.0.7,10.0.0.19,22,21,1,4.54545,77200.2,1.97474
1064,10.0.0.19,10.0.0.7,18,11,7,38.8889,4334.56,2.82865
1065,10.0.0.5,10.0.0.6,28,28,0,0,2.1815e+06,0.00624614
1066,10.0.0.6,10.0.0.5,14,14,0,0,116721,0.002731
1067,10.0.0.1,10.0.0.5,28,28,0,0,2.17754e+06,0.00677279
1068,10.0.0.5,10.0.0.1,14,14,0,0,116740,0.00275702
1069,10.0.0.13,10.0.0.15,2,0,2,100,0,0
1070,10.0.0.8,10.0.0.4,29,27,2,6.89655,146874,0.0906272
1071,10.0.0.4,10.0.0.8,19,18,1,5.26316,10507.6,0.0267546
1072,10.0.0.9,10.0.0.16,28,28,0,0,2.15602e+06,0.0110618
1073,10.0.0.16,10.0.0.9,14,14,0,0,115557,0.00696702
1074,10.0.0.4,10.0.0.15,2,1,1,50,6029.81,0.0189905
1075,10.0.0.3,10.0.0.2,27,27,0,0,206601,6.65233
1076,10.0.0.2,10.0.0.3,15,15,0,0,11832.2,0.04502
1077,10.0.0.2,10.0.0.20,28,28,0,0,2.18193e+06,0.0116325
1078,10.0.0.20,10.0.0.2,14,14,0,0,116731,0.00250783
1079,10.0.0.11,10.0.0.8,27,27,0,0,1.72269e+06,0.278735
1080,10.0.0.8,10.0.0.11,21,21,0,0,142803,0.118537
1081,10.0.0.19,10.0.0.11,2,1,1,50,6553.25,0.01348
1082,10.0.0.12,10.0.0.6,3,3,0,0,2749.2,0.000929052
1083,10.0.0.6,10.0.0.12,1,1,0,0,1042.32,0.42981
1084,10.0.0.11,10.0.0.20,25,15,10,40,32358.4,4.34528
1085,10.0.0.20,10.0.0.11,9,8,1,11.1111,1816.38,0.0191446
1086,10.0.0.2,10.0.0.8,27,27,0,0,996322,0.122357
1087,10.0.0.8,10.0.0.2,14,14,0,0,55613.3,0.00590901
1088,10.0.0.1,10.0.0.10,27,27,0,0,2.08217e+06,0.0100603
1089,10.0.0.10,10.0.0.1,14,14,0,0,117132,0.00302782
1090,10.0.0.11,10.0.0.20,2,0,2,100,0,0
1091,10.0.0.1,10.0.0.7,27,27,0,0,2.01608e+06,0.0138245
1092,10.0.0.7,10.0.0.1,14,14,0,0,113968,0.0266359
1093,10.0.0.9,10.0.0.5,28,27,1,3.57143,2.03447e+06,0.0469929
1094,10.0.0.5,10.0.0.9,16,16,0,0,135064,0.0110853
1095,10.0.0.19,10.0.0.7,21,20,1,4.7619,116954,4.05053
1096,10.0.0.7,10.0.0.19,20,14,6,30,2158.97,2.29143
1097,10.0.0.12,10.0.0.2,3,3,0,0,830.359,1.96382
1098,10.0.0.5,10.0.0.2,28,28,0,0,2.17755e+06,0.00739183
1099,10.0.0.2,10.0.0.5,14,14,0,0,116741,0.00290419
1100,10.0.0.14,10.0.0.13,28,28,0,0,2.18015e+06,0.00796432
1101,10.0.0.13,10.0.0.14,14,14,0,0,116728,0.00292039
1102,10.0.0.2,10.0.0.12,3,2,1,33.3333,842.458,2.00112
1103,10.0.0.12,10.0.0.9,2,0,2,100,0,0
1104,10.0.0.6,10.0.0.11,2,0,2,100,0,0
1105,10.0.0.2,10.0.0.12,1,1,0,0,1069.59,0.41885
1106,10.0.0.3,10.0.0.16,28,28,0,0,2.1644e+06,0.00704668
1107,10.0.0.16,10.0.0.3,14,14,0,0,115930,0.00265816
1108,10.0.0.12,10.0.0.2,1,1,0,0,1.39969e+06,0.00032007
1109,10.0.0.9,10.0.0.8,28,28,0,0,2.17983e+06,0.00616619
1110,10.0.0.8,10.0.0.9,14,14,0,0,116744,0.00234334
1111,10.0.0.8,10.0.0.18,2,2,0,0,13806.5,0.0155927
1112,10.0.0.18,10.0.0.8,1,0,1,100,0,0
1113,10.0.0.8,10.0.0.15,2,2,0,0,17254.7,0.00676941
1114,10.0.0.15,10.0.0.8,1,0,1,100,0,0
1115,10.0.0.2,10.0.0.20,28,28,0,0,2.18111e+06,0.00716271
1116,10.0.0.20,10.0.0.2,14,14,0,0,116730,0.0035612
1117,10.0.0.12,10.0.0.19,29,28,1,3.44828,2.14878e+06,0.0260306
1118,10.0.0.19,10.0.0.12,16,16,0,0,135036,0.0173734
1119,10.0.0.13,10.0.0.9,12,1,11,91.6667,2.02465e+06,0.000221273
1120,10.0.0.9,10.0.0.13,1,1,0,0,93170.7,0.00480838
