time,communication_mode,recovery_policy,effective_recovery_policy,action_type,executor_node_id,target_node_ids,result_state,decision_reason,scene_type,operation_mode
80.1,hybrid,global_recovery,global_recovery,hybrid_leader_global_plus_local_adjustment,0,,executed,requested_global_recovery_applied,urban,cooperative
80.6,hybrid,global_recovery,global_recovery,hybrid_leader_global_plus_local_adjustment,0,,executed,requested_global_recovery_applied,urban,cooperative
81.1,hybrid,global_recovery,global_recovery,hybrid_leader_global_plus_local_adjustment,0,,executed,requested_global_recovery_applied,urban,cooperative
81.6,hybrid,global_recovery,global_recovery,hybrid_leader_global_plus_local_adjustment,0,,executed,requested_global_recovery_applied,urban,cooperative
82.1,hybrid,global_recovery,global_recovery,hybrid_leader_global_plus_local_adjustment,0,,executed,requested_global_recovery_applied,urban,cooperative
82.6,hybrid,global_recovery,global_recovery,hybrid_leader_global_plus_local_adjustment,0,,executed,requested_global_recovery_applied,urban,cooperative
83.1,hybrid,global_recovery,global_recovery,hybrid_leader_global_plus_local_adjustment,0,,executed,requested_global_recovery_applied,urban,cooperative
83.6,hybrid,global_recovery,global_recovery,hybrid_leader_global_plus_local_adjustment,0,,executed,requested_global_recovery_applied,urban,cooperative
84.1,hybrid,global_recovery,global_recovery,hybrid_leader_global_plus_local_adjustment,0,,executed,requested_global_recovery_applied,urban,cooperative
84.6,hybrid,global_recovery,global_recovery,hybrid_leader_global_plus_local_adjustment,0,,executed,requested_global_recovery_applied,urban,cooperative
85.1,hybrid,global_recovery,global_recovery,hybrid_leader_global_plus_local_adjustment,0,,executed,requested_global_recovery_applied,urban,cooperative
85.6,hybrid,global_recovery,global_recovery,hybrid_leader_global_plus_local_adjustment,0,,executed,requested_global_recovery_applied,urban,cooperative
86.1,hybrid,global_recovery,global_recovery,hybrid_leader_global_plus_local_adjustment,0,,executed,requested_global_recovery_applied,urban,cooperative
86.6,hybrid,global_recovery,global_recovery,hybrid_leader_global_plus_local_adjustment,0,,executed,requested_global_recovery_applied,urban,cooperative
87.1,hybrid,global_recovery,global_recovery,hybrid_leader_global_plus_local_adjustment,0,,executed,requested_global_recovery_applied,urban,cooperative
87.6,hybrid,global_recovery,global_recovery,hybrid_leader_global_plus_local_adjustment,0,,executed,requested_global_recovery_applied,urban,cooperative
88.1,hybrid,global_recovery,global_recovery,hybrid_leader_global_plus_local_adjustment,0,,executed,requested_global_recovery_applied,urban,cooperative
88.6,hybrid,global_recovery,global_recovery,hybrid_leader_global_plus_local_adjustment,0,,executed,requested_global_recovery_applied,urban,cooperative
89.1,hybrid,global_recovery,global_recovery,hybrid_leader_global_plus_local_adjustment,0,,executed,requested_global_recovery_applied,urban,cooperative
89.6,hybrid,global_recovery,global_recovery,hybrid_leader_global_plus_local_adjustment,0,,executed,requested_global_recovery_applied,urban,cooperative
90.1,hybrid,global_recovery,global_recovery,hybrid_leader_global_plus_local_adjustment,0,,executed,requested_global_recovery_applied,urban,cooperative
90.6,hybrid,global_recovery,global_recovery,hybrid_leader_global_plus_local_adjustment,0,,executed,requested_global_recovery_applied,urban,cooperative
91.1,hybrid,global_recovery,global_recovery,hybrid_leader_global_plus_local_adjustment,0,,executed,requested_global_recovery_applied,urban,cooperative
91.6,hybrid,global_recovery,global_recovery,hybrid_leader_global_plus_local_adjustment,0,,executed,requested_global_recovery_applied,urban,cooperative
92.1,hybrid,global_recovery,global_recovery,hybrid_leader_global_plus_local_adjustment,0,,executed,requested_global_recovery_applied,urban,cooperative
92.6,hybrid,global_recovery,global_recovery,hybrid_leader_global_plus_local_adjustment,0,,executed,requested_global_recovery_applied,urban,cooperative
93.1,hybrid,global_recovery,global_recovery,hybrid_leader_global_plus_local_adjustment,0,,executed,requested_global_recovery_applied,urban,cooperative
93.6,hybrid,global_recovery,global_recovery,hybrid_leader_global_plus_local_adjustment,0,,executed,requested_global_recovery_applied,urban,cooperative
94.1,hybrid,global_recovery,global_recovery,hybrid_leader_global_plus_local_adjustment,0,,executed,requested_global_recovery_applied,urban,cooperative
94.6,hybrid,global_recovery,global_recovery,hybrid_leader_global_plus_local_adjustment,0,,executed,requested_global_recovery_applied,urban,cooperative
95.1,hybrid,global_recovery,global_recovery,hybrid_leader_global_plus_local_adjustment,0,,executed,requested_global_recovery_applied,urban,cooperative
95.6,hybrid,global_recovery,global_recovery,hybrid_leader_global_plus_local_adjustment,0,,executed,requested_global_recovery_applied,urban,cooperative
96.1,hybrid,global_recovery,global_recovery,hybrid_leader_global_plus_local_adjustment,0,,executed,requested_global_recovery_applied,urban,cooperative
96.6,hybrid,global_recovery,global_recovery,hybrid_leader_global_plus_local_adjustment,0,,executed,requested_global_recovery_applied,urban,cooperative
97.1,hybrid,global_recovery,global_recovery,hybrid_leader_global_plus_local_adjustment,0,,executed,requested_global_recovery_applied,urban,cooperative
97.6,hybrid,global_recovery,global_recovery,hybrid_leader_global_plus_local_adjustment,0,,executed,requested_global_recovery_applied,urban,cooperative
98.1,hybrid,global_recovery,global_recovery,hybrid_leader_global_plus_local_adjustment,0,,executed,requested_global_recovery_applied,urban,cooperative
98.6,hybrid,global_recovery,global_recovery,hybrid_leader_global_plus_local_adjustment,0,,executed,requested_global_recovery_applied,urban,cooperative
99.1,hybrid,global_recovery,global_recovery,hybrid_leader_global_plus_local_adjustment,0,,executed,requested_global_recovery_applied,urban,cooperative
99.6,hybrid,global_recovery,global_recovery,hybrid_leader_global_plus_local_adjustment,0,,executed,requested_global_recovery_applied,urban,cooperative
100.1,hybrid,global_recovery,global_recovery,hybrid_leader_global_plus_local_adjustment,0,,executed,requested_global_recovery_applied,urban,cooperative
100.6,hybrid,global_recovery,global_recovery,hybrid_leader_global_plus_local_adjustment,0,,executed,requested_global_recovery_applied,urban,cooperative
101.1,hybrid,global_recovery,global_recovery,hybrid_leader_global_plus_local_adjustment,0,,executed,requested_global_recovery_applied,urban,cooperative
101.6,hybrid,global_recovery,global_recovery,hybrid_leader_global_plus_local_adjustment,0,,executed,requested_global_recovery_applied,urban,cooperative
102.1,hybrid,global_recovery,global_recovery,hybrid_leader_global_plus_local_adjustment,0,,executed,requested_global_recovery_applied,urban,cooperative
102.6,hybrid,global_recovery,global_recovery,hybrid_leader_global_plus_local_adjustment,0,,executed,requested_global_recovery_applied,urban,cooperative
103.1,hybrid,global_recovery,global_recovery,hybrid_leader_global_plus_local_adjustment,0,,executed,requested_global_recovery_applied,urban,cooperative
103.6,hybrid,global_recovery,global_recovery,hybrid_leader_global_plus_local_adjustment,0,,executed,requested_global_recovery_applied,urban,cooperative
104.1,hybrid,global_recovery,global_recovery,hybrid_leader_global_plus_local_adjustment,0,,executed,requested_global_recovery_applied,urban,cooperative
104.6,hybrid,global_recovery,global_recovery,hybrid_leader_global_plus_local_adjustment,0,,executed,requested_global_recovery_applied,urban,cooperative
105.1,hybrid,global_recovery,global_recovery,hybrid_leader_global_plus_local_adjustment,0,,executed,requested_global_recovery_applied,urban,cooperative
105.6,hybrid,global_recovery,global_recovery,hybrid_leader_global_plus_local_adjustment,0,,executed,requested_global_recovery_applied,urban,cooperative
106.1,hybrid,global_recovery,global_recovery,hybrid_leader_global_plus_local_adjustment,0,,executed,requested_global_recovery_applied,urban,cooperative
106.6,hybrid,global_recovery,global_recovery,hybrid_leader_global_plus_local_adjustment,0,,executed,requested_global_recovery_applied,urban,cooperative
107.1,hybrid,global_recovery,global_recovery,hybrid_leader_global_plus_local_adjustment,0,,executed,requested_global_recovery_applied,urban,cooperative
107.6,hybrid,global_recovery,global_recovery,hybrid_leader_global_plus_local_adjustment,0,,executed,requested_global_recovery_applied,urban,cooperative
108.1,hybrid,global_recovery,global_recovery,hybrid_leader_global_plus_local_adjustment,0,,executed,requested_global_recovery_applied,urban,cooperative
108.6,hybrid,global_recovery,global_recovery,hybrid_leader_global_plus_local_adjustment,0,,executed,requested_global_recovery_applied,urban,cooperative
109.1,hybrid,global_recovery,global_recovery,hybrid_leader_global_plus_local_adjustment,0,,executed,requested_global_recovery_applied,urban,cooperative
109.6,hybrid,global_recovery,global_recovery,hybrid_leader_global_plus_local_adjustment,0,,executed,requested_global_recovery_applied,urban,cooperative
110.1,hybrid,global_recovery,global_recovery,hybrid_leader_global_plus_local_adjustment,0,,executed,requested_global_recovery_applied,urban,cooperative
110.6,hybrid,global_recovery,global_recovery,hybrid_leader_global_plus_local_adjustment,0,,executed,requested_global_recovery_applied,urban,cooperative
111.1,hybrid,global_recovery,global_recovery,hybrid_leader_global_plus_local_adjustment,0,,executed,requested_global_recovery_applied,urban,cooperative
111.6,hybrid,global_recovery,global_recovery,hybrid_leader_global_plus_local_adjustment,0,,executed,requested_global_recovery_applied,urban,cooperative
112.1,hybrid,global_recovery,global_recovery,hybrid_leader_global_plus_local_adjustment,0,,executed,requested_global_recovery_applied,urban,cooperative
112.6,hybrid,global_recovery,global_recovery,hybrid_leader_global_plus_local_adjustment,0,,executed,requested_global_recovery_applied,urban,cooperative
113.1,hybrid,global_recovery,global_recovery,hybrid_leader_global_plus_local_adjustment,0,,executed,requested_global_recovery_applied,urban,cooperative
113.6,hybrid,global_recovery,global_recovery,hybrid_leader_global_plus_local_adjustment,0,,executed,requested_global_recovery_applied,urban,cooperative
114.1,hybrid,global_recovery,global_recovery,hybrid_leader_global_plus_local_adjustment,0,,executed,requested_global_recovery_applied,urban,cooperative
114.6,hybrid,global_recovery,global_recovery,hybrid_leader_global_plus_local_adjustment,0,,executed,requested_global_recovery_applied,urban,cooperative
115.1,hybrid,global_recovery,global_recovery,hybrid_leader_global_plus_local_adjustment,0,,executed,requested_global_recovery_applied,urban,cooperative
115.6,hybrid,global_recovery,global_recovery,hybrid_leader_global_plus_local_adjustment,0,,executed,requested_global_recovery_applied,urban,cooperative
116.1,hybrid,global_recovery,global_recovery,hybrid_leader_global_plus_local_adjustment,0,,executed,requested_global_recovery_applied,urban,cooperative
116.6,hybrid,global_recovery,global_recovery,hybrid_leader_global_plus_local_adjustment,0,,executed,requested_global_recovery_applied,urban,cooperative
117.1,hybrid,global_recovery,global_recovery,hybrid_leader_global_plus_local_adjustment,0,,executed,requested_global_recovery_applied,urban,cooperative
117.6,hybrid,global_recovery,global_recovery,hybrid_leader_global_plus_local_adjustment,0,,executed,requested_global_recovery_applied,urban,cooperative
118.1,hybrid,global_recovery,global_recovery,hybrid_leader_global_plus_local_adjustment,0,,executed,requested_global_recovery_applied,urban,cooperative
118.6,hybrid,global_recovery,global_recovery,hybrid_leader_global_plus_local_adjustment,0,,executed,requested_global_recovery_applied,urban,cooperative
119.1,hybrid,global_recovery,global_recovery,hybrid_leader_global_plus_local_adjustment,0,,executed,requested_global_recovery_applied,urban,cooperative
119.6,hybrid,global_recovery,global_recovery,hybrid_leader_global_plus_local_adjustment,0,,executed,requested_global_recovery_applied,urban,cooperative
120.1,hybrid,global_recovery,global_recovery,hybrid_leader_global_plus_local_adjustment,0,"1,3,5,9,11,13",executed,requested_global_recovery_applied,urban,cooperative
120.6,hybrid,global_recovery,global_recovery,hybrid_leader_global_plus_local_adjustment,0,"1,3,5,9,11,13",executed,requested_global_recovery_applied,urban,cooperative
121.1,hybrid,global_recovery,global_recovery,hybrid_leader_global_plus_local_adjustment,0,"1,3,5,9,11,13",executed,requested_global_recovery_applied,urban,cooperative
121.6,hybrid,global_recovery,global_recovery,hybrid_leader_global_plus_local_adjustment,0,"1,3,5,9,11,13",executed,requested_global_recovery_applied,urban,cooperative
122.1,hybrid,global_recovery,global_recovery,hybrid_leader_global_plus_local_adjustment,0,"1,3,5,9,11,13",executed,requested_global_recovery_applied,urban,cooperative
122.6,hybrid,global_recovery,global_recovery,hybrid_leader_global_plus_local_adjustment,0,"1,3,5,9,11,13",executed,requested_global_recovery_applied,urban,cooperative
123.1,hybrid,global_recovery,global_recovery,hybrid_leader_global_plus_local_adjustment,0,"1,3,5,9,11,13",executed,requested_global_recovery_applied,urban,cooperative
123.6,hybrid,global_recovery,global_recovery,hybrid_leader_global_plus_local_adjustment,0,"1,3,5,9,11,13",executed,requested_global_recovery_applied,urban,cooperative
124.1,hybrid,global_recovery,global_recovery,hybrid_leader_global_plus_local_adjustment,0,"1,3,5,9,11,13",executed,requested_global_recovery_applied,urban,cooperative
124.6,hybrid,global_recovery,global_recovery,hybrid_leader_global_plus_local_adjustment,0,"1,3,5,9,11,13",executed,requested_global_recovery_applied,urban,cooperative
125.1,hybrid,global_recovery,global_recovery,hybrid_leader_global_plus_local_adjustment,0,"1,3,5,9,11,13",executed,requested_global_recovery_applied,urban,cooperative
125.6,hybrid,global_recovery,global_recovery,hybrid_leader_global_plus_local_adjustment,0,"1,3,5,9,11,13",executed,requested_global_recovery_applied,urban,cooperative
126.1,hybrid,global_recovery,global_recovery,hybrid_leader_global_plus_local_adjustment,0,"1,3,5,9,11,13",executed,requested_global_recovery_applied,urban,cooperative
126.6,hybrid,global_recovery,global_recovery,hybrid_leader_global_plus_local_adjustment,0,"1,3,5,9,11,13",executed,requested_global_recovery_applied,urban,cooperative
127.1,hybrid,global_recovery,global_recovery,hybrid_leader_global_plus_local_adjustment,0,"1,3,5,9,11,13",executed,requested_global_recovery_applied,urban,cooperative
127.6,hybrid,global_recovery,global_recovery,hybrid_leader_global_plus_local_adjustment,0,"1,3,5,9,11,13",executed,requested_global_recovery_applied,urban,cooperative
128.1,hybrid,global_recovery,global_recovery,hybrid_leader_global_plus_local_adjustment,0,"1,3,5,9,11,13",executed,requested_global_recovery_applied,urban,cooperative
128.6,hybrid,global_recovery,global_recovery,hybrid_leader_global_plus_local_adjustment,0,"1,3,5,9,11,13",executed,requested_global_recovery_applied,urban,cooperative
129.1,hybrid,global_recovery,global_recovery,hybrid_leader_global_plus_local_adjustment,0,"1,3,5,9,11,13",executed,requested_global_recovery_applied,urban,cooperative
129.6,hybrid,global_recovery,global_recovery,hybrid_leader_global_plus_local_adjustment,0,"1,3,5,9,11,13",executed,requested_global_recovery_applied,urban,cooperative
130.1,hybrid,global_recovery,global_recovery,hybrid_leader_global_plus_local_adjustment,0,"1,3,5,9,11,13",executed,requested_global_recovery_applied,urban,cooperative
130.6,hybrid,global_recovery,global_recovery,hybrid_leader_global_plus_local_adjustment,0,"1,3,5,9,11,13",executed,requested_global_recovery_applied,urban,cooperative
131.1,hybrid,global_recovery,global_recovery,hybrid_leader_global_plus_local_adjustment,0,"1,3,5,9,11,13",executed,requested_global_recovery_applied,urban,cooperative
131.6,hybrid,global_recovery,global_recovery,hybrid_leader_global_plus_local_adjustment,0,"1,3,5,9,11,13",executed,requested_global_recovery_applied,urban,cooperative
132.1,hybrid,global_recovery,global_recovery,hybrid_leader_global_plus_local_adjustment,0,"1,3,5,9,11,13",executed,requested_global_recovery_applied,urban,cooperative
132.6,hybrid,global_recovery,global_recovery,hybrid_leader_global_plus_local_adjustment,0,"1,3,5,9,11,13",executed,requested_global_recovery_applied,urban,cooperative
133.1,hybrid,global_recovery,global_recovery,hybrid_leader_global_plus_local_adjustment,0,"1,3,5,9,11,13",executed,requested_global_recovery_applied,urban,cooperative
133.6,hybrid,global_recovery,global_recovery,hybrid_leader_global_plus_local_adjustment,0,"1,3,5,9,11,13",executed,requested_global_recovery_applied,urban,cooperative
134.1,hybrid,global_recovery,global_recovery,hybrid_leader_global_plus_local_adjustment,0,"1,3,5,9,11,13",executed,requested_global_recovery_applied,urban,cooperative
134.6,hybrid,global_recovery,global_recovery,hybrid_leader_global_plus_local_adjustment,0,"1,3,5,9,11,13",executed,requested_global_recovery_applied,urban,cooperative
135.1,hybrid,global_recovery,global_recovery,hybrid_leader_global_plus_local_adjustment,0,"1,3,5,9,11,13",executed,requested_global_recovery_applied,urban,cooperative
135.6,hybrid,global_recovery,global_recovery,hybrid_leader_global_plus_local_adjustment,0,"1,3,5,9,11,13",executed,requested_global_recovery_applied,urban,cooperative
136.1,hybrid,global_recovery,global_recovery,hybrid_leader_global_plus_local_adjustment,0,"1,3,5,9,11,13",executed,requested_global_recovery_applied,urban,cooperative
136.6,hybrid,global_recovery,global_recovery,hybrid_leader_global_plus_local_adjustment,0,"1,3,5,9,11,13",executed,requested_global_recovery_applied,urban,cooperative
137.1,hybrid,global_recovery,global_recovery,hybrid_leader_global_plus_local_adjustment,0,"1,3,5,9,11,13",executed,requested_global_recovery_applied,urban,cooperative
137.6,hybrid,global_recovery,global_recovery,hybrid_leader_global_plus_local_adjustment,0,"1,3,5,9,11,13",executed,requested_global_recovery_applied,urban,cooperative
138.1,hybrid,global_recovery,global_recovery,hybrid_leader_global_plus_local_adjustment,0,"1,3,5,9,11,13",executed,requested_global_recovery_applied,urban,cooperative
138.6,hybrid,global_recovery,global_recovery,hybrid_leader_global_plus_local_adjustment,0,"1,3,5,9,11,13",executed,requested_global_recovery_applied,urban,cooperative
139.1,hybrid,global_recovery,global_recovery,hybrid_leader_global_plus_local_adjustment,0,"1,3,5,9,11,13",executed,requested_global_recovery_applied,urban,cooperative
139.6,hybrid,global_recovery,global_recovery,hybrid_leader_global_plus_local_adjustment,0,"1,3,5,9,11,13",executed,requested_global_recovery_applied,urban,cooperative
140.1,hybrid,global_recovery,global_recovery,hybrid_leader_global_plus_local_adjustment,0,"1,3,5,9,11,13",executed,requested_global_recovery_applied,urban,cooperative
140.6,hybrid,global_recovery,global_recovery,hybrid_leader_global_plus_local_adjustment,0,"1,3,5,9,11,13",executed,requested_global_recovery_applied,urban,cooperative
141.1,hybrid,global_recovery,global_recovery,hybrid_leader_global_plus_local_adjustment,0,"1,3,5,9,11,13",executed,requested_global_recovery_applied,urban,cooperative
141.6,hybrid,global_recovery,global_recovery,hybrid_leader_global_plus_local_adjustment,0,"1,3,5,9,11,13",executed,requested_global_recovery_applied,urban,cooperative
142.1,hybrid,global_recovery,global_recovery,hybrid_leader_global_plus_local_adjustment,0,"1,3,5,9,11,13",executed,requested_global_recovery_applied,urban,cooperative
142.6,hybrid,global_recovery,global_recovery,hybrid_leader_global_plus_local_adjustment,0,"1,3,5,9,11,13",executed,requested_global_recovery_applied,urban,cooperative
143.1,hybrid,global_recovery,global_recovery,hybrid_leader_global_plus_local_adjustment,0,"1,3,5,9,11,13",executed,requested_global_recovery_applied,urban,cooperative
143.6,hybrid,global_recovery,global_recovery,hybrid_leader_global_plus_local_adjustment,0,"1,3,5,9,11,13",executed,requested_global_recovery_applied,urban,cooperative
144.1,hybrid,global_recovery,global_recovery,hybrid_leader_global_plus_local_adjustment,0,"1,3,5,9,11,13",executed,requested_global_recovery_applied,urban,cooperative
144.6,hybrid,global_recovery,global_recovery,hybrid_leader_global_plus_local_adjustment,0,"1,3,5,9,11,13",executed,requested_global_recovery_applied,urban,cooperative
145.1,hybrid,global_recovery,global_recovery,hybrid_leader_global_plus_local_adjustment,0,"1,3,5,9,11,13",executed,requested_global_recovery_applied,urban,cooperative
145.6,hybrid,global_recovery,global_recovery,hybrid_leader_global_plus_local_adjustment,0,"1,3,5,9,11,13",executed,requested_global_recovery_applied,urban,cooperative
146.1,hybrid,global_recovery,global_recovery,hybrid_leader_global_plus_local_adjustment,0,"1,3,5,9,11,13",executed,requested_global_recovery_applied,urban,cooperative
146.6,hybrid,global_recovery,global_recovery,hybrid_leader_global_plus_local_adjustment,0,"1,3,5,9,11,13",executed,requested_global_recovery_applied,urban,cooperative
147.1,hybrid,global_recovery,global_recovery,hybrid_leader_global_plus_local_adjustment,0,"1,3,5,9,11,13",executed,requested_global_recovery_applied,urban,cooperative
147.6,hybrid,global_recovery,global_recovery,hybrid_leader_global_plus_local_adjustment,0,"1,3,5,9,11,13",executed,requested_global_recovery_applied,urban,cooperative
148.1,hybrid,global_recovery,global_recovery,hybrid_leader_global_plus_local_adjustment,0,"1,3,5,9,11,13",executed,requested_global_recovery_applied,urban,cooperative
148.6,hybrid,global_recovery,global_recovery,hybrid_leader_global_plus_local_adjustment,0,"1,3,5,9,11,13",executed,requested_global_recovery_applied,urban,cooperative
149.1,hybrid,global_recovery,global_recovery,hybrid_leader_global_plus_local_adjustment,0,"1,3,5,9,11,13",executed,requested_global_recovery_applied,urban,cooperative
149.6,hybrid,global_recovery,global_recovery,hybrid_leader_global_plus_local_adjustment,0,"1,3,5,9,11,13",executed,requested_global_recovery_applied,urban,cooperative
150.1,hybrid,global_recovery,global_recovery,hybrid_leader_global_plus_local_adjustment,0,"1,3,5,9,11,13",executed,requested_global_recovery_applied,urban,cooperative
150.6,hybrid,global_recovery,global_recovery,hybrid_leader_global_plus_local_adjustment,0,"1,3,5,9,11,13",executed,requested_global_recovery_applied,urban,cooperative
151.1,hybrid,global_recovery,global_recovery,hybrid_leader_global_plus_local_adjustment,0,"1,3,5,9,11,13",executed,requested_global_recovery_applied,urban,cooperative
151.6,hybrid,global_recovery,global_recovery,hybrid_leader_global_plus_local_adjustment,0,"1,3,5,9,11,13",executed,requested_global_recovery_applied,urban,cooperative
152.1,hybrid,global_recovery,global_recovery,hybrid_leader_global_plus_local_adjustment,0,"1,3,5,9,11,13",executed,requested_global_recovery_applied,urban,cooperative
152.6,hybrid,global_recovery,global_recovery,hybrid_leader_global_plus_local_adjustment,0,"1,3,5,9,11,13",executed,requested_global_recovery_applied,urban,cooperative
153.1,hybrid,global_recovery,global_recovery,hybrid_leader_global_plus_local_adjustment,0,"1,3,5,9,11,13",executed,requested_global_recovery_applied,urban,cooperative
153.6,hybrid,global_recovery,global_recovery,hybrid_leader_global_plus_local_adjustment,0,"1,3,5,9,11,13",executed,requested_global_recovery_applied,urban,cooperative
154.1,hybrid,global_recovery,global_recovery,hybrid_leader_global_plus_local_adjustment,0,"1,3,5,9,11,13",executed,requested_global_recovery_applied,urban,cooperative
154.6,hybrid,global_recovery,global_recovery,hybrid_leader_global_plus_local_adjustment,0,"1,3,5,9,11,13",executed,requested_global_recovery_applied,urban,cooperative
155.1,hybrid,global_recovery,global_recovery,hybrid_leader_global_plus_local_adjustment,0,"1,3,5,9,11,13",executed,requested_global_recovery_applied,urban,cooperative
155.6,hybrid,global_recovery,global_recovery,hybrid_leader_global_plus_local_adjustment,0,"1,3,5,9,11,13",executed,requested_global_recovery_applied,urban,cooperative
156.1,hybrid,global_recovery,global_recovery,hybrid_leader_global_plus_local_adjustment,0,"1,3,5,9,11,13",executed,requested_global_recovery_applied,urban,cooperative
156.6,hybrid,global_recovery,global_recovery,hybrid_leader_global_plus_local_adjustment,0,"1,3,5,9,11,13",executed,requested_global_recovery_applied,urban,cooperative
157.1,hybrid,global_recovery,global_recovery,hybrid_leader_global_plus_local_adjustment,0,"1,3,5,9,11,13",executed,requested_global_recovery_applied,urban,cooperative
157.6,hybrid,global_recovery,global_recovery,hybrid_leader_global_plus_local_adjustment,0,"1,3,5,9,11,13",executed,requested_global_recovery_applied,urban,cooperative
158.1,hybrid,global_recovery,global_recovery,hybrid_leader_global_plus_local_adjustment,0,"1,3,5,9,11,13",executed,requested_global_recovery_applied,urban,cooperative
158.6,hybrid,global_recovery,global_recovery,hybrid_leader_global_plus_local_adjustment,0,"1,3,5,9,11,13",executed,requested_global_recovery_applied,urban,cooperative
159.1,hybrid,global_recovery,global_recovery,hybrid_leader_global_plus_local_adjustment,0,"1,3,5,9,11,13",executed,requested_global_recovery_applied,urban,cooperative
159.6,hybrid,global_recovery,global_recovery,hybrid_leader_global_plus_local_adjustment,0,"1,3,5,9,11,13",executed,requested_global_recovery_applied,urban,cooperative
160.1,hybrid,global_recovery,global_recovery,hybrid_leader_global_plus_local_adjustment,0,"1,3,5,9,11,13",executed,requested_global_recovery_applied,urban,cooperative
160.6,hybrid,global_recovery,global_recovery,hybrid_leader_global_plus_local_adjustment,0,"1,3,5,9,11,13",executed,requested_global_recovery_applied,urban,cooperative
161.1,hybrid,global_recovery,global_recovery,hybrid_leader_global_plus_local_adjustment,0,"1,3,5,9,11,13",executed,requested_global_recovery_applied,urban,cooperative
161.6,hybrid,global_recovery,global_recovery,hybrid_leader_global_plus_local_adjustment,0,"1,3,5,9,11,13",executed,requested_global_recovery_applied,urban,cooperative
162.1,hybrid,global_recovery,global_recovery,hybrid_leader_global_plus_local_adjustment,0,"1,3,5,9,11,13",executed,requested_global_recovery_applied,urban,cooperative
162.6,hybrid,global_recovery,global_recovery,hybrid_leader_global_plus_local_adjustment,0,"1,3,5,9,11,13",executed,requested_global_recovery_applied,urban,cooperative
163.1,hybrid,global_recovery,global_recovery,hybrid_leader_global_plus_local_adjustment,0,"1,3,5,9,11,13",executed,requested_global_recovery_applied,urban,cooperative
163.6,hybrid,global_recovery,global_recovery,hybrid_leader_global_plus_local_adjustment,0,"1,3,5,9,11,13",executed,requested_global_recovery_applied,urban,cooperative
164.1,hybrid,global_recovery,global_recovery,hybrid_leader_global_plus_local_adjustment,0,"1,3,5,9,11,13",executed,requested_global_recovery_applied,urban,cooperative
164.6,hybrid,global_recovery,global_recovery,hybrid_leader_global_plus_local_adjustment,0,"1,3,5,9,11,13",executed,requested_global_recovery_applied,urban,cooperative
165.1,hybrid,global_recovery,global_recovery,hybrid_leader_global_plus_local_adjustment,0,"1,3,5,9,11,13",executed,requested_global_recovery_applied,urban,cooperative
165.6,hybrid,global_recovery,global_recovery,hybrid_leader_global_plus_local_adjustment,0,"1,3,5,9,11,13",executed,requested_global_recovery_applied,urban,cooperative
166.1,hybrid,global_recovery,global_recovery,hybrid_leader_global_plus_local_adjustment,0,"1,3,5,9,11,13",executed,requested_global_recovery_applied,urban,cooperative
166.6,hybrid,global_recovery,global_recovery,hybrid_leader_global_plus_local_adjustment,0,"1,3,5,9,11,13",executed,requested_global_recovery_applied,urban,cooperative
167.1,hybrid,global_recovery,global_recovery,hybrid_leader_global_plus_local_adjustment,0,"1,3,5,9,11,13",executed,requested_global_recovery_applied,urban,cooperative
167.6,hybrid,global_recovery,global_recovery,hybrid_leader_global_plus_local_adjustment,0,"1,3,5,9,11,13",executed,requested_global_recovery_applied,urban,cooperative
168.1,hybrid,global_recovery,global_recovery,hybrid_leader_global_plus_local_adjustment,0,"1,3,5,9,11,13",executed,requested_global_recovery_applied,urban,cooperative
168.6,hybrid,global_recovery,global_recovery,hybrid_leader_global_plus_local_adjustment,0,"1,3,5,9,11,13",executed,requested_global_recovery_applied,urban,cooperative
169.1,hybrid,global_recovery,global_recovery,hybrid_leader_global_plus_local_adjustment,0,"1,3,5,9,11,13",executed,requested_global_recovery_applied,urban,cooperative
169.6,hybrid,global_recovery,global_recovery,hybrid_leader_global_plus_local_adjustment,0,"1,3,5,9,11,13",executed,requested_global_recovery_applied,urban,cooperative
170.1,hybrid,global_recovery,global_recovery,hybrid_leader_global_plus_local_adjustment,0,"1,3,5,9,11,13",executed,requested_global_recovery_applied,urban,cooperative
170.6,hybrid,global_recovery,global_recovery,hybrid_leader_global_plus_local_adjustment,0,"1,3,5,9,11,13",executed,requested_global_recovery_applied,urban,cooperative
171.1,hybrid,global_recovery,global_recovery,hybrid_leader_global_plus_local_adjustment,0,"1,3,5,9,11,13",executed,requested_global_recovery_applied,urban,cooperative
171.6,hybrid,global_recovery,global_recovery,hybrid_leader_global_plus_local_adjustment,0,"1,3,5,9,11,13",executed,requested_global_recovery_applied,urban,cooperative
172.1,hybrid,global_recovery,global_recovery,hybrid_leader_global_plus_local_adjustment,0,"1,3,5,9,11,13",executed,requested_global_recovery_applied,urban,cooperative
172.6,hybrid,global_recovery,global_recovery,hybrid_leader_global_plus_local_adjustment,0,"1,3,5,9,11,13",executed,requested_global_recovery_applied,urban,cooperative
173.1,hybrid,global_recovery,global_recovery,hybrid_leader_global_plus_local_adjustment,0,"1,3,5,9,11,13",executed,requested_global_recovery_applied,urban,cooperative
