time,nodeId,x,y,z
0,0,0,5.7,30
0,1,-12,-6.3,30
0,2,12,-6.3,30
0,3,-24,-18.3,30
0,4,24,-18.3,30
0,5,-36,-30.3,30
0,6,36,-30.3,30
0,7,-48,-42.3,30
0,8,48,-42.3,30
0,9,-60,-54.3,30
0,10,60,-54.3,30
0,11,-72,-66.3,30
0,12,72,-66.3,30
0,13,-84,-78.3,30
0,14,84,-78.3,30
0.2,0,0,8.7,30
0.2,1,-12,-3.3,30
0.2,2,12,-3.3,30
0.2,3,-24,-15.3,30
0.2,4,24,-15.3,30
0.2,5,-36,-27.3,30
0.2,6,36,-27.3,30
0.2,7,-48,-39.3,30
0.2,8,48,-39.3,30
0.2,9,-60,-51.3,30
0.2,10,60,-51.3,30
0.2,11,-72,-63.3,30
0.2,12,72,-63.3,30
0.2,13,-84,-75.3,30
0.2,14,84,-75.3,30
0.4,0,0,11.7,30
0.4,1,-12,-0.3,30
0.4,2,12,-0.3,30
0.4,3,-24,-12.3,30
0.4,4,24,-12.3,30
0.4,5,-36,-24.3,30
0.4,6,36,-24.3,30
0.4,7,-48,-36.3,30
0.4,8,48,-36.3,30
0.4,9,-60,-48.3,30
0.4,10,60,-48.3,30
0.4,11,-72,-60.3,30
0.4,12,72,-60.3,30
0.4,13,-84,-72.3,30
0.4,14,84,-72.3,30
0.6,0,0,14.7,30
0.6,1,-12,2.7,30
0.6,2,12,2.7,30
0.6,3,-24,-9.3,30
0.6,4,24,-9.3,30
0.6,5,-36,-21.3,30
0.6,6,36,-21.3,30
0.6,7,-48,-33.3,30
0.6,8,48,-33.3,30
0.6,9,-60,-45.3,30
0.6,10,60,-45.3,30
0.6,11,-72,-57.3,30
0.6,12,72,-57.3,30
0.6,13,-84,-69.3,30
0.6,14,84,-69.3,30
0.8,0,0,17.7,30
0.8,1,-12,5.7,30
0.8,2,12,5.7,30
0.8,3,-24,-6.3,30
0.8,4,24,-6.3,30
0.8,5,-36,-18.3,30
0.8,6,36,-18.3,30
0.8,7,-48,-30.3,30
0.8,8,48,-30.3,30
0.8,9,-60,-42.3,30
0.8,10,60,-42.3,30
0.8,11,-72,-54.3,30
0.8,12,72,-54.3,30
0.8,13,-84,-66.3,30
0.8,14,84,-66.3,30
1,0,0,20.7,30
1,1,-12,8.7,30
1,2,12,8.7,30
1,3,-24,-3.3,30
1,4,24,-3.3,30
1,5,-36,-15.3,30
1,6,36,-15.3,30
1,7,-48,-27.3,30
1,8,48,-27.3,30
1,9,-60,-39.3,30
1,10,60,-39.3,30
1,11,-72,-51.3,30
1,12,72,-51.3,30
1,13,-84,-63.3,30
1,14,84,-63.3,30
1.2,0,0,23.7,30
1.2,1,-12,11.7,30
1.2,2,12,11.7,30
1.2,3,-24,-0.3,30
1.2,4,24,-0.3,30
1.2,5,-36,-12.3,30
1.2,6,36,-12.3,30
1.2,7,-48,-24.3,30
1.2,8,48,-24.3,30
1.2,9,-60,-36.3,30
1.2,10,60,-36.3,30
1.2,11,-72,-48.3,30
1.2,12,72,-48.3,30
1.2,13,-84,-60.3,30
1.2,14,84,-60.3,30
1.4,0,0,26.7,30
1.4,1,-12,14.7,30
1.4,2,12,14.7,30
1.4,3,-24,2.7,30
1.4,4,24,2.7,30
1.4,5,-36,-9.3,30
1.4,6,36,-9.3,30
1.4,7,-48,-21.3,30
1.4,8,48,-21.3,30
1.4,9,-60,-33.3,30
1.4,10,60,-33.3,30
1.4,11,-72,-45.3,30
1.4,12,72,-45.3,30
1.4,13,-84,-57.3,30
1.4,14,84,-57.3,30
1.6,0,0,29.7,30
1.6,1,-12,17.7,30
1.6,2,12,17.7,30
1.6,3,-24,5.7,30
1.6,4,24,5.7,30
1.6,5,-36,-6.3,30
1.6,6,36,-6.3,30
1.6,7,-48,-18.3,30
1.6,8,48,-18.3,30
1.6,9,-60,-30.3,30
1.6,10,60,-30.3,30
1.6,11,-72,-42.3,30
1.6,12,72,-42.3,30
1.6,13,-84,-54.3,30
1.6,14,84,-54.3,30
1.8,0,0,32.7,30
1.8,1,-12,20.7,30
1.8,2,12,20.7,30
1.8,3,-24,8.7,30
1.8,4,24,8.7,30
1.8,5,-36,-3.3,30
1.8,6,36,-3.3,30
1.8,7,-48,-15.3,30
1.8,8,48,-15.3,30
1.8,9,-60,-27.3,30
1.8,10,60,-27.3,30
1.8,11,-72,-39.3,30
1.8,12,72,-39.3,30
1.8,13,-84,-51.3,30
1.8,14,84,-51.3,30
2,0,0,35.7,30
2,1,-12,23.7,30
2,2,12,23.7,30
2,3,-24,11.7,30
2,4,24,11.7,30
2,5,-36,-0.3,30
2,6,36,-0.3,30
2,7,-48,-12.3,30
2,8,48,-12.3,30
2,9,-60,-24.3,30
2,10,60,-24.3,30
2,11,-72,-36.3,30
2,12,72,-36.3,30
2,13,-84,-48.3,30
2,14,84,-48.3,30
2.2,0,0,38.5928,30
2.2,1,-12,26.5928,30
2.2,2,12,26.5928,30
2.2,3,-24,14.5928,30
2.2,4,24,14.5928,30
2.2,5,-36,2.5928,30
2.2,6,36,2.5928,30
2.2,7,-48,-9.4072,30
2.2,8,48,-9.4072,30
2.2,9,-60,-21.4072,30
2.2,10,60,-21.4072,30
2.2,11,-72,-33.4072,30
2.2,12,72,-33.4072,30
2.2,13,-84,-45.4072,30
2.2,14,84,-45.4072,30
2.4,0,0,41.4856,30
2.4,1,-12,29.4856,30
2.4,2,12,29.4856,30
2.4,3,-24,17.4856,30
2.4,4,24,17.4856,30
2.4,5,-36,5.4856,30
2.4,6,36,5.4856,30
2.4,7,-48,-6.5144,30
2.4,8,48,-6.5144,30
2.4,9,-60,-18.5144,30
2.4,10,60,-18.5144,30
2.4,11,-72,-30.5144,30
2.4,12,72,-30.5144,30
2.4,13,-84,-42.5144,30
2.4,14,84,-42.5144,30
2.6,0,0,44.2396,30
2.6,1,-12,32.2396,30
2.6,2,12,32.2396,30
2.6,3,-24,20.2396,30
2.6,4,24,20.2396,30
2.6,5,-36,8.2396,30
2.6,6,36,8.2396,30
2.6,7,-48,-3.7604,30
2.6,8,48,-3.7604,30
2.6,9,-60,-15.7604,30
2.6,10,60,-15.7604,30
2.6,11,-72,-27.7604,30
2.6,12,72,-27.7604,30
2.6,13,-84,-39.7604,30
2.6,14,84,-39.7604,30
2.8,0,0,46.8548,30
2.8,1,-12,34.8548,30
2.8,2,12,34.8548,30
2.8,3,-24,22.8548,30
2.8,4,24,22.8548,30
2.8,5,-36,10.8548,30
2.8,6,36,10.8548,30
2.8,7,-48,-1.1452,30
2.8,8,48,-1.1452,30
2.8,9,-60,-13.1452,30
2.8,10,60,-13.1452,30
2.8,11,-72,-25.1452,30
2.8,12,72,-25.1452,30
2.8,13,-84,-37.1452,30
2.8,14,84,-37.1452,30
3,0,0,49.47,30
3,1,-12,37.47,30
3,2,12,37.47,30
3,3,-24,25.47,30
3,4,24,25.47,30
3,5,-36,13.47,30
3,6,36,13.47,30
3,7,-48,1.47,30
3,8,48,1.47,30
3,9,-60,-10.53,30
3,10,60,-10.53,30
3,11,-72,-22.53,30
3,12,72,-22.53,30
3,13,-84,-34.53,30
3,14,84,-34.53,30
3.2,0,0,51.7452,30
3.2,1,-12,39.7452,30
3.2,2,12,39.7452,30
3.2,3,-24,27.7452,30
3.2,4,24,27.7452,30
3.2,5,-36,15.7452,30
3.2,6,36,15.7452,30
3.2,7,-48,3.7452,30
3.2,8,48,3.7452,30
3.2,9,-60,-8.2548,30
3.2,10,60,-8.2548,30
3.2,11,-72,-20.2548,30
3.2,12,72,-20.2548,30
3.2,13,-84,-32.2548,30
3.2,14,84,-32.2548,30
3.4,0,0,54.0204,30
3.4,1,-12,42.0204,30
3.4,2,12,42.0204,30
3.4,3,-24,30.0204,30
3.4,4,24,30.0204,30
3.4,5,-36,18.0204,30
3.4,6,36,18.0204,30
3.4,7,-48,6.0204,30
3.4,8,48,6.0204,30
3.4,9,-60,-5.9796,30
3.4,10,60,-5.9796,30
3.4,11,-72,-17.9796,30
3.4,12,72,-17.9796,30
3.4,13,-84,-29.9796,30
3.4,14,84,-29.9796,30
3.6,0,0,56.1562,30
3.6,1,-12,44.1562,30
3.6,2,12,44.1562,30
3.6,3,-24,32.1562,30
3.6,4,24,32.1562,30
3.6,5,-36,20.1562,30
3.6,6,36,20.1562,30
3.6,7,-48,8.1562,30
3.6,8,48,8.1562,30
3.6,9,-60,-3.8438,30
3.6,10,60,-3.8438,30
3.6,11,-72,-15.8438,30
3.6,12,72,-15.8438,30
3.6,13,-84,-27.8438,30
3.6,14,84,-27.8438,30
3.8,0,0,58.1526,30
3.8,1,-12,46.1526,30
3.8,2,12,46.1526,30
3.8,3,-24,34.1526,30
3.8,4,24,34.1526,30
3.8,5,-36,22.1526,30
3.8,6,36,22.1526,30
3.8,7,-48,10.1526,30
3.8,8,48,10.1526,30
3.8,9,-60,-1.8474,30
3.8,10,60,-1.8474,30
3.8,11,-72,-13.8474,30
3.8,12,72,-13.8474,30
3.8,13,-84,-25.8474,30
3.8,14,84,-25.8474,30
4,0,0,60.149,30
4,1,-12,48.149,30
4,2,12,48.149,30
4,3,-24,36.149,30
4,4,24,36.149,30
4,5,-36,24.149,30
4,6,36,24.149,30
4,7,-48,12.149,30
4,8,48,12.149,30
4,9,-60,0.149,30
4,10,60,0.149,30
4,11,-72,-11.851,30
4,12,72,-11.851,30
4,13,-84,-23.851,30
4,14,84,-23.851,30
4.2,0,0,62.0242,30
4.2,1,-12,50.0242,30
4.2,2,12,50.0242,30
4.2,3,-24,38.0242,30
4.2,4,24,38.0242,30
4.2,5,-36,26.0242,30
4.2,6,36,26.0242,30
4.2,7,-48,14.0242,30
4.2,8,48,14.0242,30
4.2,9,-60,2.0242,30
4.2,10,60,2.0242,30
4.2,11,-72,-9.9758,30
4.2,12,72,-9.9758,30
4.2,13,-84,-21.9758,30
4.2,14,84,-21.9758,30
4.4,0,0,63.8994,30
4.4,1,-12,51.8994,30
4.4,2,12,51.8994,30
4.4,3,-24,39.8994,30
4.4,4,24,39.8994,30
4.4,5,-36,27.8994,30
4.4,6,36,27.8994,30
4.4,7,-48,15.8994,30
4.4,8,48,15.8994,30
4.4,9,-60,3.8994,30
4.4,10,60,3.8994,30
4.4,11,-72,-8.1006,30
4.4,12,72,-8.1006,30
4.4,13,-84,-20.1006,30
4.4,14,84,-20.1006,30
4.6,0,0,65.8106,30
4.6,1,-12,53.8106,30
4.6,2,12,53.8106,30
4.6,3,-24,41.8106,30
4.6,4,24,41.8106,30
4.6,5,-36,29.8106,30
4.6,6,36,29.8106,30
4.6,7,-48,17.8106,30
4.6,8,48,17.8106,30
4.6,9,-60,5.8106,30
4.6,10,60,5.8106,30
4.6,11,-72,-6.1894,30
4.6,12,72,-6.1894,30
4.6,13,-84,-18.1894,30
4.6,14,84,-18.1894,30
4.8,0,0,67.7578,30
4.8,1,-12,55.7578,30
4.8,2,12,55.7578,30
4.8,3,-24,43.7578,30
4.8,4,24,43.7578,30
4.8,5,-36,31.7578,30
4.8,6,36,31.7578,30
4.8,7,-48,19.7578,30
4.8,8,48,19.7578,30
4.8,9,-60,7.7578,30
4.8,10,60,7.7578,30
4.8,11,-72,-4.2422,30
4.8,12,72,-4.2422,30
4.8,13,-84,-16.2422,30
4.8,14,84,-16.2422,30
5,0,0,69.705,30
5,1,-12,57.705,30
5,2,12,57.705,30
5,3,-24,45.705,30
5,4,24,45.705,30
5,5,-36,33.705,30
5,6,36,33.705,30
5,7,-48,21.705,30
5,8,48,21.705,30
5,9,-60,9.705,30
5,10,60,9.705,30
5,11,-72,-2.295,30
5,12,72,-2.295,30
5,13,-84,-14.295,30
5,14,84,-14.295,30
5.2,0,0,71.8822,30
5.2,1,-12,59.8822,30
5.2,2,12,59.8822,30
5.2,3,-24,47.8822,30
5.2,4,24,47.8822,30
5.2,5,-36,35.8822,30
5.2,6,36,35.8822,30
5.2,7,-48,23.8822,30
5.2,8,48,23.8822,30
5.2,9,-60,11.8822,30
5.2,10,60,11.8822,30
5.2,11,-72,-0.1178,30
5.2,12,72,-0.1178,30
5.2,13,-84,-12.1178,30
5.2,14,84,-12.1178,30
5.4,0,0,74.0594,30
5.4,1,-12,62.0594,30
5.4,2,12,62.0594,30
5.4,3,-24,50.0594,30
5.4,4,24,50.0594,30
5.4,5,-36,38.0594,30
5.4,6,36,38.0594,30
5.4,7,-48,26.0594,30
5.4,8,48,26.0594,30
5.4,9,-60,14.0594,30
5.4,10,60,14.0594,30
5.4,11,-72,2.0594,30
5.4,12,72,2.0594,30
5.4,13,-84,-9.9406,30
5.4,14,84,-9.9406,30
5.6,0,0,76.3852,30
5.6,1,-12,64.3852,30
5.6,2,12,64.3852,30
5.6,3,-24,52.3852,30
5.6,4,24,52.3852,30
5.6,5,-36,40.3852,30
5.6,6,36,40.3852,30
5.6,7,-48,28.3852,30
5.6,8,48,28.3852,30
5.6,9,-60,16.3852,30
5.6,10,60,16.3852,30
5.6,11,-72,4.3852,30
5.6,12,72,4.3852,30
5.6,13,-84,-7.6148,30
5.6,14,84,-7.6148,30
5.8,0,0,78.8596,30
5.8,1,-12,66.8596,30
5.8,2,12,66.8596,30
5.8,3,-24,54.8596,30
5.8,4,24,54.8596,30
5.8,5,-36,42.8596,30
5.8,6,36,42.8596,30
5.8,7,-48,30.8596,30
5.8,8,48,30.8596,30
5.8,9,-60,18.8596,30
5.8,10,60,18.8596,30
5.8,11,-72,6.8596,30
5.8,12,72,6.8596,30
5.8,13,-84,-5.1404,30
5.8,14,84,-5.1404,30
6,0,0,81.334,30
6,1,-12,69.334,30
6,2,12,69.334,30
6,3,-24,57.334,30
6,4,24,57.334,30
6,5,-36,45.334,30
6,6,36,45.334,30
6,7,-48,33.334,30
6,8,48,33.334,30
6,9,-60,21.334,30
6,10,60,21.334,30
6,11,-72,9.334,30
6,12,72,9.334,30
6,13,-84,-2.666,30
6,14,84,-2.666,30
6.2,0,0,84.0648,30
6.2,1,-12,72.0648,30
6.2,2,12,72.0648,30
6.2,3,-24,60.0648,30
6.2,4,24,60.0648,30
6.2,5,-36,48.0648,30
6.2,6,36,48.0648,30
6.2,7,-48,36.0648,30
6.2,8,48,36.0648,30
6.2,9,-60,24.0648,30
6.2,10,60,24.0648,30
6.2,11,-72,12.0648,30
6.2,12,72,12.0648,30
6.2,13,-84,0.0648,30
6.2,14,84,0.0648,30
6.4,0,0,86.7956,30
6.4,1,-12,74.7956,30
6.4,2,12,74.7956,30
6.4,3,-24,62.7956,30
6.4,4,24,62.7956,30
6.4,5,-36,50.7956,30
6.4,6,36,50.7956,30
6.4,7,-48,38.7956,30
6.4,8,48,38.7956,30
6.4,9,-60,26.7956,30
6.4,10,60,26.7956,30
6.4,11,-72,14.7956,30
6.4,12,72,14.7956,30
6.4,13,-84,2.7956,30
6.4,14,84,2.7956,30
6.6,0,0,89.5892,30
6.6,1,-12,77.5892,30
6.6,2,12,77.5892,30
6.6,3,-24,65.5892,30
6.6,4,24,65.5892,30
6.6,5,-36,53.5892,30
6.6,6,36,53.5892,30
6.6,7,-48,41.5892,30
6.6,8,48,41.5892,30
6.6,9,-60,29.5892,30
6.6,10,60,29.5892,30
6.6,11,-72,17.5892,30
6.6,12,72,17.5892,30
6.6,13,-84,5.5892,30
6.6,14,84,5.5892,30
6.8,0,0,92.4456,30
6.8,1,-12,80.4456,30
6.8,2,12,80.4456,30
6.8,3,-24,68.4456,30
6.8,4,24,68.4456,30
6.8,5,-36,56.4456,30
6.8,6,36,56.4456,30
6.8,7,-48,44.4456,30
6.8,8,48,44.4456,30
6.8,9,-60,32.4456,30
6.8,10,60,32.4456,30
6.8,11,-72,20.4456,30
6.8,12,72,20.4456,30
6.8,13,-84,8.4456,30
6.8,14,84,8.4456,30
7,0,0,95.302,30
7,1,-12,83.302,30
7,2,12,83.302,30
7,3,-24,71.302,30
7,4,24,71.302,30
7,5,-36,59.302,30
7,6,36,59.302,30
7,7,-48,47.302,30
7,8,48,47.302,30
7,9,-60,35.302,30
7,10,60,35.302,30
7,11,-72,23.302,30
7,12,72,23.302,30
7,13,-84,11.302,30
7,14,84,11.302,30
7.2,0,0,98.1148,30
7.2,1,-12,86.1148,30
7.2,2,12,86.1148,30
7.2,3,-24,74.1148,30
7.2,4,24,74.1148,30
7.2,5,-36,62.1148,30
7.2,6,36,62.1148,30
7.2,7,-48,50.1148,30
7.2,8,48,50.1148,30
7.2,9,-60,38.1148,30
7.2,10,60,38.1148,30
7.2,11,-72,26.1148,30
7.2,12,72,26.1148,30
7.2,13,-84,14.1148,30
7.2,14,84,14.1148,30
7.4,0,0,100.928,30
7.4,1,-12,88.9276,30
7.4,2,12,88.9276,30
7.4,3,-24,76.9276,30
7.4,4,24,76.9276,30
7.4,5,-36,64.9276,30
7.4,6,36,64.9276,30
7.4,7,-48,52.9276,30
7.4,8,48,52.9276,30
7.4,9,-60,40.9276,30
7.4,10,60,40.9276,30
7.4,11,-72,28.9276,30
7.4,12,72,28.9276,30
7.4,13,-84,16.9276,30
7.4,14,84,16.9276,30
7.6,0,0,103.646,30
7.6,1,-12,91.6464,30
7.6,2,12,91.6464,30
7.6,3,-24,79.6464,30
7.6,4,24,79.6464,30
7.6,5,-36,67.6464,30
7.6,6,36,67.6464,30
7.6,7,-48,55.6464,30
7.6,8,48,55.6464,30
7.6,9,-60,43.6464,30
7.6,10,60,43.6464,30
7.6,11,-72,31.6464,30
7.6,12,72,31.6464,30
7.6,13,-84,19.6464,30
7.6,14,84,19.6464,30
7.8,0,0,106.271,30
7.8,1,-12,94.2712,30
7.8,2,12,94.2712,30
7.8,3,-24,82.2712,30
7.8,4,24,82.2712,30
7.8,5,-36,70.2712,30
7.8,6,36,70.2712,30
7.8,7,-48,58.2712,30
7.8,8,48,58.2712,30
7.8,9,-60,46.2712,30
7.8,10,60,46.2712,30
7.8,11,-72,34.2712,30
7.8,12,72,34.2712,30
7.8,13,-84,22.2712,30
7.8,14,84,22.2712,30
8,0,0,108.896,30
8,1,-12,96.896,30
8,2,12,96.896,30
8,3,-24,84.896,30
8,4,24,84.896,30
8,5,-36,72.896,30
8,6,36,72.896,30
8,7,-48,60.896,30
8,8,48,60.896,30
8,9,-60,48.896,30
8,10,60,48.896,30
8,11,-72,36.896,30
8,12,72,36.896,30
8,13,-84,24.896,30
8,14,84,24.896,30
8.2,0,0,111.262,30
8.2,1,-12,99.262,30
8.2,2,12,99.262,30
8.2,3,-24,87.262,30
8.2,4,24,87.262,30
8.2,5,-36,75.262,30
8.2,6,36,75.262,30
8.2,7,-48,63.262,30
8.2,8,48,63.262,30
8.2,9,-60,51.262,30
8.2,10,60,51.262,30
8.2,11,-72,39.262,30
8.2,12,72,39.262,30
8.2,13,-84,27.262,30
8.2,14,84,27.262,30
8.4,0,0,113.628,30
8.4,1,-12,101.628,30
8.4,2,12,101.628,30
8.4,3,-24,89.628,30
8.4,4,24,89.628,30
8.4,5,-36,77.628,30
8.4,6,36,77.628,30
8.4,7,-48,65.628,30
8.4,8,48,65.628,30
8.4,9,-60,53.628,30
8.4,10,60,53.628,30
8.4,11,-72,41.628,30
8.4,12,72,41.628,30
8.4,13,-84,29.628,30
8.4,14,84,29.628,30
8.6,0,0,115.877,30
8.6,1,-12,103.877,30
8.6,2,12,103.877,30
8.6,3,-24,91.877,30
8.6,4,24,91.877,30
8.6,5,-36,79.877,30
8.6,6,36,79.877,30
8.6,7,-48,67.877,30
8.6,8,48,67.877,30
8.6,9,-60,55.877,30
8.6,10,60,55.877,30
8.6,11,-72,43.877,30
8.6,12,72,43.877,30
8.6,13,-84,31.877,30
8.6,14,84,31.877,30
8.8,0,0,118.009,30
8.8,1,-12,106.009,30
8.8,2,12,106.009,30
8.8,3,-24,94.009,30
8.8,4,24,94.009,30
8.8,5,-36,82.009,30
8.8,6,36,82.009,30
8.8,7,-48,70.009,30
8.8,8,48,70.009,30
8.8,9,-60,58.009,30
8.8,10,60,58.009,30
8.8,11,-72,46.009,30
8.8,12,72,46.009,30
8.8,13,-84,34.009,30
8.8,14,84,34.009,30
9,0,0,120.141,30
9,1,-12,108.141,30
9,2,12,108.141,30
9,3,-24,96.141,30
9,4,24,96.141,30
9,5,-36,84.141,30
9,6,36,84.141,30
9,7,-48,72.141,30
9,8,48,72.141,30
9,9,-60,60.141,30
9,10,60,60.141,30
9,11,-72,48.141,30
9,12,72,48.141,30
9,13,-84,36.141,30
9,14,84,36.141,30
9.2,0,0,122.146,30
9.2,1,-12,110.146,30
9.2,2,12,110.146,30
9.2,3,-24,98.1462,30
9.2,4,24,98.1462,30
9.2,5,-36,86.1462,30
9.2,6,36,86.1462,30
9.2,7,-48,74.1462,30
9.2,8,48,74.1462,30
9.2,9,-60,62.1462,30
9.2,10,60,62.1462,30
9.2,11,-72,50.1462,30
9.2,12,72,50.1462,30
9.2,13,-84,38.1462,30
9.2,14,84,38.1462,30
9.4,0,0,124.151,30
9.4,1,-12,112.151,30
9.4,2,12,112.151,30
9.4,3,-24,100.151,30
9.4,4,24,100.151,30
9.4,5,-36,88.1514,30
9.4,6,36,88.1514,30
9.4,7,-48,76.1514,30
9.4,8,48,76.1514,30
9.4,9,-60,64.1514,30
9.4,10,60,64.1514,30
9.4,11,-72,52.1514,30
9.4,12,72,52.1514,30
9.4,13,-84,40.1514,30
9.4,14,84,40.1514,30
9.6,0,0,126.167,30
9.6,1,-12,114.167,30
9.6,2,12,114.167,30
9.6,3,-24,102.167,30
9.6,4,24,102.167,30
9.6,5,-36,90.1668,30
9.6,6,36,90.1668,30
9.6,7,-48,78.1668,30
9.6,8,48,78.1668,30
9.6,9,-60,66.1668,30
9.6,10,60,66.1668,30
9.6,11,-72,54.1668,30
9.6,12,72,54.1668,30
9.6,13,-84,42.1668,30
9.6,14,84,42.1668,30
9.8,0,0,128.192,30
9.8,1,-12,116.192,30
9.8,2,12,116.192,30
9.8,3,-24,104.192,30
9.8,4,24,104.192,30
9.8,5,-36,92.1924,30
9.8,6,36,92.1924,30
9.8,7,-48,80.1924,30
9.8,8,48,80.1924,30
9.8,9,-60,68.1924,30
9.8,10,60,68.1924,30
9.8,11,-72,56.1924,30
9.8,12,72,56.1924,30
9.8,13,-84,44.1924,30
9.8,14,84,44.1924,30
10,0,0,130.218,30
10,1,-12,118.218,30
10,2,12,118.218,30
10,3,-24,106.218,30
10,4,24,106.218,30
10,5,-36,94.218,30
10,6,36,94.218,30
10,7,-48,82.218,30
10,8,48,82.218,30
10,9,-60,70.218,30
10,10,60,70.218,30
10,11,-72,58.218,30
10,12,72,58.218,30
10,13,-84,46.218,30
10,14,84,46.218,30
10.2,0,0,132.396,30
10.2,1,-12,120.396,30
10.2,2,12,120.396,30
10.2,3,-24,108.396,30
10.2,4,24,108.396,30
10.2,5,-36,96.3964,30
10.2,6,36,96.3964,30
10.2,7,-48,84.3964,30
10.2,8,48,84.3964,30
10.2,9,-60,72.3964,30
10.2,10,60,72.3964,30
10.2,11,-72,60.3964,30
10.2,12,72,60.3964,30
10.2,13,-84,48.3964,30
10.2,14,84,48.3964,30
10.4,0,0,134.575,30
10.4,1,-12,122.575,30
10.4,2,12,122.575,30
10.4,3,-24,110.575,30
10.4,4,24,110.575,30
10.4,5,-36,98.5748,30
10.4,6,36,98.5748,30
10.4,7,-48,86.5748,30
10.4,8,48,86.5748,30
10.4,9,-60,74.5748,30
10.4,10,60,74.5748,30
10.4,11,-72,62.5748,30
10.4,12,72,62.5748,30
10.4,13,-84,50.5748,30
10.4,14,84,50.5748,30
10.6,0,0,136.865,30
10.6,1,-12,124.865,30
10.6,2,12,124.865,30
10.6,3,-24,112.865,30
10.6,4,24,112.865,30
10.6,5,-36,100.865,30
10.6,6,36,100.865,30
10.6,7,-48,88.8652,30
10.6,8,48,88.8652,30
10.6,9,-60,76.8652,30
10.6,10,60,76.8652,30
10.6,11,-72,64.8652,30
10.6,12,72,64.8652,30
10.6,13,-84,52.8652,30
10.6,14,84,52.8652,30
10.8,0,0,139.268,30
10.8,1,-12,127.268,30
10.8,2,12,127.268,30
10.8,3,-24,115.268,30
10.8,4,24,115.268,30
10.8,5,-36,103.268,30
10.8,6,36,103.268,30
10.8,7,-48,91.2676,30
10.8,8,48,91.2676,30
10.8,9,-60,79.2676,30
10.8,10,60,79.2676,30
10.8,11,-72,67.2676,30
10.8,12,72,67.2676,30
10.8,13,-84,55.2676,30
10.8,14,84,55.2676,30
11,0,0,141.67,30
11,1,-12,129.67,30
11,2,12,129.67,30
11,3,-24,117.67,30
11,4,24,117.67,30
11,5,-36,105.67,30
11,6,36,105.67,30
11,7,-48,93.67,30
11,8,48,93.67,30
11,9,-60,81.67,30
11,10,60,81.67,30
11,11,-72,69.67,30
11,12,72,69.67,30
11,13,-84,57.67,30
11,14,84,57.67,30
11.2,0,0,144.284,30
11.2,1,-12,132.284,30
11.2,2,12,132.284,30
11.2,3,-24,120.284,30
11.2,4,24,120.284,30
11.2,5,-36,108.284,30
11.2,6,36,108.284,30
11.2,7,-48,96.284,30
11.2,8,48,96.284,30
11.2,9,-60,84.284,30
11.2,10,60,84.284,30
11.2,11,-72,72.284,30
11.2,12,72,72.284,30
11.2,13,-84,60.284,30
11.2,14,84,60.284,30
11.4,0,0,146.898,30
11.4,1,-12,134.898,30
11.4,2,12,134.898,30
11.4,3,-24,122.898,30
11.4,4,24,122.898,30
11.4,5,-36,110.898,30
11.4,6,36,110.898,30
11.4,7,-48,98.898,30
11.4,8,48,98.898,30
11.4,9,-60,86.898,30
11.4,10,60,86.898,30
11.4,11,-72,74.898,30
11.4,12,72,74.898,30
11.4,13,-84,62.898,30
11.4,14,84,62.898,30
11.6,0,0,149.575,30
11.6,1,-12,137.575,30
11.6,2,12,137.575,30
11.6,3,-24,125.575,30
11.6,4,24,125.575,30
11.6,5,-36,113.575,30
11.6,6,36,113.575,30
11.6,7,-48,101.575,30
11.6,8,48,101.575,30
11.6,9,-60,89.5746,30
11.6,10,60,89.5746,30
11.6,11,-72,77.5746,30
11.6,12,72,77.5746,30
11.6,13,-84,65.5746,30
11.6,14,84,65.5746,30
11.8,0,0,152.314,30
11.8,1,-12,140.314,30
11.8,2,12,140.314,30
11.8,3,-24,128.314,30
11.8,4,24,128.314,30
11.8,5,-36,116.314,30
11.8,6,36,116.314,30
11.8,7,-48,104.314,30
11.8,8,48,104.314,30
11.8,9,-60,92.3138,30
11.8,10,60,92.3138,30
11.8,11,-72,80.3138,30
11.8,12,72,80.3138,30
11.8,13,-84,68.3138,30
11.8,14,84,68.3138,30
12,0,0,155.053,30
12,1,-12,143.053,30
12,2,12,143.053,30
12,3,-24,131.053,30
12,4,24,131.053,30
12,5,-36,119.053,30
12,6,36,119.053,30
12,7,-48,107.053,30
12,8,48,107.053,30
12,9,-60,95.053,30
12,10,60,95.053,30
12,11,-72,83.053,30
12,12,72,83.053,30
12,13,-84,71.053,30
12,14,84,71.053,30
12.2,0,0,157.79,30
12.2,1,-12,145.79,30
12.2,2,12,145.79,30
12.2,3,-24,133.79,30
12.2,4,24,133.79,30
12.2,5,-36,121.79,30
12.2,6,36,121.79,30
12.2,7,-48,109.79,30
12.2,8,48,109.79,30
12.2,9,-60,97.7902,30
12.2,10,60,97.7902,30
12.2,11,-72,85.7902,30
12.2,12,72,85.7902,30
12.2,13,-84,73.7902,30
12.2,14,84,73.7902,30
12.4,0,0,160.527,30
12.4,1,-12,148.527,30
12.4,2,12,148.527,30
12.4,3,-24,136.527,30
12.4,4,24,136.527,30
12.4,5,-36,124.527,30
12.4,6,36,124.527,30
12.4,7,-48,112.527,30
12.4,8,48,112.527,30
12.4,9,-60,100.527,30
12.4,10,60,100.527,30
12.4,11,-72,88.5274,30
12.4,12,72,88.5274,30
12.4,13,-84,76.5274,30
12.4,14,84,76.5274,30
12.6,0,0,163.204,30
12.6,1,-12,151.204,30
12.6,2,12,151.204,30
12.6,3,-24,139.204,30
12.6,4,24,139.204,30
12.6,5,-36,127.204,30
12.6,6,36,127.204,30
12.6,7,-48,115.204,30
12.6,8,48,115.204,30
12.6,9,-60,103.204,30
12.6,10,60,103.204,30
12.6,11,-72,91.2036,30
12.6,12,72,91.2036,30
12.6,13,-84,79.2036,30
12.6,14,84,79.2036,30
12.8,0,0,165.819,30
12.8,1,-12,153.819,30
12.8,2,12,153.819,30
12.8,3,-24,141.819,30
12.8,4,24,141.819,30
12.8,5,-36,129.819,30
12.8,6,36,129.819,30
12.8,7,-48,117.819,30
12.8,8,48,117.819,30
12.8,9,-60,105.819,30
12.8,10,60,105.819,30
12.8,11,-72,93.8188,30
12.8,12,72,93.8188,30
12.8,13,-84,81.8188,30
12.8,14,84,81.8188,30
13,0,0,168.434,30
13,1,-12,156.434,30
13,2,12,156.434,30
13,3,-24,144.434,30
13,4,24,144.434,30
13,5,-36,132.434,30
13,6,36,132.434,30
13,7,-48,120.434,30
13,8,48,120.434,30
13,9,-60,108.434,30
13,10,60,108.434,30
13,11,-72,96.434,30
13,12,72,96.434,30
13,13,-84,84.434,30
13,14,84,84.434,30
13.2,0,0,170.856,30
13.2,1,-12,158.856,30
13.2,2,12,158.856,30
13.2,3,-24,146.856,30
13.2,4,24,146.856,30
13.2,5,-36,134.856,30
13.2,6,36,134.856,30
13.2,7,-48,122.856,30
13.2,8,48,122.856,30
13.2,9,-60,110.856,30
13.2,10,60,110.856,30
13.2,11,-72,98.8564,30
13.2,12,72,98.8564,30
13.2,13,-84,86.8564,30
13.2,14,84,86.8564,30
13.4,0,0,173.279,30
13.4,1,-12,161.279,30
13.4,2,12,161.279,30
13.4,3,-24,149.279,30
13.4,4,24,149.279,30
13.4,5,-36,137.279,30
13.4,6,36,137.279,30
13.4,7,-48,125.279,30
13.4,8,48,125.279,30
13.4,9,-60,113.279,30
13.4,10,60,113.279,30
13.4,11,-72,101.279,30
13.4,12,72,101.279,30
13.4,13,-84,89.2788,30
13.4,14,84,89.2788,30
13.6,0,0,175.606,30
13.6,1,-12,163.606,30
13.6,2,12,163.606,30
13.6,3,-24,151.606,30
13.6,4,24,151.606,30
13.6,5,-36,139.606,30
13.6,6,36,139.606,30
13.6,7,-48,127.606,30
13.6,8,48,127.606,30
13.6,9,-60,115.606,30
13.6,10,60,115.606,30
13.6,11,-72,103.606,30
13.6,12,72,103.606,30
13.6,13,-84,91.6058,30
13.6,14,84,91.6058,30
13.8,0,0,177.837,30
13.8,1,-12,165.837,30
13.8,2,12,165.837,30
13.8,3,-24,153.837,30
13.8,4,24,153.837,30
13.8,5,-36,141.837,30
13.8,6,36,141.837,30
13.8,7,-48,129.837,30
13.8,8,48,129.837,30
13.8,9,-60,117.837,30
13.8,10,60,117.837,30
13.8,11,-72,105.837,30
13.8,12,72,105.837,30
13.8,13,-84,93.8374,30
13.8,14,84,93.8374,30
14,0,0,180.069,30
14,1,-12,168.069,30
14,2,12,168.069,30
14,3,-24,156.069,30
14,4,24,156.069,30
14,5,-36,144.069,30
14,6,36,144.069,30
14,7,-48,132.069,30
14,8,48,132.069,30
14,9,-60,120.069,30
14,10,60,120.069,30
14,11,-72,108.069,30
14,12,72,108.069,30
14,13,-84,96.069,30
14,14,84,96.069,30
14.2,0,0,182.179,30
14.2,1,-12,170.179,30
14.2,2,12,170.179,30
14.2,3,-24,158.179,30
14.2,4,24,158.179,30
14.2,5,-36,146.179,30
14.2,6,36,146.179,30
14.2,7,-48,134.179,30
14.2,8,48,134.179,30
14.2,9,-60,122.179,30
14.2,10,60,122.179,30
14.2,11,-72,110.179,30
14.2,12,72,110.179,30
14.2,13,-84,98.179,30
14.2,14,84,98.179,30
14.4,0,0,184.289,30
14.4,1,-12,172.289,30
14.4,2,12,172.289,30
14.4,3,-24,160.289,30
14.4,4,24,160.289,30
14.4,5,-36,148.289,30
14.4,6,36,148.289,30
14.4,7,-48,136.289,30
14.4,8,48,136.289,30
14.4,9,-60,124.289,30
14.4,10,60,124.289,30
14.4,11,-72,112.289,30
14.4,12,72,112.289,30
14.4,13,-84,100.289,30
14.4,14,84,100.289,30
14.6,0,0,186.393,30
14.6,1,-12,174.393,30
14.6,2,12,174.393,30
14.6,3,-24,162.393,30
14.6,4,24,162.393,30
14.6,5,-36,150.393,30
14.6,6,36,150.393,30
14.6,7,-48,138.393,30
14.6,8,48,138.393,30
14.6,9,-60,126.393,30
14.6,10,60,126.393,30
14.6,11,-72,114.393,30
14.6,12,72,114.393,30
14.6,13,-84,102.393,30
14.6,14,84,102.393,30
14.8,0,0,188.491,30
14.8,1,-12,176.491,30
14.8,2,12,176.491,30
14.8,3,-24,164.491,30
14.8,4,24,164.491,30
14.8,5,-36,152.491,30
14.8,6,36,152.491,30
14.8,7,-48,140.491,30
14.8,8,48,140.491,30
14.8,9,-60,128.491,30
14.8,10,60,128.491,30
14.8,11,-72,116.491,30
14.8,12,72,116.491,30
14.8,13,-84,104.491,30
14.8,14,84,104.491,30
15,0,0,190.589,30
15,1,-12,178.589,30
15,2,12,178.589,30
15,3,-24,166.589,30
15,4,24,166.589,30
15,5,-36,154.589,30
15,6,36,154.589,30
15,7,-48,142.589,30
15,8,48,142.589,30
15,9,-60,130.589,30
15,10,60,130.589,30
15,11,-72,118.589,30
15,12,72,118.589,30
15,13,-84,106.589,30
15,14,84,106.589,30
15.2,0,0,192.783,30
15.2,1,-12,180.783,30
15.2,2,12,180.783,30
15.2,3,-24,168.783,30
15.2,4,24,168.783,30
15.2,5,-36,156.783,30
15.2,6,36,156.783,30
15.2,7,-48,144.783,30
15.2,8,48,144.783,30
15.2,9,-60,132.783,30
15.2,10,60,132.783,30
15.2,11,-72,120.783,30
15.2,12,72,120.783,30
15.2,13,-84,108.783,30
15.2,14,84,108.783,30
15.4,0,0,194.978,30
15.4,1,-12,182.978,30
15.4,2,12,182.978,30
15.4,3,-24,170.978,30
15.4,4,24,170.978,30
15.4,5,-36,158.978,30
15.4,6,36,158.978,30
15.4,7,-48,146.978,30
15.4,8,48,146.978,30
15.4,9,-60,134.978,30
15.4,10,60,134.978,30
15.4,11,-72,122.978,30
15.4,12,72,122.978,30
15.4,13,-84,110.978,30
15.4,14,84,110.978,30
15.6,0,0,197.254,30
15.6,1,-12,185.254,30
15.6,2,12,185.254,30
15.6,3,-24,173.254,30
15.6,4,24,173.254,30
15.6,5,-36,161.254,30
15.6,6,36,161.254,30
15.6,7,-48,149.254,30
15.6,8,48,149.254,30
15.6,9,-60,137.254,30
15.6,10,60,137.254,30
15.6,11,-72,125.254,30
15.6,12,72,125.254,30
15.6,13,-84,113.254,30
15.6,14,84,113.254,30
15.8,0,0,199.613,30
15.8,1,-12,187.613,30
15.8,2,12,187.613,30
15.8,3,-24,175.613,30
15.8,4,24,175.613,30
15.8,5,-36,163.613,30
15.8,6,36,163.613,30
15.8,7,-48,151.613,30
15.8,8,48,151.613,30
15.8,9,-60,139.613,30
15.8,10,60,139.613,30
15.8,11,-72,127.613,30
15.8,12,72,127.613,30
15.8,13,-84,115.613,30
15.8,14,84,115.613,30
16,0,0,201.972,30
16,1,-12,189.972,30
16,2,12,189.972,30
16,3,-24,177.972,30
16,4,24,177.972,30
16,5,-36,165.972,30
16,6,36,165.972,30
16,7,-48,153.972,30
16,8,48,153.972,30
16,9,-60,141.972,30
16,10,60,141.972,30
16,11,-72,129.972,30
16,12,72,129.972,30
16,13,-84,117.972,30
16,14,84,117.972,30
16.2,0,0,204.502,30
16.2,1,-12,192.502,30
16.2,2,12,192.502,30
16.2,3,-24,180.502,30
16.2,4,24,180.502,30
16.2,5,-36,168.502,30
16.2,6,36,168.502,30
16.2,7,-48,156.502,30
16.2,8,48,156.502,30
16.2,9,-60,144.502,30
16.2,10,60,144.502,30
16.2,11,-72,132.502,30
16.2,12,72,132.502,30
16.2,13,-84,120.502,30
16.2,14,84,120.502,30
16.4,0,0,207.031,30
16.4,1,-12,195.031,30
16.4,2,12,195.031,30
16.4,3,-24,183.031,30
16.4,4,24,183.031,30
16.4,5,-36,171.031,30
16.4,6,36,171.031,30
16.4,7,-48,159.031,30
16.4,8,48,159.031,30
16.4,9,-60,147.031,30
16.4,10,60,147.031,30
16.4,11,-72,135.031,30
16.4,12,72,135.031,30
16.4,13,-84,123.031,30
16.4,14,84,123.031,30
16.6,0,0,209.619,30
16.6,1,-12,197.619,30
16.6,2,12,197.619,30
16.6,3,-24,185.619,30
16.6,4,24,185.619,30
16.6,5,-36,173.619,30
16.6,6,36,173.619,30
16.6,7,-48,161.619,30
16.6,8,48,161.619,30
16.6,9,-60,149.619,30
16.6,10,60,149.619,30
16.6,11,-72,137.619,30
16.6,12,72,137.619,30
16.6,13,-84,125.619,30
16.6,14,84,125.619,30
16.8,0,0,212.266,30
16.8,1,-12,200.266,30
16.8,2,12,200.266,30
16.8,3,-24,188.266,30
16.8,4,24,188.266,30
16.8,5,-36,176.266,30
16.8,6,36,176.266,30
16.8,7,-48,164.266,30
16.8,8,48,164.266,30
16.8,9,-60,152.266,30
16.8,10,60,152.266,30
16.8,11,-72,140.266,30
16.8,12,72,140.266,30
16.8,13,-84,128.266,30
16.8,14,84,128.266,30
17,0,0,214.912,30
17,1,-12,202.912,30
17,2,12,202.912,30
17,3,-24,190.912,30
17,4,24,190.912,30
17,5,-36,178.912,30
17,6,36,178.912,30
17,7,-48,166.912,30
17,8,48,166.912,30
17,9,-60,154.912,30
17,10,60,154.912,30
17,11,-72,142.912,30
17,12,72,142.912,30
17,13,-84,130.912,30
17,14,84,130.912,30
17.2,0,0,217.581,30
17.2,1,-12,205.581,30
17.2,2,12,205.581,30
17.2,3,-24,193.581,30
17.2,4,24,193.581,30
17.2,5,-36,181.581,30
17.2,6,36,181.581,30
17.2,7,-48,169.581,30
17.2,8,48,169.581,30
17.2,9,-60,157.581,30
17.2,10,60,157.581,30
17.2,11,-72,145.581,30
17.2,12,72,145.581,30
17.2,13,-84,133.581,30
17.2,14,84,133.581,30
17.4,0,0,220.25,30
17.4,1,-12,208.25,30
17.4,2,12,208.25,30
17.4,3,-24,196.25,30
17.4,4,24,196.25,30
17.4,5,-36,184.25,30
17.4,6,36,184.25,30
17.4,7,-48,172.25,30
17.4,8,48,172.25,30
17.4,9,-60,160.25,30
17.4,10,60,160.25,30
17.4,11,-72,148.25,30
17.4,12,72,148.25,30
17.4,13,-84,136.25,30
17.4,14,84,136.25,30
17.6,0,0,222.881,30
17.6,1,-12,210.881,30
17.6,2,12,210.881,30
17.6,3,-24,198.881,30
17.6,4,24,198.881,30
17.6,5,-36,186.881,30
17.6,6,36,186.881,30
17.6,7,-48,174.881,30
17.6,8,48,174.881,30
17.6,9,-60,162.881,30
17.6,10,60,162.881,30
17.6,11,-72,150.881,30
17.6,12,72,150.881,30
17.6,13,-84,138.881,30
17.6,14,84,138.881,30
17.8,0,0,225.476,30
17.8,1,-12,213.476,30
17.8,2,12,213.476,30
17.8,3,-24,201.476,30
17.8,4,24,201.476,30
17.8,5,-36,189.476,30
17.8,6,36,189.476,30
17.8,7,-48,177.476,30
17.8,8,48,177.476,30
17.8,9,-60,165.476,30
17.8,10,60,165.476,30
17.8,11,-72,153.476,30
17.8,12,72,153.476,30
17.8,13,-84,141.476,30
17.8,14,84,141.476,30
18,0,0,228.071,30
18,1,-12,216.071,30
18,2,12,216.071,30
18,3,-24,204.071,30
18,4,24,204.071,30
18,5,-36,192.071,30
18,6,36,192.071,30
18,7,-48,180.071,30
18,8,48,180.071,30
18,9,-60,168.071,30
18,10,60,168.071,30
18,11,-72,156.071,30
18,12,72,156.071,30
18,13,-84,144.071,30
18,14,84,144.071,30
18.2,0,0,230.526,30
18.2,1,-12,218.526,30
18.2,2,12,218.526,30
18.2,3,-24,206.526,30
18.2,4,24,206.526,30
18.2,5,-36,194.526,30
18.2,6,36,194.526,30
18.2,7,-48,182.526,30
18.2,8,48,182.526,30
18.2,9,-60,170.526,30
18.2,10,60,170.526,30
18.2,11,-72,158.526,30
18.2,12,72,158.526,30
18.2,13,-84,146.526,30
18.2,14,84,146.526,30
18.4,0,0,232.981,30
18.4,1,-12,220.981,30
18.4,2,12,220.981,30
18.4,3,-24,208.981,30
18.4,4,24,208.981,30
18.4,5,-36,196.981,30
18.4,6,36,196.981,30
18.4,7,-48,184.981,30
18.4,8,48,184.981,30
18.4,9,-60,172.981,30
18.4,10,60,172.981,30
18.4,11,-72,160.981,30
18.4,12,72,160.981,30
18.4,13,-84,148.981,30
18.4,14,84,148.981,30
18.6,0,0,235.359,30
18.6,1,-12,223.359,30
18.6,2,12,223.359,30
18.6,3,-24,211.359,30
18.6,4,24,211.359,30
18.6,5,-36,199.359,30
18.6,6,36,199.359,30
18.6,7,-48,187.359,30
18.6,8,48,187.359,30
18.6,9,-60,175.359,30
18.6,10,60,175.359,30
18.6,11,-72,163.359,30
18.6,12,72,163.359,30
18.6,13,-84,151.359,30
18.6,14,84,151.359,30
18.8,0,0,237.662,30
18.8,1,-12,225.662,30
18.8,2,12,225.662,30
18.8,3,-24,213.662,30
18.8,4,24,213.662,30
18.8,5,-36,201.662,30
18.8,6,36,201.662,30
18.8,7,-48,189.662,30
18.8,8,48,189.662,30
18.8,9,-60,177.662,30
18.8,10,60,177.662,30
18.8,11,-72,165.662,30
18.8,12,72,165.662,30
18.8,13,-84,153.662,30
18.8,14,84,153.662,30
19,0,0,239.964,30
19,1,-12,227.964,30
19,2,12,227.964,30
19,3,-24,215.964,30
19,4,24,215.964,30
19,5,-36,203.964,30
19,6,36,203.964,30
19,7,-48,191.964,30
19,8,48,191.964,30
19,9,-60,179.964,30
19,10,60,179.964,30
19,11,-72,167.964,30
19,12,72,167.964,30
19,13,-84,155.964,30
19,14,84,155.964,30
19.2,0,0,242.156,30
19.2,1,-12,230.156,30
19.2,2,12,230.156,30
19.2,3,-24,218.156,30
19.2,4,24,218.156,30
19.2,5,-36,206.156,30
19.2,6,36,206.156,30
19.2,7,-48,194.156,30
19.2,8,48,194.156,30
19.2,9,-60,182.156,30
19.2,10,60,182.156,30
19.2,11,-72,170.156,30
19.2,12,72,170.156,30
19.2,13,-84,158.156,30
19.2,14,84,158.156,30
19.4,0,0,244.349,30
19.4,1,-12,232.349,30
19.4,2,12,232.349,30
19.4,3,-24,220.349,30
19.4,4,24,220.349,30
19.4,5,-36,208.349,30
19.4,6,36,208.349,30
19.4,7,-48,196.349,30
19.4,8,48,196.349,30
19.4,9,-60,184.349,30
19.4,10,60,184.349,30
19.4,11,-72,172.349,30
19.4,12,72,172.349,30
19.4,13,-84,160.349,30
19.4,14,84,160.349,30
19.6,0,0,246.526,30
19.6,1,-12,234.526,30
19.6,2,12,234.526,30
19.6,3,-24,222.526,30
19.6,4,24,222.526,30
19.6,5,-36,210.526,30
19.6,6,36,210.526,30
19.6,7,-48,198.526,30
19.6,8,48,198.526,30
19.6,9,-60,186.526,30
19.6,10,60,186.526,30
19.6,11,-72,174.526,30
19.6,12,72,174.526,30
19.6,13,-84,162.526,30
19.6,14,84,162.526,30
19.8,0,0,248.688,30
19.8,1,-12,236.688,30
19.8,2,12,236.688,30
19.8,3,-24,224.688,30
19.8,4,24,224.688,30
19.8,5,-36,212.688,30
19.8,6,36,212.688,30
19.8,7,-48,200.688,30
19.8,8,48,200.688,30
19.8,9,-60,188.688,30
19.8,10,60,188.688,30
19.8,11,-72,176.688,30
19.8,12,72,176.688,30
19.8,13,-84,164.688,30
19.8,14,84,164.688,30
20,0,0,250.85,30
20,1,-12,238.85,30
20,2,12,238.85,30
20,3,-24,226.85,30
20,4,24,226.85,30
20,5,-36,214.85,30
20,6,36,214.85,30
20,7,-48,202.85,30
20,8,48,202.85,30
20,9,-60,190.85,30
20,10,60,190.85,30
20,11,-72,178.85,30
20,12,72,178.85,30
20,13,-84,166.85,30
20,14,84,166.85,30
20.2,0,0,253.068,30
20.2,1,-12,241.068,30
20.2,2,12,241.068,30
20.2,3,-24,229.068,30
20.2,4,24,229.068,30
20.2,5,-36,217.068,30
20.2,6,36,217.068,30
20.2,7,-48,205.068,30
20.2,8,48,205.068,30
20.2,9,-60,193.068,30
20.2,10,60,193.068,30
20.2,11,-72,181.068,30
20.2,12,72,181.068,30
20.2,13,-84,169.068,30
20.2,14,84,169.068,30
20.4,0,0,255.285,30
20.4,1,-12,243.285,30
20.4,2,12,243.285,30
20.4,3,-24,231.285,30
20.4,4,24,231.285,30
20.4,5,-36,219.285,30
20.4,6,36,219.285,30
20.4,7,-48,207.285,30
20.4,8,48,207.285,30
20.4,9,-60,195.285,30
20.4,10,60,195.285,30
20.4,11,-72,183.285,30
20.4,12,72,183.285,30
20.4,13,-84,171.285,30
20.4,14,84,171.285,30
20.6,0,0,257.562,30
20.6,1,-12,245.562,30
20.6,2,12,245.562,30
20.6,3,-24,233.562,30
20.6,4,24,233.562,30
20.6,5,-36,221.562,30
20.6,6,36,221.562,30
20.6,7,-48,209.562,30
20.6,8,48,209.562,30
20.6,9,-60,197.562,30
20.6,10,60,197.562,30
20.6,11,-72,185.562,30
20.6,12,72,185.562,30
20.6,13,-84,173.562,30
20.6,14,84,173.562,30
20.8,0,0,259.897,30
20.8,1,-12,247.897,30
20.8,2,12,247.897,30
20.8,3,-24,235.897,30
20.8,4,24,235.897,30
20.8,5,-36,223.897,30
20.8,6,36,223.897,30
20.8,7,-48,211.897,30
20.8,8,48,211.897,30
20.8,9,-60,199.897,30
20.8,10,60,199.897,30
20.8,11,-72,187.897,30
20.8,12,72,187.897,30
20.8,13,-84,175.897,30
20.8,14,84,175.897,30
21,0,0,262.233,30
21,1,-12,250.233,30
21,2,12,250.233,30
21,3,-24,238.233,30
21,4,24,238.233,30
21,5,-36,226.233,30
21,6,36,226.233,30
21,7,-48,214.233,30
21,8,48,214.233,30
21,9,-60,202.233,30
21,10,60,202.233,30
21,11,-72,190.233,30
21,12,72,190.233,30
21,13,-84,178.233,30
21,14,84,178.233,30
21.2,0,0,264.703,30
21.2,1,-12,252.703,30
21.2,2,12,252.703,30
21.2,3,-24,240.703,30
21.2,4,24,240.703,30
21.2,5,-36,228.703,30
21.2,6,36,228.703,30
21.2,7,-48,216.703,30
21.2,8,48,216.703,30
21.2,9,-60,204.703,30
21.2,10,60,204.703,30
21.2,11,-72,192.703,30
21.2,12,72,192.703,30
21.2,13,-84,180.703,30
21.2,14,84,180.703,30
21.4,0,0,267.174,30
21.4,1,-12,255.174,30
21.4,2,12,255.174,30
21.4,3,-24,243.174,30
21.4,4,24,243.174,30
21.4,5,-36,231.174,30
21.4,6,36,231.174,30
21.4,7,-48,219.174,30
21.4,8,48,219.174,30
21.4,9,-60,207.174,30
21.4,10,60,207.174,30
21.4,11,-72,195.174,30
21.4,12,72,195.174,30
21.4,13,-84,183.174,30
21.4,14,84,183.174,30
21.6,0,0,269.696,30
21.6,1,-12,257.696,30
21.6,2,12,257.696,30
21.6,3,-24,245.696,30
21.6,4,24,245.696,30
21.6,5,-36,233.696,30
21.6,6,36,233.696,30
21.6,7,-48,221.696,30
21.6,8,48,221.696,30
21.6,9,-60,209.696,30
21.6,10,60,209.696,30
21.6,11,-72,197.696,30
21.6,12,72,197.696,30
21.6,13,-84,185.696,30
21.6,14,84,185.696,30
21.8,0,0,272.27,30
21.8,1,-12,260.27,30
21.8,2,12,260.27,30
21.8,3,-24,248.27,30
21.8,4,24,248.27,30
21.8,5,-36,236.27,30
21.8,6,36,236.27,30
21.8,7,-48,224.27,30
21.8,8,48,224.27,30
21.8,9,-60,212.27,30
21.8,10,60,212.27,30
21.8,11,-72,200.27,30
21.8,12,72,200.27,30
21.8,13,-84,188.27,30
21.8,14,84,188.27,30
22,0,0,274.844,30
22,1,-12,262.844,30
22,2,12,262.844,30
22,3,-24,250.844,30
22,4,24,250.844,30
22,5,-36,238.844,30
22,6,36,238.844,30
22,7,-48,226.844,30
22,8,48,226.844,30
22,9,-60,214.844,30
22,10,60,214.844,30
22,11,-72,202.844,30
22,12,72,202.844,30
22,13,-84,190.844,30
22,14,84,190.844,30
22.2,0,0,277.454,30
22.2,1,-12,265.454,30
22.2,2,12,265.454,30
22.2,3,-24,253.454,30
22.2,4,24,253.454,30
22.2,5,-36,241.454,30
22.2,6,36,241.454,30
22.2,7,-48,229.454,30
22.2,8,48,229.454,30
22.2,9,-60,217.454,30
22.2,10,60,217.454,30
22.2,11,-72,205.454,30
22.2,12,72,205.454,30
22.2,13,-84,193.454,30
22.2,14,84,193.454,30
22.4,0,0,280.063,30
22.4,1,-12,268.063,30
22.4,2,12,268.063,30
22.4,3,-24,256.063,30
22.4,4,24,256.063,30
22.4,5,-36,244.063,30
22.4,6,36,244.063,30
22.4,7,-48,232.063,30
22.4,8,48,232.063,30
22.4,9,-60,220.063,30
22.4,10,60,220.063,30
22.4,11,-72,208.063,30
22.4,12,72,208.063,30
22.4,13,-84,196.063,30
22.4,14,84,196.063,30
22.6,0,0,282.653,30
22.6,1,-12,270.653,30
22.6,2,12,270.653,30
22.6,3,-24,258.653,30
22.6,4,24,258.653,30
22.6,5,-36,246.653,30
22.6,6,36,246.653,30
22.6,7,-48,234.653,30
22.6,8,48,234.653,30
22.6,9,-60,222.653,30
22.6,10,60,222.653,30
22.6,11,-72,210.653,30
22.6,12,72,210.653,30
22.6,13,-84,198.653,30
22.6,14,84,198.653,30
22.8,0,0,285.222,30
22.8,1,-12,273.222,30
22.8,2,12,273.222,30
22.8,3,-24,261.222,30
22.8,4,24,261.222,30
22.8,5,-36,249.222,30
22.8,6,36,249.222,30
22.8,7,-48,237.222,30
22.8,8,48,237.222,30
22.8,9,-60,225.222,30
22.8,10,60,225.222,30
22.8,11,-72,213.222,30
22.8,12,72,213.222,30
22.8,13,-84,201.222,30
22.8,14,84,201.222,30
23,0,0,287.792,30
23,1,-12,275.792,30
23,2,12,275.792,30
23,3,-24,263.792,30
23,4,24,263.792,30
23,5,-36,251.792,30
23,6,36,251.792,30
23,7,-48,239.792,30
23,8,48,239.792,30
23,9,-60,227.792,30
23,10,60,227.792,30
23,11,-72,215.792,30
23,12,72,215.792,30
23,13,-84,203.792,30
23,14,84,203.792,30
23.2,0,0,290.262,30
23.2,1,-12,278.262,30
23.2,2,12,278.262,30
23.2,3,-24,266.262,30
23.2,4,24,266.262,30
23.2,5,-36,254.262,30
23.2,6,36,254.262,30
23.2,7,-48,242.262,30
23.2,8,48,242.262,30
23.2,9,-60,230.262,30
23.2,10,60,230.262,30
23.2,11,-72,218.262,30
23.2,12,72,218.262,30
23.2,13,-84,206.262,30
23.2,14,84,206.262,30
23.4,0,0,292.733,30
23.4,1,-12,280.733,30
23.4,2,12,280.733,30
23.4,3,-24,268.733,30
23.4,4,24,268.733,30
23.4,5,-36,256.733,30
23.4,6,36,256.733,30
23.4,7,-48,244.733,30
23.4,8,48,244.733,30
23.4,9,-60,232.733,30
23.4,10,60,232.733,30
23.4,11,-72,220.733,30
23.4,12,72,220.733,30
23.4,13,-84,208.733,30
23.4,14,84,208.733,30
23.6,0,0,295.144,30
23.6,1,-12,283.144,30
23.6,2,12,283.144,30
23.6,3,-24,271.144,30
23.6,4,24,271.144,30
23.6,5,-36,259.144,30
23.6,6,36,259.144,30
23.6,7,-48,247.144,30
23.6,8,48,247.144,30
23.6,9,-60,235.144,30
23.6,10,60,235.144,30
23.6,11,-72,223.144,30
23.6,12,72,223.144,30
23.6,13,-84,211.144,30
23.6,14,84,211.144,30
23.8,0,0,297.495,30
23.8,1,-12,285.495,30
23.8,2,12,285.495,30
23.8,3,-24,273.495,30
23.8,4,24,273.495,30
23.8,5,-36,261.495,30
23.8,6,36,261.495,30
23.8,7,-48,249.495,30
23.8,8,48,249.495,30
23.8,9,-60,237.495,30
23.8,10,60,237.495,30
23.8,11,-72,225.495,30
23.8,12,72,225.495,30
23.8,13,-84,213.495,30
23.8,14,84,213.495,30
24,0,0,299.847,30
24,1,-12,287.847,30
24,2,12,287.847,30
24,3,-24,275.847,30
24,4,24,275.847,30
24,5,-36,263.847,30
24,6,36,263.847,30
24,7,-48,251.847,30
24,8,48,251.847,30
24,9,-60,239.847,30
24,10,60,239.847,30
24,11,-72,227.847,30
24,12,72,227.847,30
24,13,-84,215.847,30
24,14,84,215.847,30
24.2,0,0,302.103,30
24.2,1,-12,290.103,30
24.2,2,12,290.103,30
24.2,3,-24,278.103,30
24.2,4,24,278.103,30
24.2,5,-36,266.103,30
24.2,6,36,266.103,30
24.2,7,-48,254.103,30
24.2,8,48,254.103,30
24.2,9,-60,242.103,30
24.2,10,60,242.103,30
24.2,11,-72,230.103,30
24.2,12,72,230.103,30
24.2,13,-84,218.103,30
24.2,14,84,218.103,30
24.4,0,0,304.359,30
24.4,1,-12,292.359,30
24.4,2,12,292.359,30
24.4,3,-24,280.359,30
24.4,4,24,280.359,30
24.4,5,-36,268.359,30
24.4,6,36,268.359,30
24.4,7,-48,256.359,30
24.4,8,48,256.359,30
24.4,9,-60,244.359,30
24.4,10,60,244.359,30
24.4,11,-72,232.359,30
24.4,12,72,232.359,30
24.4,13,-84,220.359,30
24.4,14,84,220.359,30
24.6,0,0,306.595,30
24.6,1,-12,294.595,30
24.6,2,12,294.595,30
24.6,3,-24,282.595,30
24.6,4,24,282.595,30
24.6,5,-36,270.595,30
24.6,6,36,270.595,30
24.6,7,-48,258.595,30
24.6,8,48,258.595,30
24.6,9,-60,246.595,30
24.6,10,60,246.595,30
24.6,11,-72,234.595,30
24.6,12,72,234.595,30
24.6,13,-84,222.595,30
24.6,14,84,222.595,30
24.8,0,0,308.811,30
24.8,1,-12,296.811,30
24.8,2,12,296.811,30
24.8,3,-24,284.811,30
24.8,4,24,284.811,30
24.8,5,-36,272.811,30
24.8,6,36,272.811,30
24.8,7,-48,260.811,30
24.8,8,48,260.811,30
24.8,9,-60,248.811,30
24.8,10,60,248.811,30
24.8,11,-72,236.811,30
24.8,12,72,236.811,30
24.8,13,-84,224.811,30
24.8,14,84,224.811,30
25,0,0,311.027,30
25,1,-12,299.027,30
25,2,12,299.027,30
25,3,-24,287.027,30
25,4,24,287.027,30
25,5,-36,275.027,30
25,6,36,275.027,30
25,7,-48,263.027,30
25,8,48,263.027,30
25,9,-60,251.027,30
25,10,60,251.027,30
25,11,-72,239.027,30
25,12,72,239.027,30
25,13,-84,227.027,30
25,14,84,227.027,30
25.2,0,0,313.271,30
25.2,1,-12,301.271,30
25.2,2,12,301.271,30
25.2,3,-24,289.271,30
25.2,4,24,289.271,30
25.2,5,-36,277.271,30
25.2,6,36,277.271,30
25.2,7,-48,265.271,30
25.2,8,48,265.271,30
25.2,9,-60,253.271,30
25.2,10,60,253.271,30
25.2,11,-72,241.271,30
25.2,12,72,241.271,30
25.2,13,-84,229.271,30
25.2,14,84,229.271,30
25.4,0,0,315.515,30
25.4,1,-12,303.515,30
25.4,2,12,303.515,30
25.4,3,-24,291.515,30
25.4,4,24,291.515,30
25.4,5,-36,279.515,30
25.4,6,36,279.515,30
25.4,7,-48,267.515,30
25.4,8,48,267.515,30
25.4,9,-60,255.515,30
25.4,10,60,255.515,30
25.4,11,-72,243.515,30
25.4,12,72,243.515,30
25.4,13,-84,231.515,30
25.4,14,84,231.515,30
25.6,0,0,317.8,30
25.6,1,-12,305.8,30
25.6,2,12,305.8,30
25.6,3,-24,293.8,30
25.6,4,24,293.8,30
25.6,5,-36,281.8,30
25.6,6,36,281.8,30
25.6,7,-48,269.8,30
25.6,8,48,269.8,30
25.6,9,-60,257.8,30
25.6,10,60,257.8,30
25.6,11,-72,245.8,30
25.6,12,72,245.8,30
25.6,13,-84,233.8,30
25.6,14,84,233.8,30
25.8,0,0,320.126,30
25.8,1,-12,308.126,30
25.8,2,12,308.126,30
25.8,3,-24,296.126,30
25.8,4,24,296.126,30
25.8,5,-36,284.126,30
25.8,6,36,284.126,30
25.8,7,-48,272.126,30
25.8,8,48,272.126,30
25.8,9,-60,260.126,30
25.8,10,60,260.126,30
25.8,11,-72,248.126,30
25.8,12,72,248.126,30
25.8,13,-84,236.126,30
25.8,14,84,236.126,30
26,0,0,322.452,30
26,1,-12,310.452,30
26,2,12,310.452,30
26,3,-24,298.452,30
26,4,24,298.452,30
26,5,-36,286.452,30
26,6,36,286.452,30
26,7,-48,274.452,30
26,8,48,274.452,30
26,9,-60,262.452,30
26,10,60,262.452,30
26,11,-72,250.452,30
26,12,72,250.452,30
26,13,-84,238.452,30
26,14,84,238.452,30
26.2,0,0,324.882,30
26.2,1,-12,312.882,30
26.2,2,12,312.882,30
26.2,3,-24,300.882,30
26.2,4,24,300.882,30
26.2,5,-36,288.882,30
26.2,6,36,288.882,30
26.2,7,-48,276.882,30
26.2,8,48,276.882,30
26.2,9,-60,264.882,30
26.2,10,60,264.882,30
26.2,11,-72,252.882,30
26.2,12,72,252.882,30
26.2,13,-84,240.882,30
26.2,14,84,240.882,30
26.4,0,0,327.313,30
26.4,1,-12,315.313,30
26.4,2,12,315.313,30
26.4,3,-24,303.313,30
26.4,4,24,303.313,30
26.4,5,-36,291.313,30
26.4,6,36,291.313,30
26.4,7,-48,279.313,30
26.4,8,48,279.313,30
26.4,9,-60,267.313,30
26.4,10,60,267.313,30
26.4,11,-72,255.313,30
26.4,12,72,255.313,30
26.4,13,-84,243.313,30
26.4,14,84,243.313,30
26.6,0,0,329.787,30
26.6,1,-12,317.787,30
26.6,2,12,317.787,30
26.6,3,-24,305.787,30
26.6,4,24,305.787,30
26.6,5,-36,293.787,30
26.6,6,36,293.787,30
26.6,7,-48,281.787,30
26.6,8,48,281.787,30
26.6,9,-60,269.787,30
26.6,10,60,269.787,30
26.6,11,-72,257.787,30
26.6,12,72,257.787,30
26.6,13,-84,245.787,30
26.6,14,84,245.787,30
26.8,0,0,332.306,30
26.8,1,-12,320.306,30
26.8,2,12,320.306,30
26.8,3,-24,308.306,30
26.8,4,24,308.306,30
26.8,5,-36,296.306,30
26.8,6,36,296.306,30
26.8,7,-48,284.306,30
26.8,8,48,284.306,30
26.8,9,-60,272.306,30
26.8,10,60,272.306,30
26.8,11,-72,260.306,30
26.8,12,72,260.306,30
26.8,13,-84,248.306,30
26.8,14,84,248.306,30
27,0,0,334.824,30
27,1,-12,322.824,30
27,2,12,322.824,30
27,3,-24,310.824,30
27,4,24,310.824,30
27,5,-36,298.824,30
27,6,36,298.824,30
27,7,-48,286.824,30
27,8,48,286.824,30
27,9,-60,274.824,30
27,10,60,274.824,30
27,11,-72,262.824,30
27,12,72,262.824,30
27,13,-84,250.824,30
27,14,84,250.824,30
27.2,0,0,337.384,30
27.2,1,-12,325.384,30
27.2,2,12,325.384,30
27.2,3,-24,313.384,30
27.2,4,24,313.384,30
27.2,5,-36,301.384,30
27.2,6,36,301.384,30
27.2,7,-48,289.384,30
27.2,8,48,289.384,30
27.2,9,-60,277.384,30
27.2,10,60,277.384,30
27.2,11,-72,265.384,30
27.2,12,72,265.384,30
27.2,13,-84,253.384,30
27.2,14,84,253.384,30
27.4,0,0,339.945,30
27.4,1,-12,327.945,30
27.4,2,12,327.945,30
27.4,3,-24,315.945,30
27.4,4,24,315.945,30
27.4,5,-36,303.945,30
27.4,6,36,303.945,30
27.4,7,-48,291.945,30
27.4,8,48,291.945,30
27.4,9,-60,279.945,30
27.4,10,60,279.945,30
27.4,11,-72,267.945,30
27.4,12,72,267.945,30
27.4,13,-84,255.945,30
27.4,14,84,255.945,30
27.6,0,0,342.496,30
27.6,1,-12,330.496,30
27.6,2,12,330.496,30
27.6,3,-24,318.496,30
27.6,4,24,318.496,30
27.6,5,-36,306.496,30
27.6,6,36,306.496,30
27.6,7,-48,294.496,30
27.6,8,48,294.496,30
27.6,9,-60,282.496,30
27.6,10,60,282.496,30
27.6,11,-72,270.496,30
27.6,12,72,270.496,30
27.6,13,-84,258.496,30
27.6,14,84,258.496,30
27.8,0,0,345.039,30
27.8,1,-12,333.039,30
27.8,2,12,333.039,30
27.8,3,-24,321.039,30
27.8,4,24,321.039,30
27.8,5,-36,309.039,30
27.8,6,36,309.039,30
27.8,7,-48,297.039,30
27.8,8,48,297.039,30
27.8,9,-60,285.039,30
27.8,10,60,285.039,30
27.8,11,-72,273.039,30
27.8,12,72,273.039,30
27.8,13,-84,261.039,30
27.8,14,84,261.039,30
28,0,0,347.581,30
28,1,-12,335.581,30
28,2,12,335.581,30
28,3,-24,323.581,30
28,4,24,323.581,30
28,5,-36,311.581,30
28,6,36,311.581,30
28,7,-48,299.581,30
28,8,48,299.581,30
28,9,-60,287.581,30
28,10,60,287.581,30
28,11,-72,275.581,30
28,12,72,275.581,30
28,13,-84,263.581,30
28,14,84,263.581,30
28.2,0,0,350.056,30
28.2,1,-12,338.056,30
28.2,2,12,338.056,30
28.2,3,-24,326.056,30
28.2,4,24,326.056,30
28.2,5,-36,314.056,30
28.2,6,36,314.056,30
28.2,7,-48,302.056,30
28.2,8,48,302.056,30
28.2,9,-60,290.056,30
28.2,10,60,290.056,30
28.2,11,-72,278.056,30
28.2,12,72,278.056,30
28.2,13,-84,266.056,30
28.2,14,84,264.857,30
28.4,0,0,352.531,30
28.4,1,-12,340.531,30
28.4,2,12,340.531,30
28.4,3,-24,328.531,30
28.4,4,24,328.531,30
28.4,5,-36,316.531,30
28.4,6,36,316.531,30
28.4,7,-48,304.531,30
28.4,8,48,304.531,30
28.4,9,-60,292.531,30
28.4,10,60,292.531,30
28.4,11,-72,280.531,30
28.4,12,72,280.531,30
28.4,13,-84,268.531,30
28.4,14,84,266.132,30
28.6,0,0,354.961,30
28.6,1,-12,342.961,30
28.6,2,12,342.961,30
28.6,3,-24,330.961,30
28.6,4,24,330.961,30
28.6,5,-36,318.961,30
28.6,6,36,318.961,30
28.6,7,-48,306.961,30
28.6,8,48,306.961,30
28.6,9,-60,294.961,30
28.6,10,60,294.961,30
28.6,11,-72,282.961,30
28.6,12,72,282.961,30
28.6,13,-84,270.961,30
28.6,14,83.4376,267.469,30
28.8,0,0,357.346,30
28.8,1,-12,345.346,30
28.8,2,12,345.346,30
28.8,3,-24,333.346,30
28.8,4,24,333.346,30
28.8,5,-36,321.346,30
28.8,6,36,321.346,30
28.8,7,-48,309.346,30
28.8,8,48,309.346,30
28.8,9,-60,297.346,30
28.8,10,60,297.346,30
28.8,11,-72,285.346,30
28.8,12,72,285.346,30
28.8,13,-84,273.346,30
28.8,14,82.3128,268.867,30
29,0,0,359.73,30
29,1,-12,347.73,30
29,2,12,347.73,30
29,3,-24,335.73,30
29,4,24,335.73,30
29,5,-36,323.73,30
29,6,36,323.73,30
29,7,-48,311.73,30
29,8,48,311.73,30
29,9,-60,299.73,30
29,10,60,299.73,30
29,11,-72,287.73,30
29,12,72,287.73,30
29,13,-84,275.73,30
29,14,81.188,270.265,30
29.2,0,0,362.034,30
29.2,1,-12,350.034,30
29.2,2,12,350.034,30
29.2,3,-24,338.034,30
29.2,4,24,338.034,30
29.2,5,-36,326.034,30
29.2,6,36,326.034,30
29.2,7,-48,314.034,30
29.2,8,48,314.034,30
29.2,9,-60,302.034,30
29.2,10,60,302.034,30
29.2,11,-72,290.034,30
29.2,12,72,290.034,30
29.2,13,-84,278.034,30
29.2,14,78.9848,271.703,30
29.4,0,0,364.337,30
29.4,1,-12,352.337,30
29.4,2,12,352.337,30
29.4,3,-24,340.337,30
29.4,4,24,340.337,30
29.4,5,-36,328.337,30
29.4,6,36,328.337,30
29.4,7,-48,316.337,30
29.4,8,48,316.337,30
29.4,9,-60,304.337,30
29.4,10,60,304.337,30
29.4,11,-72,292.337,30
29.4,12,72,292.337,30
29.4,13,-84,280.337,30
29.4,14,76.7816,273.14,30
29.6,0,0,366.62,30
29.6,1,-12,354.62,30
29.6,2,12,354.62,30
29.6,3,-24,342.62,30
29.6,4,24,342.62,30
29.6,5,-36,330.62,30
29.6,6,36,330.62,30
29.6,7,-48,318.62,30
29.6,8,48,318.62,30
29.6,9,-60,306.62,30
29.6,10,60,306.62,30
29.6,11,-72,294.62,30
29.6,12,72,294.62,30
29.6,13,-84,282.62,30
29.6,14,75.041,274.941,30
29.8,0,0,368.881,30
29.8,1,-12,356.881,30
29.8,2,12,356.881,30
29.8,3,-24,344.881,30
29.8,4,24,344.881,30
29.8,5,-36,332.881,30
29.8,6,36,332.881,30
29.8,7,-48,320.881,30
29.8,8,48,320.881,30
29.8,9,-60,308.881,30
29.8,10,60,308.881,30
29.8,11,-72,296.881,30
29.8,12,72,296.881,30
29.8,13,-84,284.881,30
29.8,14,73.763,277.104,30
30,0,0,371.142,30
30,1,-12,359.142,30
30,2,12,359.142,30
30,3,-24,347.142,30
30,4,24,347.142,30
30,5,-36,335.142,30
30,6,36,335.142,30
30,7,-48,323.142,30
30,8,48,323.142,30
30,9,-60,311.142,30
30,10,60,311.142,30
30,11,-72,299.142,30
30,12,72,299.142,30
30,13,-84,287.142,30
30,14,72.485,279.267,30
30.2,0,0,373.412,30
30.2,1,-12,361.412,30
30.2,2,12,361.412,30
30.2,3,-24,349.412,30
30.2,4,24,349.412,30
30.2,5,-36,337.412,30
30.2,6,36,337.412,30
30.2,7,-48,325.412,30
30.2,8,48,325.412,30
30.2,9,-60,313.412,30
30.2,10,60,313.412,30
30.2,11,-72,301.412,30
30.2,12,72,301.412,30
30.2,13,-84,289.412,30
30.2,14,72.179,282.011,30
30.4,0,0,375.683,30
30.4,1,-12,363.683,30
30.4,2,12,363.683,30
30.4,3,-24,351.683,30
30.4,4,24,351.683,30
30.4,5,-36,339.683,30
30.4,6,36,339.683,30
30.4,7,-48,327.683,30
30.4,8,48,327.683,30
30.4,9,-60,315.683,30
30.4,10,60,315.683,30
30.4,11,-72,303.683,30
30.4,12,72,303.683,30
30.4,13,-84,291.683,30
30.4,14,71.873,284.755,30
30.6,0,0,377.981,30
30.6,1,-12,365.981,30
30.6,2,12,365.981,30
30.6,3,-24,353.981,30
30.6,4,24,353.981,30
30.6,5,-36,341.981,30
30.6,6,36,341.981,30
30.6,7,-48,329.981,30
30.6,8,48,329.981,30
30.6,9,-60,317.981,30
30.6,10,60,317.981,30
30.6,11,-72,305.981,30
30.6,12,72,305.981,30
30.6,13,-84,293.981,30
30.6,14,72.025,287.596,30
30.8,0,0,380.306,30
30.8,1,-12,368.306,30
30.8,2,12,368.306,30
30.8,3,-24,356.306,30
30.8,4,24,356.306,30
30.8,5,-36,344.306,30
30.8,6,36,344.306,30
30.8,7,-48,332.306,30
30.8,8,48,332.306,30
30.8,9,-60,320.306,30
30.8,10,60,320.306,30
30.8,11,-72,308.306,30
30.8,12,72,308.306,30
30.8,13,-84,296.306,30
30.8,14,72.635,290.533,30
31,0,0,382.631,30
31,1,-12,370.631,30
31,2,12,370.631,30
31,3,-24,358.631,30
31,4,24,358.631,30
31,5,-36,346.631,30
31,6,36,346.631,30
31,7,-48,334.631,30
31,8,48,334.631,30
31,9,-60,322.631,30
31,10,60,322.631,30
31,11,-72,310.631,30
31,12,72,310.631,30
31,13,-84,298.631,30
31,14,73.245,293.47,30
31.2,0,0,385.035,30
31.2,1,-12,373.035,30
31.2,2,12,373.035,30
31.2,3,-24,361.035,30
31.2,4,24,361.035,30
31.2,5,-36,349.035,30
31.2,6,36,349.035,30
31.2,7,-48,337.035,30
31.2,8,48,337.035,30
31.2,9,-60,325.035,30
31.2,10,60,325.035,30
31.2,11,-72,313.035,30
31.2,12,72,313.035,30
31.2,13,-84,301.035,30
31.2,14,74.4974,296.196,30
31.4,0,0,387.44,30
31.4,1,-12,375.44,30
31.4,2,12,375.44,30
31.4,3,-24,363.44,30
31.4,4,24,363.44,30
31.4,5,-36,351.44,30
31.4,6,36,351.44,30
31.4,7,-48,339.44,30
31.4,8,48,339.44,30
31.4,9,-60,327.44,30
31.4,10,60,327.44,30
31.4,11,-72,315.44,30
31.4,12,72,315.44,30
31.4,13,-84,303.44,30
31.4,14,75.7498,298.922,30
31.6,0,0,389.881,30
31.6,1,-12,377.881,30
31.6,2,12,377.881,30
31.6,3,-24,365.881,30
31.6,4,24,365.881,30
31.6,5,-36,353.881,30
31.6,6,36,353.881,30
31.6,7,-48,341.881,30
31.6,8,48,341.881,30
31.6,9,-60,329.881,30
31.6,10,60,329.881,30
31.6,11,-72,317.881,30
31.6,12,72,317.881,30
31.6,13,-84,305.881,30
31.6,14,77.1866,301.547,30
31.8,0,0,392.358,30
31.8,1,-12,380.358,30
31.8,2,12,380.358,30
31.8,3,-24,368.358,30
31.8,4,24,368.358,30
31.8,5,-36,356.358,30
31.8,6,36,356.358,30
31.8,7,-48,344.358,30
31.8,8,48,344.358,30
31.8,9,-60,332.358,30
31.8,10,60,332.358,30
31.8,11,-72,320.358,30
31.8,12,72,320.358,30
31.8,13,-84,308.358,30
31.8,14,78.8078,304.072,30
32,0,0,394.835,30
32,1,-12,382.835,30
32,2,12,382.835,30
32,3,-24,370.835,30
32,4,24,370.835,30
32,5,-36,358.835,30
32,6,36,358.835,30
32,7,-48,346.835,30
32,8,48,346.835,30
32,9,-60,334.835,30
32,10,60,334.835,30
32,11,-72,322.835,30
32,12,72,322.835,30
32,13,-84,310.835,30
32,14,80.429,306.596,30
32.2,0,0,397.355,30
32.2,1,-12,385.355,30
32.2,2,12,385.355,30
32.2,3,-24,373.355,30
32.2,4,24,373.355,30
32.2,5,-36,361.355,30
32.2,6,36,361.355,30
32.2,7,-48,349.355,30
32.2,8,48,349.355,30
32.2,9,-60,337.355,30
32.2,10,60,337.355,30
32.2,11,-72,325.355,30
32.2,12,72,325.355,30
32.2,13,-84,313.355,30
32.2,14,80.8294,309.036,30
32.4,0,0,399.874,30
32.4,1,-12,387.874,30
32.4,2,12,387.874,30
32.4,3,-24,375.874,30
32.4,4,24,375.874,30
32.4,5,-36,363.874,30
32.4,6,36,363.874,30
32.4,7,-48,351.874,30
32.4,8,48,351.874,30
32.4,9,-60,339.874,30
32.4,10,60,339.874,30
32.4,11,-72,327.874,30
32.4,12,72,327.874,30
32.4,13,-84,315.874,30
32.4,14,81.2298,311.476,30
32.6,0,0,402.393,30
32.6,1,-12,390.393,30
32.6,2,12,390.393,30
32.6,3,-24,378.393,30
32.6,4,24,378.393,30
32.6,5,-36,366.393,30
32.6,6,36,366.393,30
32.6,7,-48,354.393,30
32.6,8,48,354.393,30
32.6,9,-60,342.393,30
32.6,10,60,342.393,30
32.6,11,-72,330.393,30
32.6,12,72,330.393,30
32.6,13,-84,318.393,30
32.6,14,81.0536,313.915,30
32.8,0,0,404.91,30
32.8,1,-12,392.91,30
32.8,2,12,392.91,30
32.8,3,-24,380.91,30
32.8,4,24,380.91,30
32.8,5,-36,368.91,30
32.8,6,36,368.91,30
32.8,7,-48,356.91,30
32.8,8,48,356.91,30
32.8,9,-60,344.91,30
32.8,10,60,344.91,30
32.8,11,-72,332.91,30
32.8,12,72,332.91,30
32.8,13,-84,320.91,30
32.8,14,80.3008,316.354,30
33,0,0,407.427,30
33,1,-12,395.427,30
33,2,12,395.427,30
33,3,-24,383.427,30
33,4,24,383.427,30
33,5,-36,371.427,30
33,6,36,371.427,30
33,7,-48,359.427,30
33,8,48,359.427,30
33,9,-60,347.427,30
33,10,60,347.427,30
33,11,-72,335.427,30
33,12,72,335.427,30
33,13,-84,323.427,30
33,14,79.548,318.793,30
33.2,0,0,409.9,30
33.2,1,-12,397.9,30
33.2,2,12,397.9,30
33.2,3,-24,385.9,30
33.2,4,24,385.9,30
33.2,5,-36,373.9,30
33.2,6,36,373.9,30
33.2,7,-48,361.9,30
33.2,8,48,361.9,30
33.2,9,-60,349.9,30
33.2,10,60,349.9,30
33.2,11,-72,337.9,30
33.2,12,72,337.9,30
33.2,13,-84,325.9,30
33.2,14,79.4688,321.792,30
33.4,0,0,412.373,30
33.4,1,-12,400.373,30
33.4,2,12,400.373,30
33.4,3,-24,388.373,30
33.4,4,24,388.373,30
33.4,5,-36,376.373,30
33.4,6,36,376.373,30
33.4,7,-48,364.373,30
33.4,8,48,364.373,30
33.4,9,-60,352.373,30
33.4,10,60,352.373,30
33.4,11,-72,340.373,30
33.4,12,72,340.373,30
33.4,13,-84,328.373,30
33.4,14,79.3896,324.791,30
33.6,0,0,414.811,30
33.6,1,-12,402.811,30
33.6,2,12,402.811,30
33.6,3,-24,390.811,30
33.6,4,24,390.811,30
33.6,5,-36,378.811,30
33.6,6,36,378.811,30
33.6,7,-48,366.811,30
33.6,8,48,366.811,30
33.6,9,-60,354.811,30
33.6,10,60,354.811,30
33.6,11,-72,342.811,30
33.6,12,72,342.811,30
33.6,13,-84,330.811,30
33.6,14,79.607,327.768,30
33.8,0,0,417.216,30
33.8,1,-12,405.216,30
33.8,2,12,405.216,30
33.8,3,-24,393.216,30
33.8,4,24,393.216,30
33.8,5,-36,381.216,30
33.8,6,36,381.216,30
33.8,7,-48,369.216,30
33.8,8,48,369.216,30
33.8,9,-60,357.216,30
33.8,10,60,357.216,30
33.8,11,-72,345.216,30
33.8,12,72,345.216,30
33.8,13,-84,333.216,30
33.8,14,80.121,330.723,30
34,0,0,419.621,30
34,1,-12,407.621,30
34,2,12,407.621,30
34,3,-24,395.621,30
34,4,24,395.621,30
34,5,-36,383.621,30
34,6,36,383.621,30
34,7,-48,371.621,30
34,8,48,371.621,30
34,9,-60,359.621,30
34,10,60,359.621,30
34,11,-72,347.621,30
34,12,72,347.621,30
34,13,-84,335.621,30
34,14,80.635,333.679,30
34.2,0,0,421.96,30
34.2,1,-12,409.96,30
34.2,2,12,409.96,30
34.2,3,-24,397.96,30
34.2,4,24,397.96,30
34.2,5,-36,385.96,30
34.2,6,36,385.96,30
34.2,7,-48,373.96,30
34.2,8,48,373.96,30
34.2,9,-60,361.96,30
34.2,10,60,361.96,30
34.2,11,-72,349.96,30
34.2,12,72,349.96,30
34.2,13,-84,337.96,30
34.2,14,79.9834,336.512,30
34.4,0,0,424.299,30
34.4,1,-12,412.299,30
34.4,2,12,412.299,30
34.4,3,-24,400.299,30
34.4,4,24,400.299,30
34.4,5,-36,388.299,30
34.4,6,36,388.299,30
34.4,7,-48,376.299,30
34.4,8,48,376.299,30
34.4,9,-60,364.299,30
34.4,10,60,364.299,30
34.4,11,-72,352.299,30
34.4,12,72,352.299,30
34.4,13,-84,340.299,30
34.4,14,79.3318,339.345,30
34.6,0,0,426.617,30
34.6,1,-12,414.617,30
34.6,2,12,414.617,30
34.6,3,-24,402.617,30
34.6,4,24,402.617,30
34.6,5,-36,390.617,30
34.6,6,36,390.617,30
34.6,7,-48,378.617,30
34.6,8,48,378.617,30
34.6,9,-60,366.617,30
34.6,10,60,366.617,30
34.6,11,-72,354.617,30
34.6,12,72,354.617,30
34.6,13,-84,342.617,30
34.6,14,79.0524,342.195,30
34.8,0,0,428.914,30
34.8,1,-12,416.914,30
34.8,2,12,416.914,30
34.8,3,-24,404.914,30
34.8,4,24,404.914,30
34.8,5,-36,392.914,30
34.8,6,36,392.914,30
34.8,7,-48,380.914,30
34.8,8,48,380.914,30
34.8,9,-60,368.914,30
34.8,10,60,368.914,30
34.8,11,-72,356.914,30
34.8,12,72,356.914,30
34.8,13,-84,344.914,30
34.8,14,79.1452,345.063,30
35,0,0,431.212,30
35,1,-12,419.212,30
35,2,12,419.212,30
35,3,-24,407.212,30
35,4,24,407.212,30
35,5,-36,395.212,30
35,6,36,395.212,30
35,7,-48,383.212,30
35,8,48,383.212,30
35,9,-60,371.212,30
35,10,60,371.212,30
35,11,-72,359.212,30
35,12,72,359.212,30
35,13,-84,347.212,30
35,14,79.238,347.931,30
35.2,0,0,433.507,30
35.2,1,-12,421.507,30
35.2,2,12,421.507,30
35.2,3,-24,409.507,30
35.2,4,24,409.507,30
35.2,5,-36,397.507,30
35.2,6,36,397.507,30
35.2,7,-48,385.507,30
35.2,8,48,385.507,30
35.2,9,-60,373.507,30
35.2,10,60,373.507,30
35.2,11,-72,361.507,30
35.2,12,72,361.507,30
35.2,13,-84,349.507,30
35.2,14,80.0048,350.665,30
35.4,0,0,435.802,30
35.4,1,-12,423.802,30
35.4,2,12,423.802,30
35.4,3,-24,411.802,30
35.4,4,24,411.802,30
35.4,5,-36,399.802,30
35.4,6,36,399.802,30
35.4,7,-48,387.802,30
35.4,8,48,387.802,30
35.4,9,-60,375.802,30
35.4,10,60,375.802,30
35.4,11,-72,363.802,30
35.4,12,72,363.802,30
35.4,13,-84,351.802,30
35.4,14,80.7716,353.399,30
35.6,0,0,438.114,30
35.6,1,-12,426.114,30
35.6,2,12,426.114,30
35.6,3,-24,414.114,30
35.6,4,24,414.114,30
35.6,5,-36,402.114,30
35.6,6,36,402.114,30
35.6,7,-48,390.114,30
35.6,8,48,390.114,30
35.6,9,-60,378.114,30
35.6,10,60,378.114,30
35.6,11,-72,366.114,30
35.6,12,72,366.114,30
35.6,13,-84,354.114,30
35.6,14,81.7218,356.01,30
35.8,0,0,440.444,30
35.8,1,-12,428.444,30
35.8,2,12,428.444,30
35.8,3,-24,416.444,30
35.8,4,24,416.444,30
35.8,5,-36,404.444,30
35.8,6,36,404.444,30
35.8,7,-48,392.444,30
35.8,8,48,392.444,30
35.8,9,-60,380.444,30
35.8,10,60,380.444,30
35.8,11,-72,368.444,30
35.8,12,72,368.444,30
35.8,13,-84,356.444,30
35.8,14,82.8554,358.499,30
36,0,0,442.774,30
36,1,-12,430.774,30
36,2,12,430.774,30
36,3,-24,418.774,30
36,4,24,418.774,30
36,5,-36,406.774,30
36,6,36,406.774,30
36,7,-48,394.774,30
36,8,48,394.774,30
36,9,-60,382.774,30
36,10,60,382.774,30
36,11,-72,370.774,30
36,12,72,370.774,30
36,13,-84,358.774,30
36,14,83.989,360.987,30
36.2,0,0,445.162,30
36.2,1,-12,433.162,30
36.2,2,12,433.162,30
36.2,3,-24,421.162,30
36.2,4,24,421.162,30
36.2,5,-36,409.162,30
36.2,6,36,409.162,30
36.2,7,-48,397.162,30
36.2,8,48,397.162,30
36.2,9,-60,385.162,30
36.2,10,60,385.162,30
36.2,11,-72,373.162,30
36.2,12,72,373.162,30
36.2,13,-84,361.162,30
36.2,14,85.0678,363.21,30
36.4,0,0,447.551,30
36.4,1,-12,435.551,30
36.4,2,12,435.551,30
36.4,3,-24,423.551,30
36.4,4,24,423.551,30
36.4,5,-36,411.551,30
36.4,6,36,411.551,30
36.4,7,-48,399.551,30
36.4,8,48,399.551,30
36.4,9,-60,387.551,30
36.4,10,60,387.551,30
36.4,11,-72,375.551,30
36.4,12,72,375.551,30
36.4,13,-84,363.551,30
36.4,14,86.1466,365.433,30
36.6,0,0,449.969,30
36.6,1,-12,437.969,30
36.6,2,12,437.969,30
36.6,3,-24,425.969,30
36.6,4,24,425.969,30
36.6,5,-36,413.969,30
36.6,6,36,413.969,30
36.6,7,-48,401.969,30
36.6,8,48,401.969,30
36.6,9,-60,389.969,30
36.6,10,60,389.969,30
36.6,11,-72,377.969,30
36.6,12,72,377.969,30
36.6,13,-84,365.969,30
36.6,14,87.007,367.562,30
36.8,0,0,452.416,30
36.8,1,-12,440.416,30
36.8,2,12,440.416,30
36.8,3,-24,428.416,30
36.8,4,24,428.416,30
36.8,5,-36,416.416,30
36.8,6,36,416.416,30
36.8,7,-48,404.416,30
36.8,8,48,404.416,30
36.8,9,-60,392.416,30
36.8,10,60,392.416,30
36.8,11,-72,380.416,30
36.8,12,72,380.416,30
36.8,13,-84,368.416,30
36.8,14,87.649,369.597,30
37,0,0,454.864,30
37,1,-12,442.864,30
37,2,12,442.864,30
37,3,-24,430.864,30
37,4,24,430.864,30
37,5,-36,418.864,30
37,6,36,418.864,30
37,7,-48,406.864,30
37,8,48,406.864,30
37,9,-60,394.864,30
37,10,60,394.864,30
37,11,-72,382.864,30
37,12,72,382.864,30
37,13,-84,370.864,30
37,14,88.291,371.631,30
37.2,0,0,457.351,30
37.2,1,-12,445.351,30
37.2,2,12,445.351,30
37.2,3,-24,433.351,30
37.2,4,24,433.351,30
37.2,5,-36,421.351,30
37.2,6,36,421.351,30
37.2,7,-48,409.351,30
37.2,8,48,409.351,30
37.2,9,-60,397.351,30
37.2,10,60,397.351,30
37.2,11,-72,385.351,30
37.2,12,72,385.351,30
37.2,13,-84,373.351,30
37.2,14,88.2894,373.616,30
37.4,0,0,459.838,30
37.4,1,-12,447.838,30
37.4,2,12,447.838,30
37.4,3,-24,435.838,30
37.4,4,24,435.838,30
37.4,5,-36,423.838,30
37.4,6,36,423.838,30
37.4,7,-48,411.838,30
37.4,8,48,411.838,30
37.4,9,-60,399.838,30
37.4,10,60,399.838,30
37.4,11,-72,387.838,30
37.4,12,72,387.838,30
37.4,13,-84,375.838,30
37.4,14,88.2878,375.601,30
37.6,0,0,462.329,30
37.6,1,-12,450.329,30
37.6,2,12,450.329,30
37.6,3,-24,438.329,30
37.6,4,24,438.329,30
37.6,5,-36,426.329,30
37.6,6,36,426.329,30
37.6,7,-48,414.329,30
37.6,8,48,414.329,30
37.6,9,-60,402.329,30
37.6,10,60,402.329,30
37.6,11,-72,390.329,30
37.6,12,72,390.329,30
37.6,13,-84,378.329,30
37.6,14,87.9808,377.637,30
37.8,0,0,464.822,30
37.8,1,-12,452.822,30
37.8,2,12,452.822,30
37.8,3,-24,440.822,30
37.8,4,24,440.822,30
37.8,5,-36,428.822,30
37.8,6,36,428.822,30
37.8,7,-48,416.822,30
37.8,8,48,416.822,30
37.8,9,-60,404.822,30
37.8,10,60,404.822,30
37.8,11,-72,392.822,30
37.8,12,72,392.822,30
37.8,13,-84,380.822,30
37.8,14,87.3684,379.724,30
38,0,0,467.316,30
38,1,-12,455.316,30
38,2,12,455.316,30
38,3,-24,443.316,30
38,4,24,443.316,30
38,5,-36,431.316,30
38,6,36,431.316,30
38,7,-48,419.316,30
38,8,48,419.316,30
38,9,-60,407.316,30
38,10,60,407.316,30
38,11,-72,395.316,30
38,12,72,395.316,30
38,13,-84,383.316,30
38,14,86.756,381.81,30
38.2,0,0,469.782,30
38.2,1,-12,457.782,30
38.2,2,12,457.782,30
38.2,3,-24,445.782,30
38.2,4,24,445.782,30
38.2,5,-36,433.782,30
38.2,6,36,433.782,30
38.2,7,-48,421.782,30
38.2,8,48,421.782,30
38.2,9,-60,409.782,30
38.2,10,60,409.782,30
38.2,11,-72,397.782,30
38.2,12,72,397.782,30
38.2,13,-84,385.782,30
38.2,14,85.7816,384.104,30
38.4,0,0,472.249,30
38.4,1,-12,460.249,30
38.4,2,12,460.249,30
38.4,3,-24,448.249,30
38.4,4,24,448.249,30
38.4,5,-36,436.249,30
38.4,6,36,436.249,30
38.4,7,-48,424.249,30
38.4,8,48,424.249,30
38.4,9,-60,412.249,30
38.4,10,60,412.249,30
38.4,11,-72,400.249,30
38.4,12,72,400.249,30
38.4,13,-84,388.249,30
38.4,14,84.8072,386.398,30
38.6,0,0,474.69,30
38.6,1,-12,462.69,30
38.6,2,12,462.69,30
38.6,3,-24,450.69,30
38.6,4,24,450.69,30
38.6,5,-36,438.69,30
38.6,6,36,438.69,30
38.6,7,-48,426.69,30
38.6,8,48,426.69,30
38.6,9,-60,414.69,30
38.6,10,60,414.69,30
38.6,11,-72,402.69,30
38.6,12,72,402.69,30
38.6,13,-84,390.69,30
38.6,14,83.8342,388.81,30
38.8,0,0,477.107,30
38.8,1,-12,465.107,30
38.8,2,12,465.107,30
38.8,3,-24,453.107,30
38.8,4,24,453.107,30
38.8,5,-36,441.107,30
38.8,6,36,441.107,30
38.8,7,-48,429.107,30
38.8,8,48,429.107,30
38.8,9,-60,417.107,30
38.8,10,60,417.107,30
38.8,11,-72,405.107,30
38.8,12,72,405.107,30
38.8,13,-84,393.107,30
38.8,14,82.8626,391.339,30
39,0,0,479.524,30
39,1,-12,467.524,30
39,2,12,467.524,30
39,3,-24,455.524,30
39,4,24,455.524,30
39,5,-36,443.524,30
39,6,36,443.524,30
39,7,-48,431.524,30
39,8,48,431.524,30
39,9,-60,419.524,30
39,10,60,419.524,30
39,11,-72,407.524,30
39,12,72,407.524,30
39,13,-84,395.524,30
39,14,81.891,393.868,30
39.2,0,0,481.888,30
39.2,1,-12,469.888,30
39.2,2,12,469.888,30
39.2,3,-24,457.888,30
39.2,4,24,457.888,30
39.2,5,-36,445.888,30
39.2,6,36,445.888,30
39.2,7,-48,433.888,30
39.2,8,48,433.888,30
39.2,9,-60,421.888,30
39.2,10,60,421.888,30
39.2,11,-72,409.888,30
39.2,12,72,409.888,30
39.2,13,-84,397.888,30
39.2,14,81.269,396.574,30
39.4,0,0,484.252,30
39.4,1,-12,472.252,30
39.4,2,12,472.252,30
39.4,3,-24,460.252,30
39.4,4,24,460.252,30
39.4,5,-36,448.252,30
39.4,6,36,448.252,30
39.4,7,-48,436.252,30
39.4,8,48,436.252,30
39.4,9,-60,424.252,30
39.4,10,60,424.252,30
39.4,11,-72,412.252,30
39.4,12,72,412.252,30
39.4,13,-84,400.252,30
39.4,14,80.647,399.281,30
39.6,0,0,486.597,30
39.6,1,-12,474.597,30
39.6,2,12,474.597,30
39.6,3,-24,462.597,30
39.6,4,24,462.597,30
39.6,5,-36,450.597,30
39.6,6,36,450.597,30
39.6,7,-48,438.597,30
39.6,8,48,438.597,30
39.6,9,-60,426.597,30
39.6,10,60,426.597,30
39.6,11,-72,414.597,30
39.6,12,72,414.597,30
39.6,13,-84,402.597,30
39.6,14,80.3014,402.017,30
39.8,0,0,488.924,30
39.8,1,-12,476.924,30
39.8,2,12,476.924,30
39.8,3,-24,464.924,30
39.8,4,24,464.924,30
39.8,5,-36,452.924,30
39.8,6,36,452.924,30
39.8,7,-48,440.924,30
39.8,8,48,440.924,30
39.8,9,-60,428.924,30
39.8,10,60,428.924,30
39.8,11,-72,416.924,30
39.8,12,72,416.924,30
39.8,13,-84,404.924,30
39.8,14,80.2322,404.783,30
40,0,0,491.25,30
40,1,-12,479.25,30
40,2,12,479.25,30
40,3,-24,467.25,30
40,4,24,467.25,30
40,5,-36,455.25,30
40,6,36,455.25,30
40,7,-48,443.25,30
40,8,48,443.25,30
40,9,-60,431.25,30
40,10,60,431.25,30
40,11,-72,419.25,30
40,12,72,419.25,30
40,13,-84,407.25,30
40,14,80.163,407.549,30
40.2,0,0,493.567,30
40.2,1,-12,481.567,30
40.2,2,12,481.567,30
40.2,3,-24,469.567,30
40.2,4,24,469.567,30
40.2,5,-36,457.567,30
40.2,6,36,457.567,30
40.2,7,-48,445.567,30
40.2,8,48,445.567,30
40.2,9,-60,433.567,30
40.2,10,60,433.567,30
40.2,11,-72,421.567,30
40.2,12,72,421.567,30
40.2,13,-84,409.567,30
40.2,14,80.6442,410.241,30
40.4,0,0,495.884,30
40.4,1,-12,483.884,30
40.4,2,12,483.884,30
40.4,3,-24,471.884,30
40.4,4,24,471.884,30
40.4,5,-36,459.884,30
40.4,6,36,459.884,30
40.4,7,-48,447.884,30
40.4,8,48,447.884,30
40.4,9,-60,435.884,30
40.4,10,60,435.884,30
40.4,11,-72,423.884,30
40.4,12,72,423.884,30
40.4,13,-84,411.884,30
40.4,14,81.1254,412.933,30
40.6,0,0,498.211,30
40.6,1,-12,486.211,30
40.6,2,12,486.211,30
40.6,3,-24,474.211,30
40.6,4,24,474.211,30
40.6,5,-36,462.211,30
40.6,6,36,462.211,30
40.6,7,-48,450.211,30
40.6,8,48,450.211,30
40.6,9,-60,438.211,30
40.6,10,60,438.211,30
40.6,11,-72,426.211,30
40.6,12,72,426.211,30
40.6,13,-84,414.211,30
40.6,14,81.7822,415.538,30
40.8,0,0,500.548,30
40.8,1,-12,488.548,30
40.8,2,12,488.548,30
40.8,3,-24,476.548,30
40.8,4,24,476.548,30
40.8,5,-36,464.548,30
40.8,6,36,464.548,30
40.8,7,-48,452.548,30
40.8,8,48,452.548,30
40.8,9,-60,440.548,30
40.8,10,60,440.548,30
40.8,11,-72,428.548,30
40.8,12,72,428.548,30
40.8,13,-84,416.548,30
40.8,14,82.6146,418.055,30
41,0,0,502.886,30
41,1,-12,490.886,30
41,2,12,490.886,30
41,3,-24,478.886,30
41,4,24,478.886,30
41,5,-36,466.886,30
41,6,36,466.886,30
41,7,-48,454.886,30
41,8,48,454.886,30
41,9,-60,442.886,30
41,10,60,442.886,30
41,11,-72,430.886,30
41,12,72,430.886,30
41,13,-84,418.886,30
41,14,83.447,420.572,30
41.2,0,0,505.266,30
41.2,1,-12,493.266,30
41.2,2,12,493.266,30
41.2,3,-24,481.266,30
41.2,4,24,481.266,30
41.2,5,-36,469.266,30
41.2,6,36,469.266,30
41.2,7,-48,457.266,30
41.2,8,48,457.266,30
41.2,9,-60,445.266,30
41.2,10,60,445.266,30
41.2,11,-72,433.266,30
41.2,12,72,433.266,30
41.2,13,-84,421.266,30
41.2,14,84.3166,422.882,30
41.4,0,0,507.645,30
41.4,1,-12,495.645,30
41.4,2,12,495.645,30
41.4,3,-24,483.645,30
41.4,4,24,483.645,30
41.4,5,-36,471.645,30
41.4,6,36,471.645,30
41.4,7,-48,459.645,30
41.4,8,48,459.645,30
41.4,9,-60,447.645,30
41.4,10,60,447.645,30
41.4,11,-72,435.645,30
41.4,12,72,435.645,30
41.4,13,-84,423.645,30
41.4,14,85.1862,425.193,30
41.6,0,0,510.048,30
41.6,1,-12,498.048,30
41.6,2,12,498.048,30
41.6,3,-24,486.048,30
41.6,4,24,486.048,30
41.6,5,-36,474.048,30
41.6,6,36,474.048,30
41.6,7,-48,462.048,30
41.6,8,48,462.048,30
41.6,9,-60,450.048,30
41.6,10,60,450.048,30
41.6,11,-72,438.048,30
41.6,12,72,438.048,30
41.6,13,-84,426.048,30
41.6,14,85.9186,427.42,30
41.8,0,0,512.475,30
41.8,1,-12,500.475,30
41.8,2,12,500.475,30
41.8,3,-24,488.475,30
41.8,4,24,488.475,30
41.8,5,-36,476.475,30
41.8,6,36,476.475,30
41.8,7,-48,464.475,30
41.8,8,48,464.475,30
41.8,9,-60,452.475,30
41.8,10,60,452.475,30
41.8,11,-72,440.475,30
41.8,12,72,440.475,30
41.8,13,-84,428.475,30
41.8,14,86.5138,429.565,30
42,0,0,514.901,30
42,1,-12,502.901,30
42,2,12,502.901,30
42,3,-24,490.901,30
42,4,24,490.901,30
42,5,-36,478.901,30
42,6,36,478.901,30
42,7,-48,466.901,30
42,8,48,466.901,30
42,9,-60,454.901,30
42,10,60,454.901,30
42,11,-72,442.901,30
42,12,72,442.901,30
42,13,-84,430.901,30
42,14,87.109,431.71,30
42.2,0,0,517.363,30
42.2,1,-12,505.363,30
42.2,2,12,505.363,30
42.2,3,-24,493.363,30
42.2,4,24,493.363,30
42.2,5,-36,481.363,30
42.2,6,36,481.363,30
42.2,7,-48,469.363,30
42.2,8,48,469.363,30
42.2,9,-60,457.363,30
42.2,10,60,457.363,30
42.2,11,-72,445.363,30
42.2,12,72,445.363,30
42.2,13,-84,433.363,30
42.2,14,87.2314,433.789,30
42.4,0,0,519.824,30
42.4,1,-12,507.824,30
42.4,2,12,507.824,30
42.4,3,-24,495.824,30
42.4,4,24,495.824,30
42.4,5,-36,483.824,30
42.4,6,36,483.824,30
42.4,7,-48,471.824,30
42.4,8,48,471.824,30
42.4,9,-60,459.824,30
42.4,10,60,459.824,30
42.4,11,-72,447.824,30
42.4,12,72,447.824,30
42.4,13,-84,435.824,30
42.4,14,87.3538,435.868,30
42.6,0,0,522.292,30
42.6,1,-12,510.292,30
42.6,2,12,510.292,30
42.6,3,-24,498.292,30
42.6,4,24,498.292,30
42.6,5,-36,486.292,30
42.6,6,36,486.292,30
42.6,7,-48,474.292,30
42.6,8,48,474.292,30
42.6,9,-60,462.292,30
42.6,10,60,462.292,30
42.6,11,-72,450.292,30
42.6,12,72,450.292,30
42.6,13,-84,438.292,30
42.6,14,87.2298,437.973,30
42.8,0,0,524.765,30
42.8,1,-12,512.765,30
42.8,2,12,512.765,30
42.8,3,-24,500.765,30
42.8,4,24,500.765,30
42.8,5,-36,488.765,30
42.8,6,36,488.765,30
42.8,7,-48,476.765,30
42.8,8,48,476.765,30
42.8,9,-60,464.765,30
42.8,10,60,464.765,30
42.8,11,-72,452.765,30
42.8,12,72,452.765,30
42.8,13,-84,440.765,30
42.8,14,86.8594,440.104,30
43,0,0,527.239,30
43,1,-12,515.239,30
43,2,12,515.239,30
43,3,-24,503.239,30
43,4,24,503.239,30
43,5,-36,491.239,30
43,6,36,491.239,30
43,7,-48,479.239,30
43,8,48,479.239,30
43,9,-60,467.239,30
43,10,60,467.239,30
43,11,-72,455.239,30
43,12,72,455.239,30
43,13,-84,443.239,30
43,14,86.489,442.235,30
43.2,0,0,529.697,30
43.2,1,-12,517.697,30
43.2,2,12,517.697,30
43.2,3,-24,505.697,30
43.2,4,24,505.697,30
43.2,5,-36,493.697,30
43.2,6,36,493.697,30
43.2,7,-48,481.697,30
43.2,8,48,481.697,30
43.2,9,-60,469.697,30
43.2,10,60,469.697,30
43.2,11,-72,457.697,30
43.2,12,72,457.697,30
43.2,13,-84,445.697,30
43.2,14,85.7822,444.511,30
43.4,0,0,532.155,30
43.4,1,-12,520.155,30
43.4,2,12,520.155,30
43.4,3,-24,508.155,30
43.4,4,24,508.155,30
43.4,5,-36,496.155,30
43.4,6,36,496.155,30
43.4,7,-48,484.155,30
43.4,8,48,484.155,30
43.4,9,-60,472.155,30
43.4,10,60,472.155,30
43.4,11,-72,460.155,30
43.4,12,72,460.155,30
43.4,13,-84,448.155,30
43.4,14,85.0754,446.786,30
43.6,0,0,534.596,30
43.6,1,-12,522.596,30
43.6,2,12,522.596,30
43.6,3,-24,510.596,30
43.6,4,24,510.596,30
43.6,5,-36,498.596,30
43.6,6,36,498.596,30
43.6,7,-48,486.596,30
43.6,8,48,486.596,30
43.6,9,-60,474.596,30
43.6,10,60,474.596,30
43.6,11,-72,462.596,30
43.6,12,72,462.596,30
43.6,13,-84,450.596,30
43.6,14,84.335,449.153,30
43.8,0,0,537.019,30
43.8,1,-12,525.019,30
43.8,2,12,525.019,30
43.8,3,-24,513.019,30
43.8,4,24,513.019,30
43.8,5,-36,501.019,30
43.8,6,36,501.019,30
43.8,7,-48,489.019,30
43.8,8,48,489.019,30
43.8,9,-60,477.019,30
43.8,10,60,477.019,30
43.8,11,-72,465.019,30
43.8,12,72,465.019,30
43.8,13,-84,453.019,30
43.8,14,83.561,451.611,30
44,0,0,539.442,30
44,1,-12,527.442,30
44,2,12,527.442,30
44,3,-24,515.442,30
44,4,24,515.442,30
44,5,-36,503.442,30
44,6,36,503.442,30
44,7,-48,491.442,30
44,8,48,491.442,30
44,9,-60,479.442,30
44,10,60,479.442,30
44,11,-72,467.442,30
44,12,72,467.442,30
44,13,-84,455.442,30
44,14,82.787,454.069,30
44.2,0,0,541.823,30
44.2,1,-12,529.823,30
44.2,2,12,529.823,30
44.2,3,-24,517.823,30
44.2,4,24,517.823,30
44.2,5,-36,505.823,30
44.2,6,36,505.823,30
44.2,7,-48,493.823,30
44.2,8,48,493.823,30
44.2,9,-60,481.823,30
44.2,10,60,481.823,30
44.2,11,-72,469.823,30
44.2,12,72,469.823,30
44.2,13,-84,457.823,30
44.2,14,82.2246,456.679,30
44.4,0,0,544.204,30
44.4,1,-12,532.204,30
44.4,2,12,532.204,30
44.4,3,-24,520.204,30
44.4,4,24,520.204,30
44.4,5,-36,508.204,30
44.4,6,36,508.204,30
44.4,7,-48,496.204,30
44.4,8,48,496.204,30
44.4,9,-60,484.204,30
44.4,10,60,484.204,30
44.4,11,-72,472.204,30
44.4,12,72,472.204,30
44.4,13,-84,460.204,30
44.4,14,81.6622,459.289,30
44.6,0,0,546.569,30
44.6,1,-12,534.569,30
44.6,2,12,534.569,30
44.6,3,-24,522.569,30
44.6,4,24,522.569,30
44.6,5,-36,510.569,30
44.6,6,36,510.569,30
44.6,7,-48,498.569,30
44.6,8,48,498.569,30
44.6,9,-60,486.569,30
44.6,10,60,486.569,30
44.6,11,-72,474.569,30
44.6,12,72,474.569,30
44.6,13,-84,462.569,30
44.6,14,81.3004,461.934,30
44.8,0,0,548.918,30
44.8,1,-12,536.918,30
44.8,2,12,536.918,30
44.8,3,-24,524.918,30
44.8,4,24,524.918,30
44.8,5,-36,512.918,30
44.8,6,36,512.918,30
44.8,7,-48,500.918,30
44.8,8,48,500.918,30
44.8,9,-60,488.918,30
44.8,10,60,488.918,30
44.8,11,-72,476.918,30
44.8,12,72,476.918,30
44.8,13,-84,464.918,30
44.8,14,81.1392,464.614,30
45,0,0,551.267,30
45,1,-12,539.267,30
45,2,12,539.267,30
45,3,-24,527.267,30
45,4,24,527.267,30
45,5,-36,515.267,30
45,6,36,515.267,30
45,7,-48,503.267,30
45,8,48,503.267,30
45,9,-60,491.267,30
45,10,60,491.267,30
45,11,-72,479.267,30
45,12,72,479.267,30
45,13,-84,467.267,30
45,14,80.978,467.294,30
45.2,0,0,553.603,30
45.2,1,-12,541.603,30
45.2,2,12,541.603,30
45.2,3,-24,529.603,30
45.2,4,24,529.603,30
45.2,5,-36,517.603,30
45.2,6,36,517.603,30
45.2,7,-48,505.603,30
45.2,8,48,505.603,30
45.2,9,-60,493.603,30
45.2,10,60,493.603,30
45.2,11,-72,481.603,30
45.2,12,72,481.603,30
45.2,13,-84,469.603,30
45.2,14,81.2552,469.94,30
45.4,0,0,555.938,30
45.4,1,-12,543.938,30
45.4,2,12,543.938,30
45.4,3,-24,531.938,30
45.4,4,24,531.938,30
45.4,5,-36,519.938,30
45.4,6,36,519.938,30
45.4,7,-48,507.938,30
45.4,8,48,507.938,30
45.4,9,-60,495.938,30
45.4,10,60,495.938,30
45.4,11,-72,483.938,30
45.4,12,72,483.938,30
45.4,13,-84,471.938,30
45.4,14,81.5324,472.587,30
45.6,0,0,558.279,30
45.6,1,-12,546.279,30
45.6,2,12,546.279,30
45.6,3,-24,534.279,30
45.6,4,24,534.279,30
45.6,5,-36,522.279,30
45.6,6,36,522.279,30
45.6,7,-48,510.279,30
45.6,8,48,510.279,30
45.6,9,-60,498.279,30
45.6,10,60,498.279,30
45.6,11,-72,486.279,30
45.6,12,72,486.279,30
45.6,13,-84,474.279,30
45.6,14,81.9688,475.174,30
45.8,0,0,560.625,30
45.8,1,-12,548.625,30
45.8,2,12,548.625,30
45.8,3,-24,536.625,30
45.8,4,24,536.625,30
45.8,5,-36,524.625,30
45.8,6,36,524.625,30
45.8,7,-48,512.625,30
45.8,8,48,512.625,30
45.8,9,-60,500.625,30
45.8,10,60,500.625,30
45.8,11,-72,488.625,30
45.8,12,72,488.625,30
45.8,13,-84,476.625,30
45.8,14,82.5644,477.701,30
46,0,0,562.971,30
46,1,-12,550.971,30
46,2,12,550.971,30
46,3,-24,538.971,30
46,4,24,538.971,30
46,5,-36,526.971,30
46,6,36,526.971,30
46,7,-48,514.971,30
46,8,48,514.971,30
46,9,-60,502.971,30
46,10,60,502.971,30
46,11,-72,490.971,30
46,12,72,490.971,30
46,13,-84,478.971,30
46,14,83.16,480.228,30
46.2,0,0,565.347,30
46.2,1,-12,553.347,30
46.2,2,12,553.347,30
46.2,3,-24,541.347,30
46.2,4,24,541.347,30
46.2,5,-36,529.347,30
46.2,6,36,529.347,30
46.2,7,-48,517.347,30
46.2,8,48,517.347,30
46.2,9,-60,505.347,30
46.2,10,60,505.347,30
46.2,11,-72,493.347,30
46.2,12,72,493.347,30
46.2,13,-84,481.347,30
46.2,14,83.8456,482.596,30
46.4,0,0,567.722,30
46.4,1,-12,555.722,30
46.4,2,12,555.722,30
46.4,3,-24,543.722,30
46.4,4,24,543.722,30
46.4,5,-36,531.722,30
46.4,6,36,531.722,30
46.4,7,-48,519.722,30
46.4,8,48,519.722,30
46.4,9,-60,507.722,30
46.4,10,60,507.722,30
46.4,11,-72,495.722,30
46.4,12,72,495.722,30
46.4,13,-84,483.722,30
46.4,14,84.5312,484.965,30
46.6,0,0,570.116,30
46.6,1,-12,558.116,30
46.6,2,12,558.116,30
46.6,3,-24,546.116,30
46.6,4,24,546.116,30
46.6,5,-36,534.116,30
46.6,6,36,534.116,30
46.6,7,-48,522.116,30
46.6,8,48,522.116,30
46.6,9,-60,510.116,30
46.6,10,60,510.116,30
46.6,11,-72,498.116,30
46.6,12,72,498.116,30
46.6,13,-84,486.116,30
46.6,14,85.1372,487.263,30
46.8,0,0,572.528,30
46.8,1,-12,560.528,30
46.8,2,12,560.528,30
46.8,3,-24,548.528,30
46.8,4,24,548.528,30
46.8,5,-36,536.528,30
46.8,6,36,536.528,30
46.8,7,-48,524.528,30
46.8,8,48,524.528,30
46.8,9,-60,512.528,30
46.8,10,60,512.528,30
46.8,11,-72,500.528,30
46.8,12,72,500.528,30
46.8,13,-84,488.528,30
46.8,14,85.6636,489.492,30
47,0,0,574.94,30
47,1,-12,562.94,30
47,2,12,562.94,30
47,3,-24,550.94,30
47,4,24,550.94,30
47,5,-36,538.94,30
47,6,36,538.94,30
47,7,-48,526.94,30
47,8,48,526.94,30
47,9,-60,514.94,30
47,10,60,514.94,30
47,11,-72,502.94,30
47,12,72,502.94,30
47,13,-84,490.94,30
47,14,86.19,491.72,30
47.2,0,0,577.383,30
47.2,1,-12,565.383,30
47.2,2,12,565.383,30
47.2,3,-24,553.383,30
47.2,4,24,553.383,30
47.2,5,-36,541.383,30
47.2,6,36,541.383,30
47.2,7,-48,529.383,30
47.2,8,48,529.383,30
47.2,9,-60,517.383,30
47.2,10,60,517.383,30
47.2,11,-72,505.383,30
47.2,12,72,505.383,30
47.2,13,-84,493.383,30
47.2,14,86.3784,493.877,30
47.4,0,0,579.826,30
47.4,1,-12,567.826,30
47.4,2,12,567.826,30
47.4,3,-24,555.826,30
47.4,4,24,555.826,30
47.4,5,-36,543.826,30
47.4,6,36,543.826,30
47.4,7,-48,531.826,30
47.4,8,48,531.826,30
47.4,9,-60,519.826,30
47.4,10,60,519.826,30
47.4,11,-72,507.826,30
47.4,12,72,507.826,30
47.4,13,-84,495.826,30
47.4,14,86.5668,496.034,30
47.6,0,0,582.275,30
47.6,1,-12,570.275,30
47.6,2,12,570.275,30
47.6,3,-24,558.275,30
47.6,4,24,558.275,30
47.6,5,-36,546.275,30
47.6,6,36,546.275,30
47.6,7,-48,534.275,30
47.6,8,48,534.275,30
47.6,9,-60,522.275,30
47.6,10,60,522.275,30
47.6,11,-72,510.275,30
47.6,12,72,510.275,30
47.6,13,-84,498.275,30
47.6,14,86.5608,498.201,30
47.8,0,0,584.731,30
47.8,1,-12,572.731,30
47.8,2,12,572.731,30
47.8,3,-24,560.731,30
47.8,4,24,560.731,30
47.8,5,-36,548.731,30
47.8,6,36,548.731,30
47.8,7,-48,536.731,30
47.8,8,48,536.731,30
47.8,9,-60,524.731,30
47.8,10,60,524.731,30
47.8,11,-72,512.731,30
47.8,12,72,512.731,30
47.8,13,-84,500.731,30
47.8,14,86.3604,500.376,30
48,0,0,587.187,30
48,1,-12,575.187,30
48,2,12,575.187,30
48,3,-24,563.187,30
48,4,24,563.187,30
48,5,-36,551.187,30
48,6,36,551.187,30
48,7,-48,539.187,30
48,8,48,539.187,30
48,9,-60,527.187,30
48,10,60,527.187,30
48,11,-72,515.187,30
48,12,72,515.187,30
48,13,-84,503.187,30
48,14,86.16,502.552,30
48.2,0,0,589.636,30
48.2,1,-12,577.636,30
48.2,2,12,577.636,30
48.2,3,-24,565.636,30
48.2,4,24,565.636,30
48.2,5,-36,553.636,30
48.2,6,36,553.636,30
48.2,7,-48,541.636,30
48.2,8,48,541.636,30
48.2,9,-60,529.636,30
48.2,10,60,529.636,30
48.2,11,-72,517.636,30
48.2,12,72,517.636,30
48.2,13,-84,505.636,30
48.2,14,85.6616,504.825,30
48.4,0,0,592.085,30
48.4,1,-12,580.085,30
48.4,2,12,580.085,30
48.4,3,-24,568.085,30
48.4,4,24,568.085,30
48.4,5,-36,556.085,30
48.4,6,36,556.085,30
48.4,7,-48,544.085,30
48.4,8,48,544.085,30
48.4,9,-60,532.085,30
48.4,10,60,532.085,30
48.4,11,-72,520.085,30
48.4,12,72,520.085,30
48.4,13,-84,508.085,30
48.4,14,85.1632,507.098,30
48.6,0,0,594.523,30
48.6,1,-12,582.523,30
48.6,2,12,582.523,30
48.6,3,-24,570.523,30
48.6,4,24,570.523,30
48.6,5,-36,558.523,30
48.6,6,36,558.523,30
48.6,7,-48,546.523,30
48.6,8,48,546.523,30
48.6,9,-60,534.523,30
48.6,10,60,534.523,30
48.6,11,-72,522.523,30
48.6,12,72,522.523,30
48.6,13,-84,510.523,30
48.6,14,84.6124,509.441,30
48.8,0,0,596.948,30
48.8,1,-12,584.948,30
48.8,2,12,584.948,30
48.8,3,-24,572.948,30
48.8,4,24,572.948,30
48.8,5,-36,560.948,30
48.8,6,36,560.948,30
48.8,7,-48,548.948,30
48.8,8,48,548.948,30
48.8,9,-60,536.948,30
48.8,10,60,536.948,30
48.8,11,-72,524.948,30
48.8,12,72,524.948,30
48.8,13,-84,512.948,30
48.8,14,84.0092,511.852,30
