time,uav0_channel,uav0_power,uav0_rate,uav1_channel,uav1_power,uav1_rate,uav2_channel,uav2_power,uav2_rate,uav3_channel,uav3_power,uav3_rate,uav4_channel,uav4_power,uav4_rate,uav5_channel,uav5_power,uav5_rate,uav6_channel,uav6_power,uav6_rate,uav7_channel,uav7_power,uav7_rate,uav8_channel,uav8_power,uav8_rate,uav9_channel,uav9_power,uav9_rate,uav10_channel,uav10_power,uav10_rate,uav11_channel,uav11_power,uav11_rate,uav12_channel,uav12_power,uav12_rate,uav13_channel,uav13_power,uav13_rate,uav14_channel,uav14_power,uav14_rate
0.1,0,23,6,2,23,6,1,23,6,0,23,6,2,23,6,1,23,6,0,23,6,2,23,6,1,23,6,0,23,6,2,23,6,1,23,6,0,23,6,2,23,6,1,23,6
0.2,0,23,6,2,23,6,1,23,6,0,23,6,2,23,6,1,23,6,0,23,6,2,23,6,1,23,6,0,23,6,2,23,6,1,23,6,0,23,6,2,23,6,1,23,6
0.3,0,23,6,2,23,6,1,23,6,0,23,6,2,23,6,1,23,6,0,23,6,2,23,6,1,23,6,0,23,6,2,23,6,1,23,6,0,23,6,2,23,6,1,23,6
0.4,0,23,6,2,23,6,1,23,6,0,23,6,2,23,6,1,23,6,0,23,6,2,23,6,1,23,6,0,23,6,2,23,6,1,23,6,0,23,6,2,23,6,1,23,6
0.5,0,23,6,2,23,6,1,23,6,0,23,6,2,23,6,1,23,6,0,23,6,2,23,6,1,23,6,0,23,6,2,23,6,1,23,6,0,23,6,2,23,6,1,23,6
0.6,0,23,6,2,23,6,1,23,6,0,23,6,2,23,6,1,23,6,0,23,6,2,23,6,1,23,6,0,23,6,2,23,6,1,23,6,0,23,6,2,23,6,1,23,6
0.7,0,23,6,2,23,6,1,23,6,0,23,6,2,23,6,1,23,6,0,23,6,2,23,6,1,23,6,0,23,6,2,23,6,1,23,6,0,23,6,2,23,6,1,23,6
0.8,0,23,6,2,23,6,1,23,6,0,23,6,2,23,6,1,23,6,0,23,6,2,23,6,1,23,6,0,23,6,2,23,6,1,23,6,0,23,6,2,23,6,1,23,6
0.9,0,23,6,2,23,6,1,23,6,0,23,6,2,23,6,1,23,6,0,23,6,2,23,6,1,23,6,0,23,6,2,23,6,1,23,6,0,23,6,2,23,6,1,23,6
1,0,23,6,2,23,6,1,23,6,0,23,6,2,23,6,1,23,6,0,23,6,2,23,6,1,23,6,0,23,6,2,23,6,1,23,6,0,23,6,2,23,6,1,23,6
1.1,0,23,6,2,23,6,1,23,6,0,23,6,2,23,6,1,23,6,0,23,6,2,23,6,1,23,6,0,23,6,2,23,6,1,23,6,0,23,6,2,23,6,1,23,6
1.2,0,23,6,2,23,6,1,23,6,0,23,6,2,23,6,1,23,6,0,23,6,2,23,6,1,23,6,0,23,6,2,23,6,1,23,6,0,23,6,2,23,6,1,23,6
1.3,0,23,6,2,23,6,1,23,6,0,23,6,2,23,6,1,23,6,0,23,6,2,23,6,1,23,6,0,23,6,2,23,6,1,23,6,0,23,6,2,23,6,1,23,6
1.4,0,23,6,2,23,6,1,23,6,0,23,6,2,23,6,1,23,6,0,23,6,2,23,6,1,23,6,0,23,6,2,23,6,1,23,6,0,23,6,2,23,6,1,23,6
1.5,0,23,6,2,23,6,1,23,6,0,23,6,2,23,6,1,23,6,0,23,6,2,23,6,1,23,6,0,23,6,2,23,6,1,23,6,0,23,6,2,23,6,1,23,6
1.6,0,23,6,2,23,6,1,23,6,0,23,6,2,23,6,1,23,6,0,23,6,2,23,6,1,23,6,0,23,6,2,23,6,1,23,6,0,23,6,2,23,6,1,23,6
1.7,0,23,6,2,23,6,1,23,6,0,23,6,2,23,6,1,23,6,0,23,6,2,23,6,1,23,6,0,23,6,2,23,6,1,23,6,0,23,6,2,23,6,1,23,6
1.8,0,23,6,2,23,6,1,23,6,0,23,6,2,23,6,1,23,6,0,23,6,2,23,6,1,23,6,0,23,6,2,23,6,1,23,6,0,23,6,2,23,6,1,23,6
1.9,0,23,6,2,23,6,1,23,6,0,23,6,2,23,6,1,23,6,0,23,6,2,23,6,1,23,6,0,23,6,2,23,6,1,23,6,0,23,6,2,23,6,1,23,6
2,0,23,6,2,23,6,1,23,6,0,23,6,2,23,6,1,23,6,0,23,6,2,23,6,1,23,6,0,23,6,2,23,6,1,23,6,0,23,6,2,23,6,1,23,6
2.1,0,23,6,2,23,6,1,23,6,0,23,6,2,23,6,1,23,6,0,23,6,2,23,6,1,23,6,0,23,6,2,23,6,1,23,6,0,23,6,2,23,6,1,23,6
2.2,0,23,6,2,23,6,1,23,6,0,23,6,2,23,6,1,23,6,0,23,6,2,23,6,1,23,6,0,23,6,2,23,6,1,23,6,0,23,6,2,23,6,1,23,6
2.3,0,23,6,2,23,6,1,23,6,0,23,6,2,23,6,1,23,6,0,23,6,2,23,6,1,23,6,0,23,6,2,23,6,1,23,6,0,23,6,2,23,6,1,23,6
2.4,0,23,6,2,23,6,1,23,6,0,23,6,2,23,6,1,23,6,0,23,6,2,23,6,1,23,6,0,23,6,2,23,6,1,23,6,0,23,6,2,23,6,1,23,6
2.5,0,23,6,2,23,6,1,23,6,0,23,6,2,23,6,1,23,6,0,23,6,2,23,6,1,23,6,0,23,6,2,23,6,1,23,6,0,23,6,2,23,6,1,23,6
2.6,0,23,6,2,23,6,1,23,6,0,23,6,2,23,6,1,23,6,0,23,6,2,23,6,1,23,6,0,23,6,2,23,6,1,23,6,0,23,6,2,23,6,1,23,6
2.7,0,23,6,2,23,6,1,23,6,0,23,6,2,23,6,1,23,6,0,23,6,2,23,6,1,23,6,0,23,6,2,23,6,1,23,6,0,23,6,2,23,6,1,23,6
2.8,0,23,6,2,23,6,1,23,6,0,23,6,2,23,6,1,23,6,0,23,6,2,23,6,1,23,6,0,23,6,2,23,6,1,23,6,0,23,6,2,23,6,1,23,6
2.9,0,23,6,2,23,6,1,23,6,0,23,6,2,23,6,1,23,6,0,23,6,2,23,6,1,23,6,0,23,6,2,23,6,1,23,6,0,23,6,2,23,6,1,23,6
3,0,23,6,2,23,6,1,23,6,0,23,6,2,23,6,1,23,6,0,23,6,2,23,6,1,23,6,0,23,6,2,23,6,1,23,6,0,23,6,2,23,6,1,23,6
3.1,0,23,6,2,23,6,1,23,6,0,23,6,2,23,6,1,23,6,0,23,6,2,23,6,1,23,6,0,23,6,2,23,6,1,23,6,0,23,6,2,23,6,1,23,6
3.2,0,23,6,2,23,6,1,23,6,0,23,6,2,23,6,1,23,6,0,23,6,2,23,6,1,23,6,0,23,6,2,23,6,1,23,6,0,23,6,2,23,6,1,23,6
3.3,0,23,6,2,23,6,1,23,6,0,23,6,2,23,6,1,23,6,0,23,6,2,23,6,1,23,6,0,23,6,2,23,6,1,23,6,0,23,6,2,23,6,1,23,6
3.4,0,23,6,2,23,6,1,23,6,0,23,6,2,23,6,1,23,6,0,23,6,2,23,6,1,23,6,0,23,6,2,23,6,1,23,6,0,23,6,2,23,6,1,23,6
3.5,0,23,6,2,23,6,1,23,6,0,23,6,2,23,6,1,23,6,0,23,6,2,23,6,1,23,6,0,23,6,2,23,6,1,23,6,0,23,6,2,23,6,1,23,6
3.6,0,23,6,2,23,6,1,23,6,0,23,6,2,23,6,1,23,6,0,23,6,2,23,6,1,23,6,0,23,6,2,23,6,1,23,6,0,23,6,2,23,6,1,23,6
3.7,0,23,6,2,23,6,1,23,6,0,23,6,2,23,6,1,23,6,0,23,6,2,23,6,1,23,6,0,23,6,2,23,6,1,23,6,0,23,6,2,23,6,1,23,6
3.8,0,23,6,2,23,6,1,23,6,0,23,6,2,23,6,1,23,6,0,23,6,2,23,6,1,23,6,0,23,6,2,23,6,1,23,6,0,23,6,2,23,6,1,23,6
3.9,0,23,6,2,23,6,1,23,6,0,23,6,2,23,6,1,23,6,0,23,6,2,23,6,1,23,6,0,23,6,2,23,6,1,23,6,0,23,6,2,23,6,1,23,6
4,0,23,6,2,23,6,1,23,6,0,23,6,2,23,6,1,23,6,0,23,6,2,23,6,1,23,6,0,23,6,2,23,6,1,23,6,0,23,6,2,23,6,1,23,6
4.1,0,23,6,2,23,6,1,23,6,0,23,6,2,23,6,1,23,6,0,23,6,2,23,6,1,23,6,0,23,6,2,23,6,1,23,6,0,23,6,2,23,6,1,23,6
4.2,0,23,6,2,23,6,1,23,6,0,23,6,2,23,6,1,23,6,0,23,6,2,23,6,1,23,6,0,23,6,2,23,6,1,23,6,0,23,6,2,23,6,1,23,6
4.3,0,23,6,2,23,6,1,23,6,0,23,6,2,23,6,1,23,6,0,23,6,2,23,6,1,23,6,0,23,6,2,23,6,1,23,6,0,23,6,2,23,6,1,23,6
4.4,0,23,6,2,23,6,1,23,6,0,23,6,2,23,6,1,23,6,0,23,6,2,23,6,1,23,6,0,23,6,2,23,6,1,23,6,0,23,6,2,23,6,1,23,6
4.5,0,23,6,2,23,6,1,23,6,0,23,6,2,23,6,1,23,6,0,23,6,2,23,6,1,23,6,0,23,6,2,23,6,1,23,6,0,23,6,2,23,6,1,23,6
4.6,0,23,6,2,23,6,1,23,6,0,23,6,2,23,6,1,23,6,0,23,6,2,23,6,1,23,6,0,23,6,2,23,6,1,23,6,0,23,6,2,23,6,1,23,6
4.7,0,23,6,2,23,6,1,23,6,0,23,6,2,23,6,1,23,6,0,23,6,2,23,6,1,23,6,0,23,6,2,23,6,1,23,6,0,23,6,2,23,6,1,23,6
4.8,0,23,6,2,23,6,1,23,6,0,23,6,2,23,6,1,23,6,0,23,6,2,23,6,1,23,6,0,23,6,2,23,6,1,23,6,0,23,6,2,23,6,1,23,6
4.9,0,23,6,2,23,6,1,23,6,0,23,6,2,23,6,1,23,6,0,23,6,2,23,6,1,23,6,0,23,6,2,23,6,1,23,6,0,23,6,2,23,6,1,23,6
5,0,23,6,2,23,6,1,23,6,0,23,6,2,23,6,1,23,6,0,23,6,2,23,6,1,23,6,0,23,6,2,23,6,1,23,6,0,23,6,2,23,6,1,23,6
5.1,0,23,6,2,23,6,1,23,6,0,23,6,2,23,6,1,23,6,0,23,6,2,23,6,1,23,6,0,23,6,2,23,6,1,23,6,0,23,6,2,23,6,1,23,6
5.2,0,23,6,2,23,6,1,23,6,0,23,6,2,23,6,1,23,6,0,23,6,2,23,6,1,23,6,0,23,6,2,23,6,1,23,6,0,23,6,2,23,6,1,23,6
5.3,0,23,6,2,23,6,1,23,6,0,23,6,2,23,6,1,23,6,0,23,6,2,23,6,1,23,6,0,23,6,2,23,6,1,23,6,0,23,6,2,23,6,1,23,6
5.4,0,23,6,2,23,6,1,23,6,0,23,6,2,23,6,1,23,6,0,23,6,2,23,6,1,23,6,0,23,6,2,23,6,1,23,6,0,23,6,2,23,6,1,23,6
5.5,0,23,6,2,23,6,1,23,6,0,23,6,2,23,6,1,23,6,0,23,6,2,23,6,1,23,6,0,23,6,2,23,6,1,23,6,0,23,6,2,23,6,1,23,6
5.6,0,23,6,2,23,6,1,23,6,0,23,6,2,23,6,1,23,6,0,23,6,2,23,6,1,23,6,0,23,6,2,23,6,1,23,6,0,23,6,2,23,6,1,23,6
5.7,0,23,6,2,23,6,1,23,6,0,23,6,2,23,6,1,23,6,0,23,6,2,23,6,1,23,6,0,23,6,2,23,6,1,23,6,0,23,6,2,23,6,1,23,6
5.8,0,23,6,2,23,6,1,23,6,0,23,6,2,23,6,1,23,6,0,23,6,2,23,6,1,23,6,0,23,6,2,23,6,1,23,6,0,23,6,2,23,6,1,23,6
5.9,0,23,6,2,23,6,1,23,6,0,23,6,2,23,6,1,23,6,0,23,6,2,23,6,1,23,6,0,23,6,2,23,6,1,23,6,0,23,6,2,23,6,1,23,6
6,0,23,6,2,23,6,1,23,6,0,23,6,2,23,6,1,23,6,0,23,6,2,23,6,1,23,6,0,23,6,2,23,6,1,23,6,0,23,6,2,23,6,1,23,6
6.1,0,23,6,2,23,6,1,23,6,0,23,6,2,23,6,1,23,6,0,23,6,2,23,6,1,23,6,0,23,6,2,23,6,1,23,6,0,23,6,2,23,6,1,23,6
6.2,0,23,6,2,23,6,1,23,6,0,23,6,2,23,6,1,23,6,0,23,6,2,23,6,1,23,6,0,23,6,2,23,6,1,23,6,0,23,6,2,23,6,1,23,6
6.3,0,23,6,2,23,6,1,23,6,0,23,6,2,23,6,1,23,6,0,23,6,2,23,6,1,23,6,0,23,6,2,23,6,1,23,6,0,23,6,2,23,6,1,23,6
6.4,0,23,6,2,23,6,1,23,6,0,23,6,2,23,6,1,23,6,0,23,6,2,23,6,1,23,6,0,23,6,2,23,6,1,23,6,0,23,6,2,23,6,1,23,6
6.5,0,23,6,2,23,6,1,23,6,0,23,6,2,23,6,1,23,6,0,23,6,2,23,6,1,23,6,0,23,6,2,23,6,1,23,6,0,23,6,2,23,6,1,23,6
6.6,0,23,6,2,23,6,1,23,6,0,23,6,2,23,6,1,23,6,0,23,6,2,23,6,1,23,6,0,23,6,2,23,6,1,23,6,0,23,6,2,23,6,1,23,6
6.7,0,23,6,2,23,6,1,23,6,0,23,6,2,23,6,1,23,6,0,23,6,2,23,6,1,23,6,0,23,6,2,23,6,1,23,6,0,23,6,2,23,6,1,23,6
6.8,0,23,6,2,23,6,1,23,6,0,23,6,2,23,6,1,23,6,0,23,6,2,23,6,1,23,6,0,23,6,2,23,6,1,23,6,0,23,6,2,23,6,1,23,6
6.9,0,23,6,2,23,6,1,23,6,0,23,6,2,23,6,1,23,6,0,23,6,2,23,6,1,23,6,0,23,6,2,23,6,1,23,6,0,23,6,2,23,6,1,23,6
7,0,23,6,2,23,6,1,23,6,0,23,6,2,23,6,1,23,6,0,23,6,2,23,6,1,23,6,0,23,6,2,23,6,1,23,6,0,23,6,2,23,6,1,23,6
7.1,0,23,6,2,23,6,1,23,6,0,23,6,2,23,6,1,23,6,0,23,6,2,23,6,1,23,6,0,23,6,2,23,6,1,23,6,0,23,6,2,23,6,1,23,6
7.2,0,23,6,2,23,6,1,23,6,0,23,6,2,23,6,1,23,6,0,23,6,2,23,6,1,23,6,0,23,6,2,23,6,1,23,6,0,23,6,2,23,6,1,23,6
7.3,0,23,6,2,23,6,1,23,6,0,23,6,2,23,6,1,23,6,0,23,6,2,23,6,1,23,6,0,23,6,2,23,6,1,23,6,0,23,6,2,23,6,1,23,6
7.4,0,23,6,2,23,6,1,23,6,0,23,6,2,23,6,1,23,6,0,23,6,2,23,6,1,23,6,0,23,6,2,23,6,1,23,6,0,23,6,2,23,6,1,23,6
7.5,0,23,6,2,23,6,1,23,6,0,23,6,2,23,6,1,23,6,0,23,6,2,23,6,1,23,6,0,23,6,2,23,6,1,23,6,0,23,6,2,23,6,1,23,6
7.6,0,23,6,2,23,6,1,23,6,0,23,6,2,23,6,1,23,6,0,23,6,2,23,6,1,23,6,0,23,6,2,23,6,1,23,6,0,23,6,2,23,6,1,23,6
7.7,0,23,6,2,23,6,1,23,6,0,23,6,2,23,6,1,23,6,0,23,6,2,23,6,1,23,6,0,23,6,2,23,6,1,23,6,0,23,6,2,23,6,1,23,6
7.8,0,23,6,2,23,6,1,23,6,0,23,6,2,23,6,1,23,6,0,23,6,2,23,6,1,23,6,0,23,6,2,23,6,1,23,6,0,23,6,2,23,6,1,23,6
7.9,0,23,6,2,23,6,1,23,6,0,23,6,2,23,6,1,23,6,0,23,6,2,23,6,1,23,6,0,23,6,2,23,6,1,23,6,0,23,6,2,23,6,1,23,6
8,0,23,6,2,23,6,1,23,6,0,23,6,2,23,6,1,23,6,0,23,6,2,23,6,1,23,6,0,23,6,2,23,6,1,23,6,0,23,6,2,23,6,1,23,6
8.1,0,23,6,2,23,6,1,23,6,0,23,6,2,23,6,1,23,6,0,23,6,2,23,6,1,23,6,0,23,6,2,23,6,1,23,6,0,23,6,2,23,6,1,23,6
8.2,0,23,6,2,23,6,1,23,6,0,23,6,2,23,6,1,23,6,0,23,6,2,23,6,1,23,6,0,23,6,2,23,6,1,23,6,0,23,6,2,23,6,1,23,6
8.3,0,23,6,2,23,6,1,23,6,0,23,6,2,23,6,1,23,6,0,23,6,2,23,6,1,23,6,0,23,6,2,23,6,1,23,6,0,23,6,2,23,6,1,23,6
8.4,0,23,6,2,23,6,1,23,6,0,23,6,2,23,6,1,23,6,0,23,6,2,23,6,1,23,6,0,23,6,2,23,6,1,23,6,0,23,6,2,23,6,1,23,6
8.5,0,23,6,2,23,6,1,23,6,0,23,6,2,23,6,1,23,6,0,23,6,2,23,6,1,23,6,0,23,6,2,23,6,1,23,6,0,23,6,2,23,6,1,23,6
8.6,0,23,6,2,23,6,1,23,6,0,23,6,2,23,6,1,23,6,0,23,6,2,23,6,1,23,6,0,23,6,2,23,6,1,23,6,0,23,6,2,23,6,1,23,6
8.7,0,23,6,2,23,6,1,23,6,0,23,6,2,23,6,1,23,6,0,23,6,2,23,6,1,23,6,0,23,6,2,23,6,1,23,6,0,23,6,2,23,6,1,23,6
8.8,0,23,6,2,23,6,1,23,6,0,23,6,2,23,6,1,23,6,0,23,6,2,23,6,1,23,6,0,23,6,2,23,6,1,23,6,0,23,6,2,23,6,1,23,6
8.9,0,23,6,2,23,6,1,23,6,0,23,6,2,23,6,1,23,6,0,23,6,2,23,6,1,23,6,0,23,6,2,23,6,1,23,6,0,23,6,2,23,6,1,23,6
9,0,23,6,2,23,6,1,23,6,0,23,6,2,23,6,1,23,6,0,23,6,2,23,6,1,23,6,0,23,6,2,23,6,1,23,6,0,23,6,2,23,6,1,23,6
9.1,0,23,6,2,23,6,1,23,6,0,23,6,2,23,6,1,23,6,0,23,6,2,23,6,1,23,6,0,23,6,2,23,6,1,23,6,0,23,6,2,23,6,1,23,6
9.2,0,23,6,2,23,6,1,23,6,0,23,6,2,23,6,1,23,6,0,23,6,2,23,6,1,23,6,0,23,6,2,23,6,1,23,6,0,23,6,2,23,6,1,23,6
9.3,0,23,6,2,23,6,1,23,6,0,23,6,2,23,6,1,23,6,0,23,6,2,23,6,1,23,6,0,23,6,2,23,6,1,23,6,0,23,6,2,23,6,1,23,6
9.4,0,23,6,2,23,6,1,23,6,0,23,6,2,23,6,1,23,6,0,23,6,2,23,6,1,23,6,0,23,6,2,23,6,1,23,6,0,23,6,2,23,6,1,23,6
9.5,0,23,6,2,23,6,1,23,6,0,23,6,2,23,6,1,23,6,0,23,6,2,23,6,1,23,6,0,23,6,2,23,6,1,23,6,0,23,6,2,23,6,1,23,6
9.6,0,23,6,2,23,6,1,23,6,0,23,6,2,23,6,1,23,6,0,23,6,2,23,6,1,23,6,0,23,6,2,23,6,1,23,6,0,23,6,2,23,6,1,23,6
9.7,0,23,6,2,23,6,1,23,6,0,23,6,2,23,6,1,23,6,0,23,6,2,23,6,1,23,6,0,23,6,2,23,6,1,23,6,0,23,6,2,23,6,1,23,6
9.8,0,23,6,2,23,6,1,23,6,0,23,6,2,23,6,1,23,6,0,23,6,2,23,6,1,23,6,0,23,6,2,23,6,1,23,6,0,23,6,2,23,6,1,23,6
9.9,0,23,6,2,23,6,1,23,6,0,23,6,2,23,6,1,23,6,0,23,6,2,23,6,1,23,6,0,23,6,2,23,6,1,23,6,0,23,6,2,23,6,1,23,6
10,0,23,6,2,23,6,1,23,6,0,23,6,2,23,6,1,23,6,0,23,6,2,23,6,1,23,6,0,23,6,2,23,6,1,23,6,0,23,6,2,23,6,1,23,6
10.1,0,23,6,2,23,6,1,23,6,0,23,6,2,23,6,1,23,6,0,23,6,2,23,6,1,23,6,0,23,6,2,23,6,1,23,6,0,23,6,2,23,6,1,23,6
10.2,0,23,6,2,23,6,1,23,6,0,23,6,2,23,6,1,23,6,0,23,6,2,23,6,1,23,6,0,23,6,2,23,6,1,23,6,0,23,6,2,23,6,1,23,6
10.3,0,23,6,2,23,6,1,23,6,0,23,6,2,23,6,1,23,6,0,23,6,2,23,6,1,23,6,0,23,6,2,23,6,1,23,6,0,23,6,2,23,6,1,23,6
10.4,0,23,6,2,23,6,1,23,6,0,23,6,2,23,6,1,23,6,0,23,6,2,23,6,1,23,6,0,23,6,2,23,6,1,23,6,0,23,6,2,23,6,1,23,6
10.5,0,23,6,2,23,6,1,23,6,0,23,6,2,23,6,1,23,6,0,23,6,2,23,6,1,23,6,0,23,6,2,23,6,1,23,6,0,23,6,2,23,6,1,23,6
10.6,0,23,6,2,23,6,1,23,6,0,23,6,2,23,6,1,23,6,0,23,6,2,23,6,1,23,6,0,23,6,2,23,6,1,23,6,0,23,6,2,23,6,1,23,6
10.7,0,23,6,2,23,6,1,23,6,0,23,6,2,23,6,1,23,6,0,23,6,2,23,6,1,23,6,0,23,6,2,23,6,1,23,6,0,23,6,2,23,6,1,23,6
10.8,0,23,6,2,23,6,1,23,6,0,23,6,2,23,6,1,23,6,0,23,6,2,23,6,1,23,6,0,23,6,2,23,6,1,23,6,0,23,6,2,23,6,1,23,6
10.9,0,23,6,2,23,6,1,23,6,0,23,6,2,23,6,1,23,6,0,23,6,2,23,6,1,23,6,0,23,6,2,23,6,1,23,6,0,23,6,2,23,6,1,23,6
11,0,23,6,2,23,6,1,23,6,0,23,6,2,23,6,1,23,6,0,23,6,2,23,6,1,23,6,0,23,6,2,23,6,1,23,6,0,23,6,2,23,6,1,23,6
11.1,0,23,6,2,23,6,1,23,6,0,23,6,2,23,6,1,23,6,0,23,6,2,23,6,1,23,6,0,23,6,2,23,6,1,23,6,0,23,6,2,23,6,1,23,6
11.2,0,23,6,2,23,6,1,23,6,0,23,6,2,23,6,1,23,6,0,23,6,2,23,6,1,23,6,0,23,6,2,23,6,1,23,6,0,23,6,2,23,6,1,23,6
11.3,0,23,6,2,23,6,1,23,6,0,23,6,2,23,6,1,23,6,0,23,6,2,23,6,1,23,6,0,23,6,2,23,6,1,23,6,0,23,6,2,23,6,1,23,6
11.4,0,23,6,2,23,6,1,23,6,0,23,6,2,23,6,1,23,6,0,23,6,2,23,6,1,23,6,0,23,6,2,23,6,1,23,6,0,23,6,2,23,6,1,23,6
11.5,0,23,6,2,23,6,1,23,6,0,23,6,2,23,6,1,23,6,0,23,6,2,23,6,1,23,6,0,23,6,2,23,6,1,23,6,0,23,6,2,23,6,1,23,6
11.6,0,23,6,2,23,6,1,23,6,0,23,6,2,23,6,1,23,6,0,23,6,2,23,6,1,23,6,0,23,6,2,23,6,1,23,6,0,23,6,2,23,6,1,23,6
11.7,0,23,6,2,23,6,1,23,6,0,23,6,2,23,6,1,23,6,0,23,6,2,23,6,1,23,6,0,23,6,2,23,6,1,23,6,0,23,6,2,23,6,1,23,6
11.8,0,23,6,2,23,6,1,23,6,0,23,6,2,23,6,1,23,6,0,23,6,2,23,6,1,23,6,0,23,6,2,23,6,1,23,6,0,23,6,2,23,6,1,23,6
11.9,0,23,6,2,23,6,1,23,6,0,23,6,2,23,6,1,23,6,0,23,6,2,23,6,1,23,6,0,23,6,2,23,6,1,23,6,0,23,6,2,23,6,1,23,6
12,0,23,6,2,23,6,1,23,6,0,23,6,2,23,6,1,23,6,0,23,6,2,23,6,1,23,6,0,23,6,2,23,6,1,23,6,0,23,6,2,23,6,1,23,6
12.1,0,23,6,2,23,6,1,23,6,0,23,6,2,23,6,1,23,6,0,23,6,2,23,6,1,23,6,0,23,6,2,23,6,1,23,6,0,23,6,2,23,6,1,23,6
12.2,0,23,6,2,23,6,1,23,6,0,23,6,2,23,6,1,23,6,0,23,6,2,23,6,1,23,6,0,23,6,2,23,6,1,23,6,0,23,6,2,23,6,1,23,6
12.3,0,23,6,2,23,6,1,23,6,0,23,6,2,23,6,1,23,6,0,23,6,2,23,6,1,23,6,0,23,6,2,23,6,1,23,6,0,23,6,2,23,6,1,23,6
12.4,0,23,6,2,23,6,1,23,6,0,23,6,2,23,6,1,23,6,0,23,6,2,23,6,1,23,6,0,23,6,2,23,6,1,23,6,0,23,6,2,23,6,1,23,6
12.5,0,23,6,2,23,6,1,23,6,0,23,6,2,23,6,1,23,6,0,23,6,2,23,6,1,23,6,0,23,6,2,23,6,1,23,6,0,23,6,2,23,6,1,23,6
12.6,0,23,6,2,23,6,1,23,6,0,23,6,2,23,6,1,23,6,0,23,6,2,23,6,1,23,6,0,23,6,2,23,6,1,23,6,0,23,6,2,23,6,1,23,6
12.7,0,23,6,2,23,6,1,23,6,0,23,6,2,23,6,1,23,6,0,23,6,2,23,6,1,23,6,0,23,6,2,23,6,1,23,6,0,23,6,2,23,6,1,23,6
12.8,0,23,6,2,23,6,1,23,6,0,23,6,2,23,6,1,23,6,0,23,6,2,23,6,1,23,6,0,23,6,2,23,6,1,23,6,0,23,6,2,23,6,1,23,6
12.9,0,23,6,2,23,6,1,23,6,0,23,6,2,23,6,1,23,6,0,23,6,2,23,6,1,23,6,0,23,6,2,23,6,1,23,6,0,23,6,2,23,6,1,23,6
13,0,23,6,2,23,6,1,23,6,0,23,6,2,23,6,1,23,6,0,23,6,2,23,6,1,23,6,0,23,6,2,23,6,1,23,6,0,23,6,2,23,6,1,23,6
13.1,0,23,6,2,23,6,1,23,6,0,23,6,2,23,6,1,23,6,0,23,6,2,23,6,1,23,6,0,23,6,2,23,6,1,23,6,0,23,6,2,23,6,1,23,6
13.2,0,23,6,2,23,6,1,23,6,0,23,6,2,23,6,1,23,6,0,23,6,2,23,6,1,23,6,0,23,6,2,23,6,1,23,6,0,23,6,2,23,6,1,23,6
13.3,0,23,6,2,23,6,1,23,6,0,23,6,2,23,6,1,23,6,0,23,6,2,23,6,1,23,6,0,23,6,2,23,6,1,23,6,0,23,6,2,23,6,1,23,6
13.4,0,23,6,2,23,6,1,23,6,0,23,6,2,23,6,1,23,6,0,23,6,2,23,6,1,23,6,0,23,6,2,23,6,1,23,6,0,23,6,2,23,6,1,23,6
13.5,0,23,6,2,23,6,1,23,6,0,23,6,2,23,6,1,23,6,0,23,6,2,23,6,1,23,6,0,23,6,2,23,6,1,23,6,0,23,6,2,23,6,1,23,6
13.6,0,23,6,2,23,6,1,23,6,0,23,6,2,23,6,1,23,6,0,23,6,2,23,6,1,23,6,0,23,6,2,23,6,1,23,6,0,23,6,2,23,6,1,23,6
13.7,0,23,6,2,23,6,1,23,6,0,23,6,2,23,6,1,23,6,0,23,6,2,23,6,1,23,6,0,23,6,2,23,6,1,23,6,0,23,6,2,23,6,1,23,6
13.8,0,23,6,2,23,6,1,23,6,0,23,6,2,23,6,1,23,6,0,23,6,2,23,6,1,23,6,0,23,6,2,23,6,1,23,6,0,23,6,2,23,6,1,23,6
13.9,0,23,6,2,23,6,1,23,6,0,23,6,2,23,6,1,23,6,0,23,6,2,23,6,1,23,6,0,23,6,2,23,6,1,23,6,0,23,6,2,23,6,1,23,6
14,0,23,6,2,23,6,1,23,6,0,23,6,2,23,6,1,23,6,0,23,6,2,23,6,1,23,6,0,23,6,2,23,6,1,23,6,0,23,6,2,23,6,1,23,6
14.1,0,23,6,2,23,6,1,23,6,0,23,6,2,23,6,1,23,6,0,23,6,2,23,6,1,23,6,0,23,6,2,23,6,1,23,6,0,23,6,2,23,6,1,23,6
14.2,0,23,6,2,23,6,1,23,6,0,23,6,2,23,6,1,23,6,0,23,6,2,23,6,1,23,6,0,23,6,2,23,6,1,23,6,0,23,6,2,23,6,1,23,6
14.3,0,23,6,2,23,6,1,23,6,0,23,6,2,23,6,1,23,6,0,23,6,2,23,6,1,23,6,0,23,6,2,23,6,1,23,6,0,23,6,2,23,6,1,23,6
14.4,0,23,6,2,23,6,1,23,6,0,23,6,2,23,6,1,23,6,0,23,6,2,23,6,1,23,6,0,23,6,2,23,6,1,23,6,0,23,6,2,23,6,1,23,6
14.5,0,23,6,2,23,6,1,23,6,0,23,6,2,23,6,1,23,6,0,23,6,2,23,6,1,23,6,0,23,6,2,23,6,1,23,6,0,23,6,2,23,6,1,23,6
14.6,0,23,6,2,23,6,1,23,6,0,23,6,2,23,6,1,23,6,0,23,6,2,23,6,1,23,6,0,23,6,2,23,6,1,23,6,0,23,6,2,23,6,1,23,6
14.7,0,23,6,2,23,6,1,23,6,0,23,6,2,23,6,1,23,6,0,23,6,2,23,6,1,23,6,0,23,6,2,23,6,1,23,6,0,23,6,2,23,6,1,23,6
14.8,0,23,6,2,23,6,1,23,6,0,23,6,2,23,6,1,23,6,0,23,6,2,23,6,1,23,6,0,23,6,2,23,6,1,23,6,0,23,6,2,23,6,1,23,6
14.9,0,23,6,2,23,6,1,23,6,0,23,6,2,23,6,1,23,6,0,23,6,2,23,6,1,23,6,0,23,6,2,23,6,1,23,6,0,23,6,2,23,6,1,23,6
15,0,23,6,2,23,6,1,23,6,0,23,6,2,23,6,1,23,6,0,23,6,2,23,6,1,23,6,0,23,6,2,23,6,1,23,6,0,23,6,2,23,6,1,23,6
15.1,0,23,6,2,23,6,1,23,6,0,23,6,2,23,6,1,23,6,0,23,6,2,23,6,1,23,6,0,23,6,2,23,6,1,23,6,0,23,6,2,23,6,1,23,6
15.2,0,23,6,2,23,6,1,23,6,0,23,6,2,23,6,1,23,6,0,23,6,2,23,6,1,23,6,0,23,6,2,23,6,1,23,6,0,23,6,2,23,6,1,23,6
15.3,0,23,6,2,23,6,1,23,6,0,23,6,2,23,6,1,23,6,0,23,6,2,23,6,1,23,6,0,23,6,2,23,6,1,23,6,0,23,6,2,23,6,1,23,6
15.4,0,23,6,2,23,6,1,23,6,0,23,6,2,23,6,1,23,6,0,23,6,2,23,6,1,23,6,0,23,6,2,23,6,1,23,6,0,23,6,2,23,6,1,23,6
15.5,0,23,6,2,23,6,1,23,6,0,23,6,2,23,6,1,23,6,0,23,6,2,23,6,1,23,6,0,23,6,2,23,6,1,23,6,0,23,6,2,23,6,1,23,6
15.6,0,23,6,2,23,6,1,23,6,0,23,6,2,23,6,1,23,6,0,23,6,2,23,6,1,23,6,0,23,6,2,23,6,1,23,6,0,23,6,2,23,6,1,23,6
15.7,0,23,6,2,23,6,1,23,6,0,23,6,2,23,6,1,23,6,0,23,6,2,23,6,1,23,6,0,23,6,2,23,6,1,23,6,0,23,6,2,23,6,1,23,6
15.8,0,23,6,2,23,6,1,23,6,0,23,6,2,23,6,1,23,6,0,23,6,2,23,6,1,23,6,0,23,6,2,23,6,1,23,6,0,23,6,2,23,6,1,23,6
15.9,0,23,6,2,23,6,1,23,6,0,23,6,2,23,6,1,23,6,0,23,6,2,23,6,1,23,6,0,23,6,2,23,6,1,23,6,0,23,6,2,23,6,1,23,6
16,0,23,6,2,23,6,1,23,6,0,23,6,2,23,6,1,23,6,0,23,6,2,23,6,1,23,6,0,23,6,2,23,6,1,23,6,0,23,6,2,23,6,1,23,6
16.1,0,23,6,2,23,6,1,23,6,0,23,6,2,23,6,1,23,6,0,23,6,2,23,6,1,23,6,0,23,6,2,23,6,1,23,6,0,23,6,2,23,6,1,23,6
16.2,0,23,6,2,23,6,1,23,6,0,23,6,2,23,6,1,23,6,0,23,6,2,23,6,1,23,6,0,23,6,2,23,6,1,23,6,0,23,6,2,23,6,1,23,6
16.3,0,23,6,2,23,6,1,23,6,0,23,6,2,23,6,1,23,6,0,23,6,2,23,6,1,23,6,0,23,6,2,23,6,1,23,6,0,23,6,2,23,6,1,23,6
16.4,0,23,6,2,23,6,1,23,6,0,23,6,2,23,6,1,23,6,0,23,6,2,23,6,1,23,6,0,23,6,2,23,6,1,23,6,0,23,6,2,23,6,1,23,6
16.5,0,23,6,2,23,6,1,23,6,0,23,6,2,23,6,1,23,6,0,23,6,2,23,6,1,23,6,0,23,6,2,23,6,1,23,6,0,23,6,2,23,6,1,23,6
16.6,0,23,6,2,23,6,1,23,6,0,23,6,2,23,6,1,23,6,0,23,6,2,23,6,1,23,6,0,23,6,2,23,6,1,23,6,0,23,6,2,23,6,1,23,6
16.7,0,23,6,2,23,6,1,23,6,0,23,6,2,23,6,1,23,6,0,23,6,2,23,6,1,23,6,0,23,6,2,23,6,1,23,6,0,23,6,2,23,6,1,23,6
16.8,0,23,6,2,23,6,1,23,6,0,23,6,2,23,6,1,23,6,0,23,6,2,23,6,1,23,6,0,23,6,2,23,6,1,23,6,0,23,6,2,23,6,1,23,6
16.9,0,23,6,2,23,6,1,23,6,0,23,6,2,23,6,1,23,6,0,23,6,2,23,6,1,23,6,0,23,6,2,23,6,1,23,6,0,23,6,2,23,6,1,23,6
17,0,23,6,2,23,6,1,23,6,0,23,6,2,23,6,1,23,6,0,23,6,2,23,6,1,23,6,0,23,6,2,23,6,1,23,6,0,23,6,2,23,6,1,23,6
17.1,0,23,6,2,23,6,1,23,6,0,23,6,2,23,6,1,23,6,0,23,6,2,23,6,1,23,6,0,23,6,2,23,6,1,23,6,0,23,6,2,23,6,1,23,6
17.2,0,23,6,2,23,6,1,23,6,0,23,6,2,23,6,1,23,6,0,23,6,2,23,6,1,23,6,0,23,6,2,23,6,1,23,6,0,23,6,2,23,6,1,23,6
17.3,0,23,6,2,23,6,1,23,6,0,23,6,2,23,6,1,23,6,0,23,6,2,23,6,1,23,6,0,23,6,2,23,6,1,23,6,0,23,6,2,23,6,1,23,6
17.4,0,23,6,2,23,6,1,23,6,0,23,6,2,23,6,1,23,6,0,23,6,2,23,6,1,23,6,0,23,6,2,23,6,1,23,6,0,23,6,2,23,6,1,23,6
17.5,0,23,6,2,23,6,1,23,6,0,23,6,2,23,6,1,23,6,0,23,6,2,23,6,1,23,6,0,23,6,2,23,6,1,23,6,0,23,6,2,23,6,1,23,6
17.6,0,23,6,2,23,6,1,23,6,0,23,6,2,23,6,1,23,6,0,23,6,2,23,6,1,23,6,0,23,6,2,23,6,1,23,6,0,23,6,2,23,6,1,23,6
17.7,0,23,6,2,23,6,1,23,6,0,23,6,2,23,6,1,23,6,0,23,6,2,23,6,1,23,6,0,23,6,2,23,6,1,23,6,0,23,6,2,23,6,1,23,6
17.8,0,23,6,2,23,6,1,23,6,0,23,6,2,23,6,1,23,6,0,23,6,2,23,6,1,23,6,0,23,6,2,23,6,1,23,6,0,23,6,2,23,6,1,23,6
17.9,0,23,6,2,23,6,1,23,6,0,23,6,2,23,6,1,23,6,0,23,6,2,23,6,1,23,6,0,23,6,2,23,6,1,23,6,0,23,6,2,23,6,1,23,6
18,0,23,6,2,23,6,1,23,6,0,23,6,2,23,6,1,23,6,0,23,6,2,23,6,1,23,6,0,23,6,2,23,6,1,23,6,0,23,6,2,23,6,1,23,6
18.1,0,23,6,2,23,6,1,23,6,0,23,6,2,23,6,1,23,6,0,23,6,2,23,6,1,23,6,0,23,6,2,23,6,1,23,6,0,23,6,2,23,6,1,23,6
18.2,0,23,6,2,23,6,1,23,6,0,23,6,2,23,6,1,23,6,0,23,6,2,23,6,1,23,6,0,23,6,2,23,6,1,23,6,0,23,6,2,23,6,1,23,6
18.3,0,23,6,2,23,6,1,23,6,0,23,6,2,23,6,1,23,6,0,23,6,2,23,6,1,23,6,0,23,6,2,23,6,1,23,6,0,23,6,2,23,6,1,23,6
18.4,0,23,6,2,23,6,1,23,6,0,23,6,2,23,6,1,23,6,0,23,6,2,23,6,1,23,6,0,23,6,2,23,6,1,23,6,0,23,6,2,23,6,1,23,6
18.5,0,23,6,2,23,6,1,23,6,0,23,6,2,23,6,1,23,6,0,23,6,2,23,6,1,23,6,0,23,6,2,23,6,1,23,6,0,23,6,2,23,6,1,23,6
18.6,0,23,6,2,23,6,1,23,6,0,23,6,2,23,6,1,23,6,0,23,6,2,23,6,1,23,6,0,23,6,2,23,6,1,23,6,0,23,6,2,23,6,1,23,6
18.7,0,23,6,2,23,6,1,23,6,0,23,6,2,23,6,1,23,6,0,23,6,2,23,6,1,23,6,0,23,6,2,23,6,1,23,6,0,23,6,2,23,6,1,23,6
18.8,0,23,6,2,23,6,1,23,6,0,23,6,2,23,6,1,23,6,0,23,6,2,23,6,1,23,6,0,23,6,2,23,6,1,23,6,0,23,6,2,23,6,1,23,6
18.9,0,23,6,2,23,6,1,23,6,0,23,6,2,23,6,1,23,6,0,23,6,2,23,6,1,23,6,0,23,6,2,23,6,1,23,6,0,23,6,2,23,6,1,23,6
19,0,23,6,2,23,6,1,23,6,0,23,6,2,23,6,1,23,6,0,23,6,2,23,6,1,23,6,0,23,6,2,23,6,1,23,6,0,23,6,2,23,6,1,23,6
19.1,0,23,6,2,23,6,1,23,6,0,23,6,2,23,6,1,23,6,0,23,6,2,23,6,1,23,6,0,23,6,2,23,6,1,23,6,0,23,6,2,23,6,1,23,6
19.2,0,23,6,2,23,6,1,23,6,0,23,6,2,23,6,1,23,6,0,23,6,2,23,6,1,23,6,0,23,6,2,23,6,1,23,6,0,23,6,2,23,6,1,23,6
19.3,0,23,6,2,23,6,1,23,6,0,23,6,2,23,6,1,23,6,0,23,6,2,23,6,1,23,6,0,23,6,2,23,6,1,23,6,0,23,6,2,23,6,1,23,6
19.4,0,23,6,2,23,6,1,23,6,0,23,6,2,23,6,1,23,6,0,23,6,2,23,6,1,23,6,0,23,6,2,23,6,1,23,6,0,23,6,2,23,6,1,23,6
19.5,0,23,6,2,23,6,1,23,6,0,23,6,2,23,6,1,23,6,0,23,6,2,23,6,1,23,6,0,23,6,2,23,6,1,23,6,0,23,6,2,23,6,1,23,6
19.6,0,23,6,2,23,6,1,23,6,0,23,6,2,23,6,1,23,6,0,23,6,2,23,6,1,23,6,0,23,6,2,23,6,1,23,6,0,23,6,2,23,6,1,23,6
19.7,0,23,6,2,23,6,1,23,6,0,23,6,2,23,6,1,23,6,0,23,6,2,23,6,1,23,6,0,23,6,2,23,6,1,23,6,0,23,6,2,23,6,1,23,6
19.8,0,23,6,2,23,6,1,23,6,0,23,6,2,23,6,1,23,6,0,23,6,2,23,6,1,23,6,0,23,6,2,23,6,1,23,6,0,23,6,2,23,6,1,23,6
19.9,0,23,6,2,23,6,1,23,6,0,23,6,2,23,6,1,23,6,0,23,6,2,23,6,1,23,6,0,23,6,2,23,6,1,23,6,0,23,6,2,23,6,1,23,6
20,0,23,6,2,23,6,1,23,6,0,23,6,2,23,6,1,23,6,0,23,6,2,23,6,1,23,6,0,23,6,2,23,6,1,23,6,0,23,6,2,23,6,1,23,6
20.1,0,23,6,2,23,6,1,23,6,0,23,6,2,23,6,1,23,6,0,23,6,2,23,6,1,23,6,0,23,6,2,23,6,1,23,6,0,23,6,2,23,6,1,23,6
20.2,0,23,6,2,23,6,1,23,6,0,23,6,2,23,6,1,23,6,0,23,6,2,23,6,1,23,6,0,23,6,2,23,6,1,23,6,0,23,6,2,23,6,1,23,6
20.3,0,23,6,2,23,6,1,23,6,0,23,6,2,23,6,1,23,6,0,23,6,2,23,6,1,23,6,0,23,6,2,23,6,1,23,6,0,23,6,2,23,6,1,23,6
20.4,0,23,6,2,23,6,1,23,6,0,23,6,2,23,6,1,23,6,0,23,6,2,23,6,1,23,6,0,23,6,2,23,6,1,23,6,0,23,6,2,23,6,1,23,6
20.5,0,23,6,2,23,6,1,23,6,0,23,6,2,23,6,1,23,6,0,23,6,2,23,6,1,23,6,0,23,6,2,23,6,1,23,6,0,23,6,2,23,6,1,23,6
20.6,0,23,6,2,23,6,1,23,6,0,23,6,2,23,6,1,23,6,0,23,6,2,23,6,1,23,6,0,23,6,2,23,6,1,23,6,0,23,6,2,23,6,1,23,6
20.7,0,23,6,2,23,6,1,23,6,0,23,6,2,23,6,1,23,6,0,23,6,2,23,6,1,23,6,0,23,6,2,23,6,1,23,6,0,23,6,2,23,6,1,23,6
20.8,0,23,6,2,23,6,1,23,6,0,23,6,2,23,6,1,23,6,0,23,6,2,23,6,1,23,6,0,23,6,2,23,6,1,23,6,0,23,6,2,23,6,1,23,6
20.9,0,23,6,2,23,6,1,23,6,0,23,6,2,23,6,1,23,6,0,23,6,2,23,6,1,23,6,0,23,6,2,23,6,1,23,6,0,23,6,2,23,6,1,23,6
21,0,23,6,2,23,6,1,23,6,0,23,6,2,23,6,1,23,6,0,23,6,2,23,6,1,23,6,0,23,6,2,23,6,1,23,6,0,23,6,2,23,6,1,23,6
21.1,0,23,6,2,23,6,1,23,6,0,23,6,2,23,6,1,23,6,0,23,6,2,23,6,1,23,6,0,23,6,2,23,6,1,23,6,0,23,6,2,23,6,1,23,6
21.2,0,23,6,2,23,6,1,23,6,0,23,6,2,23,6,1,23,6,0,23,6,2,23,6,1,23,6,0,23,6,2,23,6,1,23,6,0,23,6,2,23,6,1,23,6
21.3,0,23,6,2,23,6,1,23,6,0,23,6,2,23,6,1,23,6,0,23,6,2,23,6,1,23,6,0,23,6,2,23,6,1,23,6,0,23,6,2,23,6,1,23,6
21.4,0,23,6,2,23,6,1,23,6,0,23,6,2,23,6,1,23,6,0,23,6,2,23,6,1,23,6,0,23,6,2,23,6,1,23,6,0,23,6,2,23,6,1,23,6
21.5,0,23,6,2,23,6,1,23,6,0,23,6,2,23,6,1,23,6,0,23,6,2,23,6,1,23,6,0,23,6,2,23,6,1,23,6,0,23,6,2,23,6,1,23,6
21.6,0,23,6,2,23,6,1,23,6,0,23,6,2,23,6,1,23,6,0,23,6,2,23,6,1,23,6,0,23,6,2,23,6,1,23,6,0,23,6,2,23,6,1,23,6
21.7,0,23,6,2,23,6,1,23,6,0,23,6,2,23,6,1,23,6,0,23,6,2,23,6,1,23,6,0,23,6,2,23,6,1,23,6,0,23,6,2,23,6,1,23,6
21.8,0,23,6,2,23,6,1,23,6,0,23,6,2,23,6,1,23,6,0,23,6,2,23,6,1,23,6,0,23,6,2,23,6,1,23,6,0,23,6,2,23,6,1,23,6
21.9,0,23,6,2,23,6,1,23,6,0,23,6,2,23,6,1,23,6,0,23,6,2,23,6,1,23,6,0,23,6,2,23,6,1,23,6,0,23,6,2,23,6,1,23,6
22,0,23,6,2,23,6,1,23,6,0,23,6,2,23,6,1,23,6,0,23,6,2,23,6,1,23,6,0,23,6,2,23,6,1,23,6,0,23,6,2,23,6,1,23,6
22.1,0,23,6,2,23,6,1,23,6,0,23,6,2,23,6,1,23,6,0,23,6,2,23,6,1,23,6,0,23,6,2,23,6,1,23,6,0,23,6,2,23,6,1,23,6
22.2,0,23,6,2,23,6,1,23,6,0,23,6,2,23,6,1,23,6,0,23,6,2,23,6,1,23,6,0,23,6,2,23,6,1,23,6,0,23,6,2,23,6,1,23,6
22.3,0,23,6,2,23,6,1,23,6,0,23,6,2,23,6,1,23,6,0,23,6,2,23,6,1,23,6,0,23,6,2,23,6,1,23,6,0,23,6,2,23,6,1,23,6
22.4,0,23,6,2,23,6,1,23,6,0,23,6,2,23,6,1,23,6,0,23,6,2,23,6,1,23,6,0,23,6,2,23,6,1,23,6,0,23,6,2,23,6,1,23,6
22.5,0,23,6,2,23,6,1,23,6,0,23,6,2,23,6,1,23,6,0,23,6,2,23,6,1,23,6,0,23,6,2,23,6,1,23,6,0,23,6,2,23,6,1,23,6
22.6,0,23,6,2,23,6,1,23,6,0,23,6,2,23,6,1,23,6,0,23,6,2,23,6,1,23,6,0,23,6,2,23,6,1,23,6,0,23,6,2,23,6,1,23,6
22.7,0,23,6,2,23,6,1,23,6,0,23,6,2,23,6,1,23,6,0,23,6,2,23,6,1,23,6,0,23,6,2,23,6,1,23,6,0,23,6,2,23,6,1,23,6
22.8,0,23,6,2,23,6,1,23,6,0,23,6,2,23,6,1,23,6,0,23,6,2,23,6,1,23,6,0,23,6,2,23,6,1,23,6,0,23,6,2,23,6,1,23,6
22.9,0,23,6,2,23,6,1,23,6,0,23,6,2,23,6,1,23,6,0,23,6,2,23,6,1,23,6,0,23,6,2,23,6,1,23,6,0,23,6,2,23,6,1,23,6
23,0,23,6,2,23,6,1,23,6,0,23,6,2,23,6,1,23,6,0,23,6,2,23,6,1,23,6,0,23,6,2,23,6,1,23,6,0,23,6,2,23,6,1,23,6
23.1,0,23,6,2,23,6,1,23,6,0,23,6,2,23,6,1,23,6,0,23,6,2,23,6,1,23,6,0,23,6,2,23,6,1,23,6,0,23,6,2,23,6,1,23,6
23.2,0,23,6,2,23,6,1,23,6,0,23,6,2,23,6,1,23,6,0,23,6,2,23,6,1,23,6,0,23,6,2,23,6,1,23,6,0,23,6,2,23,6,1,23,6
23.3,0,23,6,2,23,6,1,23,6,0,23,6,2,23,6,1,23,6,0,23,6,2,23,6,1,23,6,0,23,6,2,23,6,1,23,6,0,23,6,2,23,6,1,23,6
23.4,0,23,6,2,23,6,1,23,6,0,23,6,2,23,6,1,23,6,0,23,6,2,23,6,1,23,6,0,23,6,2,23,6,1,23,6,0,23,6,2,23,6,1,23,6
23.5,0,23,6,2,23,6,1,23,6,0,23,6,2,23,6,1,23,6,0,23,6,2,23,6,1,23,6,0,23,6,2,23,6,1,23,6,0,23,6,2,23,6,1,23,6
23.6,0,23,6,2,23,6,1,23,6,0,23,6,2,23,6,1,23,6,0,23,6,2,23,6,1,23,6,0,23,6,2,23,6,1,23,6,0,23,6,2,23,6,1,23,6
23.7,0,23,6,2,23,6,1,23,6,0,23,6,2,23,6,1,23,6,0,23,6,2,23,6,1,23,6,0,23,6,2,23,6,1,23,6,0,23,6,2,23,6,1,23,6
23.8,0,23,6,2,23,6,1,23,6,0,23,6,2,23,6,1,23,6,0,23,6,2,23,6,1,23,6,0,23,6,2,23,6,1,23,6,0,23,6,2,23,6,1,23,6
23.9,0,23,6,2,23,6,1,23,6,0,23,6,2,23,6,1,23,6,0,23,6,2,23,6,1,23,6,0,23,6,2,23,6,1,23,6,0,23,6,2,23,6,1,23,6
24,0,23,6,2,23,6,1,23,6,0,23,6,2,23,6,1,23,6,0,23,6,2,23,6,1,23,6,0,23,6,2,23,6,1,23,6,0,23,6,2,23,6,1,23,6
24.1,1,23,6,0,23,6,2,23,6,1,23,6,0,23,6,2,23,6,1,23,6,0,23,6,2,23,6,1,23,6,1,23,6,2,23,6,0,23,6,0,23,6,2,23,6
24.2,1,23,6,0,23,6,2,23,6,1,23,6,0,23,6,2,23,6,1,23,6,0,23,6,2,23,6,1,23,6,1,23,6,2,23,6,0,23,6,0,23,6,2,23,6
24.3,1,23,6,0,23,6,2,23,6,1,23,6,0,23,6,2,23,6,1,23,6,0,23,6,2,23,6,1,23,6,1,23,6,2,23,6,0,23,6,0,23,6,2,23,6
24.4,1,23,6,0,23,6,2,23,6,1,23,6,0,23,6,2,23,6,1,23,6,0,23,6,2,23,6,1,23,6,1,23,6,2,23,6,0,23,6,0,23,6,2,23,6
24.5,1,23,6,0,23,6,2,23,6,1,23,6,0,23,6,2,23,6,1,23,6,0,23,6,2,23,6,1,23,6,1,23,6,2,23,6,0,23,6,0,23,6,2,23,6
24.6,0,23,6,2,23,6,2,23,6,1,23,6,0,23,6,2,23,6,1,23,6,0,23,6,2,23,6,1,23,6,0,23,6,2,23,6,1,23,6,0,23,6,2,23,6
24.7,0,23,6,2,23,6,2,23,6,1,23,6,0,23,6,2,23,6,1,23,6,0,23,6,2,23,6,1,23,6,0,23,6,2,23,6,1,23,6,0,23,6,2,23,6
24.8,0,23,6,2,23,6,2,23,6,1,23,6,0,23,6,2,23,6,1,23,6,0,23,6,2,23,6,1,23,6,0,23,6,2,23,6,1,23,6,0,23,6,2,23,6
24.9,0,23,6,2,23,6,2,23,6,1,23,6,0,23,6,2,23,6,1,23,6,0,23,6,2,23,6,1,23,6,0,23,6,2,23,6,1,23,6,0,23,6,2,23,6
25,0,23,6,2,23,6,2,23,6,1,23,6,0,23,6,2,23,6,1,23,6,0,23,6,2,23,6,1,23,6,0,23,6,2,23,6,1,23,6,0,23,6,2,23,6
25.1,0,23,6,2,23,6,2,23,6,1,23,6,0,23,6,2,23,6,1,23,6,0,23,6,2,23,6,1,23,6,0,23,6,2,23,6,1,23,6,0,23,6,2,23,6
25.2,0,23,6,2,23,6,2,23,6,1,23,6,0,23,6,2,23,6,1,23,6,0,23,6,2,23,6,1,23,6,0,23,6,2,23,6,1,23,6,0,23,6,2,23,6
25.3,0,23,6,2,23,6,2,23,6,1,23,6,0,23,6,2,23,6,1,23,6,0,23,6,2,23,6,1,23,6,0,23,6,2,23,6,1,23,6,0,23,6,2,23,6
25.4,0,23,6,2,23,6,2,23,6,1,23,6,0,23,6,2,23,6,1,23,6,0,23,6,2,23,6,1,23,6,0,23,6,2,23,6,1,23,6,0,23,6,2,23,6
25.5,0,23,6,2,23,6,2,23,6,1,23,6,0,23,6,2,23,6,1,23,6,0,23,6,2,23,6,1,23,6,0,23,6,2,23,6,1,23,6,0,23,6,2,23,6
25.6,2,23,6,1,23,6,1,23,6,0,23,6,0,23,6,2,23,6,2,23,6,1,23,6,1,23,6,0,23,6,0,23,6,2,23,6,2,23,6,1,23,6,1,23,6
25.7,2,23,6,1,23,6,1,23,6,0,23,6,0,23,6,2,23,6,2,23,6,1,23,6,1,23,6,0,23,6,0,23,6,2,23,6,2,23,6,1,23,6,1,23,6
25.8,2,23,6,1,23,6,1,23,6,0,23,6,0,23,6,2,23,6,2,23,6,1,23,6,1,23,6,0,23,6,0,23,6,2,23,6,2,23,6,1,23,6,1,23,6
25.9,2,23,6,1,23,6,1,23,6,0,23,6,0,23,6,2,23,6,2,23,6,1,23,6,1,23,6,0,23,6,0,23,6,2,23,6,2,23,6,1,23,6,1,23,6
26,2,23,6,1,23,6,1,23,6,0,23,6,0,23,6,2,23,6,2,23,6,1,23,6,1,23,6,0,23,6,0,23,6,2,23,6,2,23,6,1,23,6,1,23,6
26.1,0,23,6,2,23,6,2,23,6,1,23,6,1,23,6,0,23,6,2,23,6,2,23,6,0,23,6,1,23,6,1,23,6,0,23,6,2,23,6,2,23,6,0,23,6
26.2,0,23,6,2,23,6,2,23,6,1,23,6,1,23,6,0,23,6,2,23,6,2,23,6,0,23,6,1,23,6,1,23,6,0,23,6,2,23,6,2,23,6,0,23,6
26.3,0,23,6,2,23,6,2,23,6,1,23,6,1,23,6,0,23,6,2,23,6,2,23,6,0,23,6,1,23,6,1,23,6,0,23,6,2,23,6,2,23,6,0,23,6
26.4,0,23,6,2,23,6,2,23,6,1,23,6,1,23,6,0,23,6,2,23,6,2,23,6,0,23,6,1,23,6,1,23,6,0,23,6,2,23,6,2,23,6,0,23,6
26.5,0,23,6,2,23,6,2,23,6,1,23,6,1,23,6,0,23,6,2,23,6,2,23,6,0,23,6,1,23,6,1,23,6,0,23,6,2,23,6,2,23,6,0,23,6
26.6,1,23,6,0,23,6,0,23,6,2,23,6,1,23,6,0,23,6,0,23,6,1,23,6,2,23,6,2,23,6,1,23,6,0,23,6,0,23,6,1,23,6,2,23,6
26.7,1,23,6,0,23,6,0,23,6,2,23,6,1,23,6,0,23,6,0,23,6,1,23,6,2,23,6,2,23,6,1,23,6,0,23,6,0,23,6,1,23,6,2,23,6
26.8,1,23,6,0,23,6,0,23,6,2,23,6,1,23,6,0,23,6,0,23,6,1,23,6,2,23,6,2,23,6,1,23,6,0,23,6,0,23,6,1,23,6,2,23,6
26.9,1,23,6,0,23,6,0,23,6,2,23,6,1,23,6,0,23,6,0,23,6,1,23,6,2,23,6,2,23,6,1,23,6,0,23,6,0,23,6,1,23,6,2,23,6
27,1,23,6,0,23,6,0,23,6,2,23,6,1,23,6,0,23,6,0,23,6,1,23,6,2,23,6,2,23,6,1,23,6,0,23,6,0,23,6,1,23,6,2,23,6
27.1,2,23,6,1,23,6,0,23,6,2,23,6,1,23,6,0,23,6,0,23,6,1,23,6,2,23,6,2,23,6,1,23,6,0,23,6,2,23,6,1,23,6,0,23,6
27.2,2,23,6,1,23,6,0,23,6,2,23,6,1,23,6,0,23,6,0,23,6,1,23,6,2,23,6,2,23,6,1,23,6,0,23,6,2,23,6,1,23,6,0,23,6
27.3,2,23,6,1,23,6,0,23,6,2,23,6,1,23,6,0,23,6,0,23,6,1,23,6,2,23,6,2,23,6,1,23,6,0,23,6,2,23,6,1,23,6,0,23,6
27.4,2,23,6,1,23,6,0,23,6,2,23,6,1,23,6,0,23,6,0,23,6,1,23,6,2,23,6,2,23,6,1,23,6,0,23,6,2,23,6,1,23,6,0,23,6
27.5,2,23,6,1,23,6,0,23,6,2,23,6,1,23,6,0,23,6,0,23,6,1,23,6,2,23,6,2,23,6,1,23,6,0,23,6,2,23,6,1,23,6,0,23,6
27.6,2,23,6,0,23,6,1,23,6,2,23,6,0,23,6,1,23,6,2,23,6,0,23,6,1,23,6,2,23,6,0,23,6,1,23,6,2,23,6,0,23,6,1,23,6
27.7,2,23,6,0,23,6,1,23,6,2,23,6,0,23,6,1,23,6,2,23,6,0,23,6,1,23,6,2,23,6,0,23,6,1,23,6,2,23,6,0,23,6,1,23,6
27.8,2,23,6,0,23,6,1,23,6,2,23,6,0,23,6,1,23,6,2,23,6,0,23,6,1,23,6,2,23,6,0,23,6,1,23,6,2,23,6,0,23,6,1,23,6
27.9,2,23,6,0,23,6,1,23,6,2,23,6,0,23,6,1,23,6,2,23,6,0,23,6,1,23,6,2,23,6,0,23,6,1,23,6,2,23,6,0,23,6,1,23,6
28,2,23,6,0,23,6,1,23,6,2,23,6,0,23,6,1,23,6,2,23,6,0,23,6,1,23,6,2,23,6,0,23,6,1,23,6,2,23,6,0,23,6,1,23,6
28.1,1,23,6,0,23,6,2,23,6,1,23,6,0,23,6,2,23,6,1,23,6,0,23,6,2,23,6,1,23,6,0,23,6,2,23,6,1,23,6,0,23,6,2,23,6
28.2,1,23,6,0,23,6,2,23,6,1,23,6,0,23,6,2,23,6,1,23,6,0,23,6,2,23,6,1,23,6,0,23,6,2,23,6,1,23,6,0,23,6,2,23,6
28.3,1,23,6,0,23,6,2,23,6,1,23,6,0,23,6,2,23,6,1,23,6,0,23,6,2,23,6,1,23,6,0,23,6,2,23,6,1,23,6,0,23,6,2,23,6
28.4,1,23,6,0,23,6,2,23,6,1,23,6,0,23,6,2,23,6,1,23,6,0,23,6,2,23,6,1,23,6,0,23,6,2,23,6,1,23,6,0,23,6,2,23,6
28.5,1,23,6,0,23,6,2,23,6,1,23,6,0,23,6,2,23,6,1,23,6,0,23,6,2,23,6,1,23,6,0,23,6,2,23,6,1,23,6,0,23,6,2,23,6
28.6,2,23,6,0,23,6,1,23,6,2,23,6,1,23,6,0,23,6,2,23,6,1,23,6,1,23,6,2,23,6,0,23,6,0,23,6,1,23,6,1,23,6,2,23,6
28.7,2,23,6,0,23,6,1,23,6,2,23,6,1,23,6,0,23,6,2,23,6,1,23,6,1,23,6,2,23,6,0,23,6,0,23,6,1,23,6,1,23,6,2,23,6
28.8,2,23,6,0,23,6,1,23,6,2,23,6,1,23,6,0,23,6,2,23,6,1,23,6,1,23,6,2,23,6,0,23,6,0,23,6,1,23,6,1,23,6,2,23,6
28.9,2,23,6,0,23,6,1,23,6,2,23,6,1,23,6,0,23,6,2,23,6,1,23,6,1,23,6,2,23,6,0,23,6,0,23,6,1,23,6,1,23,6,2,23,6
29,2,23,6,0,23,6,1,23,6,2,23,6,1,23,6,0,23,6,2,23,6,1,23,6,1,23,6,2,23,6,0,23,6,0,23,6,1,23,6,1,23,6,2,23,6
29.1,2,23,6,1,23,6,0,23,6,2,23,6,1,23,6,0,23,6,2,23,6,1,23,6,1,23,6,2,23,6,0,23,6,0,23,6,1,23,6,1,23,6,2,23,6
29.2,2,23,6,1,23,6,0,23,6,2,23,6,1,23,6,0,23,6,2,23,6,1,23,6,1,23,6,2,23,6,0,23,6,0,23,6,1,23,6,1,23,6,2,23,6
29.3,2,23,6,1,23,6,0,23,6,2,23,6,1,23,6,0,23,6,2,23,6,1,23,6,1,23,6,2,23,6,0,23,6,0,23,6,1,23,6,1,23,6,2,23,6
29.4,2,23,6,1,23,6,0,23,6,2,23,6,1,23,6,0,23,6,2,23,6,1,23,6,1,23,6,2,23,6,0,23,6,0,23,6,1,23,6,1,23,6,2,23,6
29.5,2,23,6,1,23,6,0,23,6,2,23,6,1,23,6,0,23,6,2,23,6,1,23,6,1,23,6,2,23,6,0,23,6,0,23,6,1,23,6,1,23,6,2,23,6
29.6,2,23,6,1,23,6,0,23,6,2,23,6,1,23,6,0,23,6,2,23,6,1,23,6,0,23,6,2,23,6,1,23,6,0,23,6,2,23,6,1,23,6,0,23,6
29.7,2,23,6,1,23,6,0,23,6,2,23,6,1,23,6,0,23,6,2,23,6,1,23,6,0,23,6,2,23,6,1,23,6,0,23,6,2,23,6,1,23,6,0,23,6
29.8,2,23,6,1,23,6,0,23,6,2,23,6,1,23,6,0,23,6,2,23,6,1,23,6,0,23,6,2,23,6,1,23,6,0,23,6,2,23,6,1,23,6,0,23,6
29.9,2,23,6,1,23,6,0,23,6,2,23,6,1,23,6,0,23,6,2,23,6,1,23,6,0,23,6,2,23,6,1,23,6,0,23,6,2,23,6,1,23,6,0,23,6
30,2,23,6,1,23,6,0,23,6,2,23,6,1,23,6,0,23,6,2,23,6,1,23,6,0,23,6,2,23,6,1,23,6,0,23,6,2,23,6,1,23,6,0,23,6
30.1,2,23,6,1,23,6,0,23,6,2,23,6,1,23,6,0,23,6,2,23,6,1,23,6,1,23,6,2,23,6,0,23,6,0,23,6,2,23,6,1,23,6,1,23,6
30.2,2,23,6,1,23,6,0,23,6,2,23,6,1,23,6,0,23,6,2,23,6,1,23,6,1,23,6,2,23,6,0,23,6,0,23,6,2,23,6,1,23,6,1,23,6
30.3,2,23,6,1,23,6,0,23,6,2,23,6,1,23,6,0,23,6,2,23,6,1,23,6,1,23,6,2,23,6,0,23,6,0,23,6,2,23,6,1,23,6,1,23,6
30.4,2,23,6,1,23,6,0,23,6,2,23,6,1,23,6,0,23,6,2,23,6,1,23,6,1,23,6,2,23,6,0,23,6,0,23,6,2,23,6,1,23,6,1,23,6
30.5,2,23,6,1,23,6,0,23,6,2,23,6,1,23,6,0,23,6,2,23,6,1,23,6,1,23,6,2,23,6,0,23,6,0,23,6,2,23,6,1,23,6,1,23,6
30.6,1,23,6,2,23,6,0,23,6,1,23,6,0,23,6,2,23,6,1,23,6,0,23,6,2,23,6,1,23,6,0,23,6,2,23,6,1,23,6,0,23,6,2,23,6
30.7,1,23,6,2,23,6,0,23,6,1,23,6,0,23,6,2,23,6,1,23,6,0,23,6,2,23,6,1,23,6,0,23,6,2,23,6,1,23,6,0,23,6,2,23,6
30.8,1,23,6,2,23,6,0,23,6,1,23,6,0,23,6,2,23,6,1,23,6,0,23,6,2,23,6,1,23,6,0,23,6,2,23,6,1,23,6,0,23,6,2,23,6
30.9,1,23,6,2,23,6,0,23,6,1,23,6,0,23,6,2,23,6,1,23,6,0,23,6,2,23,6,1,23,6,0,23,6,2,23,6,1,23,6,0,23,6,2,23,6
31,1,23,6,2,23,6,0,23,6,1,23,6,0,23,6,2,23,6,1,23,6,0,23,6,2,23,6,1,23,6,0,23,6,2,23,6,1,23,6,0,23,6,2,23,6
31.1,2,23,6,1,23,6,0,23,6,2,23,6,1,23,6,0,23,6,0,23,6,1,23,6,2,23,6,2,23,6,0,23,6,0,23,6,1,23,6,1,23,6,2,23,6
31.2,2,23,6,1,23,6,0,23,6,2,23,6,1,23,6,0,23,6,0,23,6,1,23,6,2,23,6,2,23,6,0,23,6,0,23,6,1,23,6,1,23,6,2,23,6
31.3,2,23,6,1,23,6,0,23,6,2,23,6,1,23,6,0,23,6,0,23,6,1,23,6,2,23,6,2,23,6,0,23,6,0,23,6,1,23,6,1,23,6,2,23,6
31.4,2,23,6,1,23,6,0,23,6,2,23,6,1,23,6,0,23,6,0,23,6,1,23,6,2,23,6,2,23,6,0,23,6,0,23,6,1,23,6,1,23,6,2,23,6
31.5,2,23,6,1,23,6,0,23,6,2,23,6,1,23,6,0,23,6,0,23,6,1,23,6,2,23,6,2,23,6,0,23,6,0,23,6,1,23,6,1,23,6,2,23,6
31.6,0,23,6,1,23,6,2,23,6,0,23,6,1,23,6,2,23,6,1,23,6,0,23,6,0,23,6,1,23,6,1,23,6,2,23,6,2,23,6,0,23,6,0,23,6
31.7,0,23,6,1,23,6,2,23,6,0,23,6,1,23,6,2,23,6,1,23,6,0,23,6,0,23,6,1,23,6,1,23,6,2,23,6,2,23,6,0,23,6,0,23,6
31.8,0,23,6,1,23,6,2,23,6,0,23,6,1,23,6,2,23,6,1,23,6,0,23,6,0,23,6,1,23,6,1,23,6,2,23,6,2,23,6,0,23,6,0,23,6
31.9,0,23,6,1,23,6,2,23,6,0,23,6,1,23,6,2,23,6,1,23,6,0,23,6,0,23,6,1,23,6,1,23,6,2,23,6,2,23,6,0,23,6,0,23,6
32,0,23,6,1,23,6,2,23,6,0,23,6,1,23,6,2,23,6,1,23,6,0,23,6,0,23,6,1,23,6,1,23,6,2,23,6,2,23,6,0,23,6,0,23,6
32.1,2,23,6,0,23,6,2,23,6,1,23,6,0,23,6,1,23,6,0,23,6,2,23,6,1,23,6,0,23,6,0,23,6,1,23,6,2,23,6,2,23,6,1,23,6
32.2,2,23,6,0,23,6,2,23,6,1,23,6,0,23,6,1,23,6,0,23,6,2,23,6,1,23,6,0,23,6,0,23,6,1,23,6,2,23,6,2,23,6,1,23,6
32.3,2,23,6,0,23,6,2,23,6,1,23,6,0,23,6,1,23,6,0,23,6,2,23,6,1,23,6,0,23,6,0,23,6,1,23,6,2,23,6,2,23,6,1,23,6
32.4,2,23,6,0,23,6,2,23,6,1,23,6,0,23,6,1,23,6,0,23,6,2,23,6,1,23,6,0,23,6,0,23,6,1,23,6,2,23,6,2,23,6,1,23,6
32.5,2,23,6,0,23,6,2,23,6,1,23,6,0,23,6,1,23,6,0,23,6,2,23,6,1,23,6,0,23,6,0,23,6,1,23,6,2,23,6,2,23,6,1,23,6
32.6,1,23,6,0,23,6,1,23,6,2,23,6,2,23,6,0,23,6,2,23,6,1,23,6,0,23,6,2,23,6,1,23,6,0,23,6,2,23,6,1,23,6,0,23,6
32.7,1,23,6,0,23,6,1,23,6,2,23,6,2,23,6,0,23,6,2,23,6,1,23,6,0,23,6,2,23,6,1,23,6,0,23,6,2,23,6,1,23,6,0,23,6
32.8,1,23,6,0,23,6,1,23,6,2,23,6,2,23,6,0,23,6,2,23,6,1,23,6,0,23,6,2,23,6,1,23,6,0,23,6,2,23,6,1,23,6,0,23,6
32.9,1,23,6,0,23,6,1,23,6,2,23,6,2,23,6,0,23,6,2,23,6,1,23,6,0,23,6,2,23,6,1,23,6,0,23,6,2,23,6,1,23,6,0,23,6
33,1,23,6,0,23,6,1,23,6,2,23,6,2,23,6,0,23,6,2,23,6,1,23,6,0,23,6,2,23,6,1,23,6,0,23,6,2,23,6,1,23,6,0,23,6
33.1,0,23,6,2,23,6,0,23,6,1,23,6,2,23,6,0,23,6,2,23,6,1,23,6,0,23,6,2,23,6,1,23,6,0,23,6,2,23,6,1,23,6,0,23,6
33.2,0,23,6,2,23,6,0,23,6,1,23,6,2,23,6,0,23,6,2,23,6,1,23,6,0,23,6,2,23,6,1,23,6,0,23,6,2,23,6,1,23,6,0,23,6
33.3,0,23,6,2,23,6,0,23,6,1,23,6,2,23,6,0,23,6,2,23,6,1,23,6,0,23,6,2,23,6,1,23,6,0,23,6,2,23,6,1,23,6,0,23,6
33.4,0,23,6,2,23,6,0,23,6,1,23,6,2,23,6,0,23,6,2,23,6,1,23,6,0,23,6,2,23,6,1,23,6,0,23,6,2,23,6,1,23,6,0,23,6
33.5,0,23,6,2,23,6,0,23,6,1,23,6,2,23,6,0,23,6,2,23,6,1,23,6,0,23,6,2,23,6,1,23,6,0,23,6,2,23,6,1,23,6,0,23,6
33.6,1,23,6,0,23,6,1,23,6,2,23,6,2,23,6,0,23,6,2,23,6,1,23,6,0,23,6,2,23,6,1,23,6,0,23,6,2,23,6,1,23,6,0,23,6
33.7,1,23,6,0,23,6,1,23,6,2,23,6,2,23,6,0,23,6,2,23,6,1,23,6,0,23,6,2,23,6,1,23,6,0,23,6,2,23,6,1,23,6,0,23,6
33.8,1,23,6,0,23,6,1,23,6,2,23,6,2,23,6,0,23,6,2,23,6,1,23,6,0,23,6,2,23,6,1,23,6,0,23,6,2,23,6,1,23,6,0,23,6
33.9,1,23,6,0,23,6,1,23,6,2,23,6,2,23,6,0,23,6,2,23,6,1,23,6,0,23,6,2,23,6,1,23,6,0,23,6,2,23,6,1,23,6,0,23,6
34,1,23,6,0,23,6,1,23,6,2,23,6,2,23,6,0,23,6,2,23,6,1,23,6,0,23,6,2,23,6,1,23,6,0,23,6,2,23,6,1,23,6,0,23,6
34.1,1,23,6,0,23,6,1,23,6,2,23,6,2,23,6,0,23,6,2,23,6,1,23,6,0,23,6,2,23,6,1,23,6,0,23,6,2,23,6,1,23,6,0,23,6
34.2,1,23,6,0,23,6,1,23,6,2,23,6,2,23,6,0,23,6,2,23,6,1,23,6,0,23,6,2,23,6,1,23,6,0,23,6,2,23,6,1,23,6,0,23,6
34.3,1,23,6,0,23,6,1,23,6,2,23,6,2,23,6,0,23,6,2,23,6,1,23,6,0,23,6,2,23,6,1,23,6,0,23,6,2,23,6,1,23,6,0,23,6
34.4,1,23,6,0,23,6,1,23,6,2,23,6,2,23,6,0,23,6,2,23,6,1,23,6,0,23,6,2,23,6,1,23,6,0,23,6,2,23,6,1,23,6,0,23,6
34.5,1,23,6,0,23,6,1,23,6,2,23,6,2,23,6,0,23,6,2,23,6,1,23,6,0,23,6,2,23,6,1,23,6,0,23,6,2,23,6,1,23,6,0,23,6
34.6,1,23,6,0,23,6,1,23,6,2,23,6,2,23,6,0,23,6,2,23,6,1,23,6,0,23,6,2,23,6,1,23,6,0,23,6,2,23,6,1,23,6,0,23,6
34.7,1,23,6,0,23,6,1,23,6,2,23,6,2,23,6,0,23,6,2,23,6,1,23,6,0,23,6,2,23,6,1,23,6,0,23,6,2,23,6,1,23,6,0,23,6
34.8,1,23,6,0,23,6,1,23,6,2,23,6,2,23,6,0,23,6,2,23,6,1,23,6,0,23,6,2,23,6,1,23,6,0,23,6,2,23,6,1,23,6,0,23,6
34.9,1,23,6,0,23,6,1,23,6,2,23,6,2,23,6,0,23,6,2,23,6,1,23,6,0,23,6,2,23,6,1,23,6,0,23,6,2,23,6,1,23,6,0,23,6
35,1,23,6,0,23,6,1,23,6,2,23,6,2,23,6,0,23,6,2,23,6,1,23,6,0,23,6,2,23,6,1,23,6,0,23,6,2,23,6,1,23,6,0,23,6
35.1,1,23,6,0,23,6,1,23,6,2,23,6,2,23,6,0,23,6,2,23,9,1,23,6,0,23,6,2,23,6,1,23,6,0,23,6,2,23,6,1,23,6,0,23,6
35.2,1,23,6,0,23,6,1,23,6,2,23,6,2,23,6,0,23,6,2,23,9,1,23,6,0,23,6,2,23,6,1,23,6,0,23,6,2,23,6,1,23,6,0,23,6
35.3,1,23,6,0,23,6,1,23,6,2,23,6,2,23,6,0,23,6,2,23,9,1,23,6,0,23,6,2,23,6,1,23,6,0,23,6,2,23,6,1,23,6,0,23,6
35.4,1,23,6,0,23,6,1,23,6,2,23,6,2,23,6,0,23,6,2,23,9,1,23,6,0,23,6,2,23,6,1,23,6,0,23,6,2,23,6,1,23,6,0,23,6
35.5,1,23,6,0,23,6,1,23,6,2,23,6,2,23,6,0,23,6,2,23,9,1,23,6,0,23,6,2,23,6,1,23,6,0,23,6,2,23,6,1,23,6,0,23,6
35.6,0,23,6,1,23,6,0,23,6,2,23,6,1,23,6,0,23,6,2,23,9,1,23,6,0,23,6,2,23,6,1,23,6,0,23,6,2,23,6,1,23,6,0,23,6
35.7,0,23,6,1,23,6,0,23,6,2,23,6,1,23,6,0,23,6,2,23,9,1,23,6,0,23,6,2,23,6,1,23,6,0,23,6,2,23,6,1,23,6,0,23,6
35.8,0,23,6,1,23,6,0,23,6,2,23,6,1,23,6,0,23,6,2,23,9,1,23,6,0,23,6,2,23,6,1,23,6,0,23,6,2,23,6,1,23,6,0,23,6
35.9,0,23,6,1,23,6,0,23,6,2,23,6,1,23,6,0,23,6,2,23,9,1,23,6,0,23,6,2,23,6,1,23,6,0,23,6,2,23,6,1,23,6,0,23,6
36,0,23,6,1,23,6,0,23,6,2,23,6,1,23,6,0,23,6,2,23,9,1,23,6,0,23,6,2,23,6,1,23,6,0,23,6,2,23,6,1,23,6,0,23,6
36.1,0,23,6,1,23,6,2,23,6,2,23,6,1,23,18,0,23,6,0,23,12,1,23,6,2,23,6,2,23,6,1,23,6,0,23,6,2,23,6,1,23,6,0,23,6
36.2,0,23,6,1,23,6,2,23,6,2,23,6,1,23,18,0,23,6,0,23,12,1,23,6,2,23,6,2,23,6,1,23,6,0,23,6,2,23,6,1,23,6,0,23,6
36.3,0,23,6,1,23,6,2,23,6,2,23,6,1,23,18,0,23,6,0,23,12,1,23,6,2,23,6,2,23,6,1,23,6,0,23,6,2,23,6,1,23,6,0,23,6
36.4,0,23,6,1,23,6,2,23,6,2,23,6,1,23,18,0,23,6,0,23,12,1,23,6,2,23,6,2,23,6,1,23,6,0,23,6,2,23,6,1,23,6,0,23,6
36.5,0,23,6,1,23,6,2,23,6,2,23,6,1,23,18,0,23,6,0,23,12,1,23,6,2,23,6,2,23,6,1,23,6,0,23,6,2,23,6,1,23,6,0,23,6
36.6,0,23,6,1,23,6,2,23,6,2,23,6,1,23,6,0,23,6,0,23,18,1,23,6,2,23,6,2,23,6,1,23,6,0,23,6,2,23,6,1,23,6,0,23,6
36.7,0,23,6,1,23,6,2,23,6,2,23,6,1,23,6,0,23,6,0,23,18,1,23,6,2,23,6,2,23,6,1,23,6,0,23,6,2,23,6,1,23,6,0,23,6
36.8,0,23,6,1,23,6,2,23,6,2,23,6,1,23,6,0,23,6,0,23,18,1,23,6,2,23,6,2,23,6,1,23,6,0,23,6,2,23,6,1,23,6,0,23,6
36.9,0,23,6,1,23,6,2,23,6,2,23,6,1,23,6,0,23,6,0,23,18,1,23,6,2,23,6,2,23,6,1,23,6,0,23,6,2,23,6,1,23,6,0,23,6
37,0,23,6,1,23,6,2,23,6,2,23,6,1,23,6,0,23,6,0,23,18,1,23,6,2,23,6,2,23,6,1,23,6,0,23,6,2,23,6,1,23,6,0,23,6
37.1,1,23,6,2,23,6,2,23,6,0,23,6,1,23,6,1,23,6,0,23,18,1,23,6,2,23,6,2,23,6,1,23,6,0,23,6,2,23,6,1,23,6,0,23,6
37.2,1,23,6,2,23,6,2,23,6,0,23,6,1,23,6,1,23,6,0,23,18,1,23,6,2,23,6,2,23,6,1,23,6,0,23,6,2,23,6,1,23,6,0,23,6
37.3,1,23,6,2,23,6,2,23,6,0,23,6,1,23,6,1,23,6,0,23,18,1,23,6,2,23,6,2,23,6,1,23,6,0,23,6,2,23,6,1,23,6,0,23,6
37.4,1,23,6,2,23,6,2,23,6,0,23,6,1,23,6,1,23,6,0,23,18,1,23,6,2,23,6,2,23,6,1,23,6,0,23,6,2,23,6,1,23,6,0,23,6
37.5,1,23,6,2,23,6,2,23,6,0,23,6,1,23,6,1,23,6,0,23,18,1,23,6,2,23,6,2,23,6,1,23,6,0,23,6,2,23,6,1,23,6,0,23,6
37.6,0,23,6,1,23,6,0,23,6,2,23,6,2,23,6,0,23,6,1,23,12,0,23,6,0,23,6,1,23,6,2,23,6,2,23,6,1,23,6,0,23,6,0,23,6
37.7,0,23,6,1,23,6,0,23,6,2,23,6,2,23,6,0,23,6,1,23,12,0,23,6,0,23,6,1,23,6,2,23,6,2,23,6,1,23,6,0,23,6,0,23,6
37.8,0,23,6,1,23,6,0,23,6,2,23,6,2,23,6,0,23,6,1,23,12,0,23,6,0,23,6,1,23,6,2,23,6,2,23,6,1,23,6,0,23,6,0,23,6
37.9,0,23,6,1,23,6,0,23,6,2,23,6,2,23,6,0,23,6,1,23,12,0,23,6,0,23,6,1,23,6,2,23,6,2,23,6,1,23,6,0,23,6,0,23,6
38,0,23,6,1,23,6,0,23,6,2,23,6,2,23,6,0,23,6,1,23,12,0,23,6,0,23,6,1,23,6,2,23,6,2,23,6,1,23,6,0,23,6,0,23,6
38.1,0,23,6,1,23,6,0,23,6,2,23,6,2,23,6,0,23,6,1,23,12,0,23,6,0,23,6,1,23,6,2,23,6,2,23,6,1,23,6,0,23,6,0,23,6
38.2,0,23,6,1,23,6,0,23,6,2,23,6,2,23,6,0,23,6,1,23,12,0,23,6,0,23,6,1,23,6,2,23,6,2,23,6,1,23,6,0,23,6,0,23,6
38.3,0,23,6,1,23,6,0,23,6,2,23,6,2,23,6,0,23,6,1,23,12,0,23,6,0,23,6,1,23,6,2,23,6,2,23,6,1,23,6,0,23,6,0,23,6
38.4,0,23,6,1,23,6,0,23,6,2,23,6,2,23,6,0,23,6,1,23,12,0,23,6,0,23,6,1,23,6,2,23,6,2,23,6,1,23,6,0,23,6,0,23,6
38.5,0,23,6,1,23,6,0,23,6,2,23,6,2,23,6,0,23,6,1,23,12,0,23,6,0,23,6,1,23,6,2,23,6,2,23,6,1,23,6,0,23,6,0,23,6
38.6,0,23,6,1,23,6,1,23,6,2,23,6,1,23,6,0,23,6,2,23,12,1,23,6,0,23,6,2,23,6,1,23,6,0,23,6,2,23,6,1,23,6,0,23,6
38.7,0,23,6,1,23,6,1,23,6,2,23,6,1,23,6,0,23,6,2,23,12,1,23,6,0,23,6,2,23,6,1,23,6,0,23,6,2,23,6,1,23,6,0,23,6
38.8,0,23,6,1,23,6,1,23,6,2,23,6,1,23,6,0,23,6,2,23,12,1,23,6,0,23,6,2,23,6,1,23,6,0,23,6,2,23,6,1,23,6,0,23,6
38.9,0,23,6,1,23,6,1,23,6,2,23,6,1,23,6,0,23,6,2,23,12,1,23,6,0,23,6,2,23,6,1,23,6,0,23,6,2,23,6,1,23,6,0,23,6
39,0,23,6,1,23,6,1,23,6,2,23,6,1,23,6,0,23,6,2,23,12,1,23,6,0,23,6,2,23,6,1,23,6,0,23,6,2,23,6,1,23,6,0,23,6
39.1,0,23,6,1,23,6,1,23,6,2,23,6,1,23,6,0,23,6,2,23,12,1,23,6,0,23,6,2,23,6,1,23,6,0,23,6,2,23,6,1,23,6,0,23,6
39.2,0,23,6,1,23,6,1,23,6,2,23,6,1,23,6,0,23,6,2,23,12,1,23,6,0,23,6,2,23,6,1,23,6,0,23,6,2,23,6,1,23,6,0,23,6
39.3,0,23,6,1,23,6,1,23,6,2,23,6,1,23,6,0,23,6,2,23,12,1,23,6,0,23,6,2,23,6,1,23,6,0,23,6,2,23,6,1,23,6,0,23,6
39.4,0,23,6,1,23,6,1,23,6,2,23,6,1,23,6,0,23,6,2,23,12,1,23,6,0,23,6,2,23,6,1,23,6,0,23,6,2,23,6,1,23,6,0,23,6
39.5,0,23,6,1,23,6,1,23,6,2,23,6,1,23,6,0,23,6,2,23,12,1,23,6,0,23,6,2,23,6,1,23,6,0,23,6,2,23,6,1,23,6,0,23,6
39.6,0,23,6,1,23,6,1,23,6,2,23,6,1,23,6,0,23,6,2,23,9,1,23,6,0,23,6,2,23,6,1,23,6,0,23,6,2,23,6,1,23,6,0,23,6
39.7,0,23,6,1,23,6,1,23,6,2,23,6,1,23,6,0,23,6,2,23,9,1,23,6,0,23,6,2,23,6,1,23,6,0,23,6,2,23,6,1,23,6,0,23,6
39.8,0,23,6,1,23,6,1,23,6,2,23,6,1,23,6,0,23,6,2,23,9,1,23,6,0,23,6,2,23,6,1,23,6,0,23,6,2,23,6,1,23,6,0,23,6
39.9,0,23,6,1,23,6,1,23,6,2,23,6,1,23,6,0,23,6,2,23,9,1,23,6,0,23,6,2,23,6,1,23,6,0,23,6,2,23,6,1,23,6,0,23,6
40,0,23,6,1,23,6,1,23,6,2,23,6,1,23,6,0,23,6,2,23,9,1,23,6,0,23,6,2,23,6,1,23,6,0,23,6,2,23,6,1,23,6,0,23,6
40.1,0,23,6,1,23,6,1,23,6,2,23,6,1,23,6,0,23,6,2,23,6,1,23,6,0,23,6,2,23,6,1,23,6,0,23,6,2,23,6,1,23,6,0,23,6
40.2,0,23,6,1,23,6,1,23,6,2,23,6,1,23,6,0,23,6,2,23,6,1,23,6,0,23,6,2,23,6,1,23,6,0,23,6,2,23,6,1,23,6,0,23,6
40.3,0,23,6,1,23,6,1,23,6,2,23,6,1,23,6,0,23,6,2,23,6,1,23,6,0,23,6,2,23,6,1,23,6,0,23,6,2,23,6,1,23,6,0,23,6
40.4,0,23,6,1,23,6,1,23,6,2,23,6,1,23,6,0,23,6,2,23,6,1,23,6,0,23,6,2,23,6,1,23,6,0,23,6,2,23,6,1,23,6,0,23,6
40.5,0,23,6,1,23,6,1,23,6,2,23,6,1,23,6,0,23,6,2,23,6,1,23,6,0,23,6,2,23,6,1,23,6,0,23,6,2,23,6,1,23,6,0,23,6
40.6,0,23,6,1,23,6,1,23,6,2,23,6,1,23,6,0,23,6,2,23,6,1,23,6,0,23,6,2,23,6,1,23,6,0,23,6,2,23,6,1,23,6,0,23,6
40.7,0,23,6,1,23,6,1,23,6,2,23,6,1,23,6,0,23,6,2,23,6,1,23,6,0,23,6,2,23,6,1,23,6,0,23,6,2,23,6,1,23,6,0,23,6
40.8,0,23,6,1,23,6,1,23,6,2,23,6,1,23,6,0,23,6,2,23,6,1,23,6,0,23,6,2,23,6,1,23,6,0,23,6,2,23,6,1,23,6,0,23,6
40.9,0,23,6,1,23,6,1,23,6,2,23,6,1,23,6,0,23,6,2,23,6,1,23,6,0,23,6,2,23,6,1,23,6,0,23,6,2,23,6,1,23,6,0,23,6
41,0,23,6,1,23,6,1,23,6,2,23,6,1,23,6,0,23,6,2,23,6,1,23,6,0,23,6,2,23,6,1,23,6,0,23,6,2,23,6,1,23,6,0,23,6
41.1,0,23,6,1,23,6,1,23,6,2,23,6,1,23,6,0,23,6,2,23,6,1,23,6,0,23,6,2,23,6,1,23,6,0,23,6,2,23,6,1,23,6,0,23,6
41.2,0,23,6,1,23,6,1,23,6,2,23,6,1,23,6,0,23,6,2,23,6,1,23,6,0,23,6,2,23,6,1,23,6,0,23,6,2,23,6,1,23,6,0,23,6
41.3,0,23,6,1,23,6,1,23,6,2,23,6,1,23,6,0,23,6,2,23,6,1,23,6,0,23,6,2,23,6,1,23,6,0,23,6,2,23,6,1,23,6,0,23,6
41.4,0,23,6,1,23,6,1,23,6,2,23,6,1,23,6,0,23,6,2,23,6,1,23,6,0,23,6,2,23,6,1,23,6,0,23,6,2,23,6,1,23,6,0,23,6
41.5,0,23,6,1,23,6,1,23,6,2,23,6,1,23,6,0,23,6,2,23,6,1,23,6,0,23,6,2,23,6,1,23,6,0,23,6,2,23,6,1,23,6,0,23,6
41.6,1,23,6,0,23,6,1,23,6,2,23,6,1,23,6,0,23,18,2,23,6,1,23,6,0,23,6,2,23,6,1,23,6,0,23,6,2,23,6,1,23,6,0,23,6
41.7,1,23,6,0,23,6,1,23,6,2,23,6,1,23,6,0,23,18,2,23,6,1,23,6,0,23,6,2,23,6,1,23,6,0,23,6,2,23,6,1,23,6,0,23,6
41.8,1,23,6,0,23,6,1,23,6,2,23,6,1,23,6,0,23,18,2,23,6,1,23,6,0,23,6,2,23,6,1,23,6,0,23,6,2,23,6,1,23,6,0,23,6
41.9,1,23,6,0,23,6,1,23,6,2,23,6,1,23,6,0,23,18,2,23,6,1,23,6,0,23,6,2,23,6,1,23,6,0,23,6,2,23,6,1,23,6,0,23,6
42,1,23,6,0,23,6,1,23,6,2,23,6,1,23,6,0,23,18,2,23,6,1,23,6,0,23,6,2,23,6,1,23,6,0,23,6,2,23,6,1,23,6,0,23,6
42.1,2,23,6,1,23,6,0,23,6,2,23,6,2,23,6,0,23,6,1,23,6,1,23,6,0,23,6,2,23,6,1,23,6,0,23,6,2,23,6,1,23,6,0,23,6
42.2,2,23,6,1,23,6,0,23,6,2,23,6,2,23,6,0,23,6,1,23,6,1,23,6,0,23,6,2,23,6,1,23,6,0,23,6,2,23,6,1,23,6,0,23,6
42.3,2,23,6,1,23,6,0,23,6,2,23,6,2,23,6,0,23,6,1,23,6,1,23,6,0,23,6,2,23,6,1,23,6,0,23,6,2,23,6,1,23,6,0,23,6
42.4,2,23,6,1,23,6,0,23,6,2,23,6,2,23,6,0,23,6,1,23,6,1,23,6,0,23,6,2,23,6,1,23,6,0,23,6,2,23,6,1,23,6,0,23,6
42.5,2,23,6,1,23,6,0,23,6,2,23,6,2,23,6,0,23,6,1,23,6,1,23,6,0,23,6,2,23,6,1,23,6,0,23,6,2,23,6,1,23,6,0,23,6
42.6,2,23,12,1,23,6,0,23,6,2,23,6,1,23,12,0,23,12,1,23,6,1,23,12,0,23,6,2,23,6,1,23,6,0,23,6,2,23,6,1,23,12,0,23,6
42.7,2,23,12,1,23,6,0,23,6,2,23,6,1,23,12,0,23,12,1,23,6,1,23,12,0,23,6,2,23,6,1,23,6,0,23,6,2,23,6,1,23,12,0,23,6
42.8,2,23,12,1,23,6,0,23,6,2,23,6,1,23,12,0,23,12,1,23,6,1,23,12,0,23,6,2,23,6,1,23,6,0,23,6,2,23,6,1,23,12,0,23,6
42.9,2,23,12,1,23,6,0,23,6,2,23,6,1,23,12,0,23,12,1,23,6,1,23,12,0,23,6,2,23,6,1,23,6,0,23,6,2,23,6,1,23,12,0,23,6
43,2,23,12,1,23,6,0,23,6,2,23,6,1,23,12,0,23,12,1,23,6,1,23,12,0,23,6,2,23,6,1,23,6,0,23,6,2,23,6,1,23,12,0,23,6
43.1,1,23,12,0,23,6,2,23,6,1,23,6,0,23,18,2,23,6,0,23,6,1,23,18,0,23,6,2,23,6,1,23,6,0,23,6,2,23,6,1,23,12,0,23,6
43.2,1,23,12,0,23,6,2,23,6,1,23,6,0,23,18,2,23,6,0,23,6,1,23,18,0,23,6,2,23,6,1,23,6,0,23,6,2,23,6,1,23,12,0,23,6
43.3,1,23,12,0,23,6,2,23,6,1,23,6,0,23,18,2,23,6,0,23,6,1,23,18,0,23,6,2,23,6,1,23,6,0,23,6,2,23,6,1,23,12,0,23,6
43.4,1,23,12,0,23,6,2,23,6,1,23,6,0,23,18,2,23,6,0,23,6,1,23,18,0,23,6,2,23,6,1,23,6,0,23,6,2,23,6,1,23,12,0,23,6
43.5,1,23,12,0,23,6,2,23,6,1,23,6,0,23,18,2,23,6,0,23,6,1,23,18,0,23,6,2,23,6,1,23,6,0,23,6,2,23,6,1,23,12,0,23,6
43.6,0,23,9,2,23,6,2,23,6,0,23,6,2,23,12,1,23,6,1,23,6,0,23,12,2,23,6,2,23,6,1,23,6,0,23,6,2,23,6,1,23,9,0,23,6
43.7,0,23,9,2,23,6,2,23,6,0,23,6,2,23,12,1,23,6,1,23,6,0,23,12,2,23,6,2,23,6,1,23,6,0,23,6,2,23,6,1,23,9,0,23,6
43.8,0,23,9,2,23,6,2,23,6,0,23,6,2,23,12,1,23,6,1,23,6,0,23,12,2,23,6,2,23,6,1,23,6,0,23,6,2,23,6,1,23,9,0,23,6
43.9,0,23,9,2,23,6,2,23,6,0,23,6,2,23,12,1,23,6,1,23,6,0,23,12,2,23,6,2,23,6,1,23,6,0,23,6,2,23,6,1,23,9,0,23,6
44,0,23,9,2,23,6,2,23,6,0,23,6,2,23,12,1,23,6,1,23,6,0,23,12,2,23,6,2,23,6,1,23,6,0,23,6,2,23,6,1,23,9,0,23,6
44.1,0,23,9,2,23,6,2,23,6,0,23,6,2,23,12,1,23,6,1,23,6,0,23,12,2,23,6,2,23,6,1,23,6,0,23,6,2,23,6,1,23,6,0,23,6
44.2,0,23,9,2,23,6,2,23,6,0,23,6,2,23,12,1,23,6,1,23,6,0,23,12,2,23,6,2,23,6,1,23,6,0,23,6,2,23,6,1,23,6,0,23,6
44.3,0,23,9,2,23,6,2,23,6,0,23,6,2,23,12,1,23,6,1,23,6,0,23,12,2,23,6,2,23,6,1,23,6,0,23,6,2,23,6,1,23,6,0,23,6
44.4,0,23,9,2,23,6,2,23,6,0,23,6,2,23,12,1,23,6,1,23,6,0,23,12,2,23,6,2,23,6,1,23,6,0,23,6,2,23,6,1,23,6,0,23,6
44.5,0,23,9,2,23,6,2,23,6,0,23,6,2,23,12,1,23,6,1,23,6,0,23,12,2,23,6,2,23,6,1,23,6,0,23,6,2,23,6,1,23,6,0,23,6
44.6,1,23,12,0,23,6,0,23,6,2,23,6,1,23,12,0,23,6,2,23,6,1,23,6,0,23,6,2,23,6,1,23,9,0,23,6,2,23,6,1,23,6,0,23,6
44.7,1,23,12,0,23,6,0,23,6,2,23,6,1,23,12,0,23,6,2,23,6,1,23,6,0,23,6,2,23,6,1,23,9,0,23,6,2,23,6,1,23,6,0,23,6
44.8,1,23,12,0,23,6,0,23,6,2,23,6,1,23,12,0,23,6,2,23,6,1,23,6,0,23,6,2,23,6,1,23,9,0,23,6,2,23,6,1,23,6,0,23,6
44.9,1,23,12,0,23,6,0,23,6,2,23,6,1,23,12,0,23,6,2,23,6,1,23,6,0,23,6,2,23,6,1,23,9,0,23,6,2,23,6,1,23,6,0,23,6
45,1,23,12,0,23,6,0,23,6,2,23,6,1,23,12,0,23,6,2,23,6,1,23,6,0,23,6,2,23,6,1,23,9,0,23,6,2,23,6,1,23,6,0,23,6
45.1,2,23,12,0,23,6,0,23,6,2,23,6,1,23,12,0,23,6,2,23,6,1,23,6,0,23,9,2,23,6,1,23,24,0,23,6,2,23,6,1,23,6,0,23,6
45.2,2,23,12,0,23,6,0,23,6,2,23,6,1,23,12,0,23,6,2,23,6,1,23,6,0,23,9,2,23,6,1,23,24,0,23,6,2,23,6,1,23,6,0,23,6
45.3,2,23,12,0,23,6,0,23,6,2,23,6,1,23,12,0,23,6,2,23,6,1,23,6,0,23,9,2,23,6,1,23,24,0,23,6,2,23,6,1,23,6,0,23,6
45.4,2,23,12,0,23,6,0,23,6,2,23,6,1,23,12,0,23,6,2,23,6,1,23,6,0,23,9,2,23,6,1,23,24,0,23,6,2,23,6,1,23,6,0,23,6
45.5,2,23,12,0,23,6,0,23,6,2,23,6,1,23,12,0,23,6,2,23,6,1,23,6,0,23,9,2,23,6,1,23,24,0,23,6,2,23,6,1,23,6,0,23,6
45.6,2,23,12,1,23,6,1,23,6,0,23,6,0,23,12,2,23,6,2,23,6,1,23,6,0,23,18,2,23,6,1,23,18,0,23,6,2,23,9,1,23,6,0,23,6
45.7,2,23,12,1,23,6,1,23,6,0,23,6,0,23,12,2,23,6,2,23,6,1,23,6,0,23,18,2,23,6,1,23,18,0,23,6,2,23,9,1,23,6,0,23,6
45.8,2,23,12,1,23,6,1,23,6,0,23,6,0,23,12,2,23,6,2,23,6,1,23,6,0,23,18,2,23,6,1,23,18,0,23,6,2,23,9,1,23,6,0,23,6
45.9,2,23,12,1,23,6,1,23,6,0,23,6,0,23,12,2,23,6,2,23,6,1,23,6,0,23,18,2,23,6,1,23,18,0,23,6,2,23,9,1,23,6,0,23,6
46,2,23,12,1,23,6,1,23,6,0,23,6,0,23,12,2,23,6,2,23,6,1,23,6,0,23,18,2,23,6,1,23,18,0,23,6,2,23,9,1,23,6,0,23,6
46.1,2,23,12,1,23,6,0,23,6,2,23,6,1,23,6,0,23,6,2,23,6,1,23,6,0,23,12,2,23,6,1,23,9,0,23,6,2,23,12,1,23,6,0,23,6
46.2,2,23,12,1,23,6,0,23,6,2,23,6,1,23,6,0,23,6,2,23,6,1,23,6,0,23,12,2,23,6,1,23,9,0,23,6,2,23,12,1,23,6,0,23,6
46.3,2,23,12,1,23,6,0,23,6,2,23,6,1,23,6,0,23,6,2,23,6,1,23,6,0,23,12,2,23,6,1,23,9,0,23,6,2,23,12,1,23,6,0,23,6
46.4,2,23,12,1,23,6,0,23,6,2,23,6,1,23,6,0,23,6,2,23,6,1,23,6,0,23,12,2,23,6,1,23,9,0,23,6,2,23,12,1,23,6,0,23,6
46.5,2,23,12,1,23,6,0,23,6,2,23,6,1,23,6,0,23,6,2,23,6,1,23,6,0,23,12,2,23,6,1,23,9,0,23,6,2,23,12,1,23,6,0,23,6
46.6,0,23,6,1,23,6,2,23,6,2,23,24,1,23,6,0,23,6,2,23,6,1,23,6,0,23,9,2,23,6,1,23,6,0,23,6,2,23,6,1,23,6,0,23,6
46.7,0,23,6,1,23,6,2,23,6,2,23,24,1,23,6,0,23,6,2,23,6,1,23,6,0,23,9,2,23,6,1,23,6,0,23,6,2,23,6,1,23,6,0,23,6
46.8,0,23,6,1,23,6,2,23,6,2,23,24,1,23,6,0,23,6,2,23,6,1,23,6,0,23,9,2,23,6,1,23,6,0,23,6,2,23,6,1,23,6,0,23,6
46.9,0,23,6,1,23,6,2,23,6,2,23,24,1,23,6,0,23,6,2,23,6,1,23,6,0,23,9,2,23,6,1,23,6,0,23,6,2,23,6,1,23,6,0,23,6
47,0,23,6,1,23,6,2,23,6,2,23,24,1,23,6,0,23,6,2,23,6,1,23,6,0,23,9,2,23,6,1,23,6,0,23,6,2,23,6,1,23,6,0,23,6
47.1,0,23,6,1,23,6,2,23,6,0,23,24,1,23,6,2,23,6,2,23,6,1,23,6,0,23,9,0,23,6,1,23,6,2,23,6,2,23,6,1,23,6,0,23,6
47.2,0,23,6,1,23,6,2,23,6,0,23,24,1,23,6,2,23,6,2,23,6,1,23,6,0,23,9,0,23,6,1,23,6,2,23,6,2,23,6,1,23,6,0,23,6
47.3,0,23,6,1,23,6,2,23,6,0,23,24,1,23,6,2,23,6,2,23,6,1,23,6,0,23,9,0,23,6,1,23,6,2,23,6,2,23,6,1,23,6,0,23,6
47.4,0,23,6,1,23,6,2,23,6,0,23,24,1,23,6,2,23,6,2,23,6,1,23,6,0,23,9,0,23,6,1,23,6,2,23,6,2,23,6,1,23,6,0,23,6
47.5,0,23,6,1,23,6,2,23,6,0,23,24,1,23,6,2,23,6,2,23,6,1,23,6,0,23,9,0,23,6,1,23,6,2,23,6,2,23,6,1,23,6,0,23,6
47.6,0,23,6,1,23,6,2,23,6,0,23,24,1,23,6,2,23,6,2,23,9,1,23,6,0,23,9,0,23,6,1,23,6,2,23,6,2,23,6,1,23,6,0,23,6
47.7,0,23,6,1,23,6,2,23,6,0,23,24,1,23,6,2,23,6,2,23,9,1,23,6,0,23,9,0,23,6,1,23,6,2,23,6,2,23,6,1,23,6,0,23,6
47.8,0,23,6,1,23,6,2,23,6,0,23,24,1,23,6,2,23,6,2,23,9,1,23,6,0,23,9,0,23,6,1,23,6,2,23,6,2,23,6,1,23,6,0,23,6
47.9,0,23,6,1,23,6,2,23,6,0,23,24,1,23,6,2,23,6,2,23,9,1,23,6,0,23,9,0,23,6,1,23,6,2,23,6,2,23,6,1,23,6,0,23,6
48,0,23,6,1,23,6,2,23,6,0,23,24,1,23,6,2,23,6,2,23,9,1,23,6,0,23,9,0,23,6,1,23,6,2,23,6,2,23,6,1,23,6,0,23,6
48.1,0,23,6,2,23,6,1,23,6,0,23,9,2,23,6,2,23,6,1,23,6,1,23,6,0,23,6,0,23,12,1,23,6,2,23,6,2,23,6,1,23,6,0,23,6
48.2,0,23,6,2,23,6,1,23,6,0,23,9,2,23,6,2,23,6,1,23,6,1,23,6,0,23,6,0,23,12,1,23,6,2,23,6,2,23,6,1,23,6,0,23,6
48.3,0,23,6,2,23,6,1,23,6,0,23,9,2,23,6,2,23,6,1,23,6,1,23,6,0,23,6,0,23,12,1,23,6,2,23,6,2,23,6,1,23,6,0,23,6
48.4,0,23,6,2,23,6,1,23,6,0,23,9,2,23,6,2,23,6,1,23,6,1,23,6,0,23,6,0,23,12,1,23,6,2,23,6,2,23,6,1,23,6,0,23,6
48.5,0,23,6,2,23,6,1,23,6,0,23,9,2,23,6,2,23,6,1,23,6,1,23,6,0,23,6,0,23,12,1,23,6,2,23,6,2,23,6,1,23,6,0,23,6
48.6,0,23,6,2,23,6,1,23,6,0,23,6,2,23,6,2,23,6,1,23,6,1,23,6,0,23,6,0,23,9,1,23,6,2,23,6,2,23,6,1,23,6,0,23,6
48.7,0,23,6,2,23,6,1,23,6,0,23,6,2,23,6,2,23,6,1,23,6,1,23,6,0,23,6,0,23,9,1,23,6,2,23,6,2,23,6,1,23,6,0,23,6
48.8,0,23,6,2,23,6,1,23,6,0,23,6,2,23,6,2,23,6,1,23,6,1,23,6,0,23,6,0,23,9,1,23,6,2,23,6,2,23,6,1,23,6,0,23,6
48.9,0,23,6,2,23,6,1,23,6,0,23,6,2,23,6,2,23,6,1,23,6,1,23,6,0,23,6,0,23,9,1,23,6,2,23,6,2,23,6,1,23,6,0,23,6
49,0,23,6,2,23,6,1,23,6,0,23,6,2,23,6,2,23,6,1,23,6,1,23,6,0,23,6,0,23,9,1,23,6,2,23,6,2,23,6,1,23,6,0,23,6
49.1,0,23,6,2,23,6,1,23,6,0,23,6,0,23,6,2,23,6,2,23,6,1,23,6,1,23,6,0,23,6,1,23,6,2,23,6,2,23,6,1,23,6,0,23,6
49.2,0,23,6,2,23,6,1,23,6,0,23,6,0,23,6,2,23,6,2,23,6,1,23,6,1,23,6,0,23,6,1,23,6,2,23,6,2,23,6,1,23,6,0,23,6
49.3,0,23,6,2,23,6,1,23,6,0,23,6,0,23,6,2,23,6,2,23,6,1,23,6,1,23,6,0,23,6,1,23,6,2,23,6,2,23,6,1,23,6,0,23,6
49.4,0,23,6,2,23,6,1,23,6,0,23,6,0,23,6,2,23,6,2,23,6,1,23,6,1,23,6,0,23,6,1,23,6,2,23,6,2,23,6,1,23,6,0,23,6
49.5,0,23,6,2,23,6,1,23,6,0,23,6,0,23,6,2,23,6,2,23,6,1,23,6,1,23,6,0,23,6,1,23,6,2,23,6,2,23,6,1,23,6,0,23,6
49.6,0,23,6,2,23,6,1,23,6,0,23,6,0,23,6,2,23,6,2,23,6,1,23,6,1,23,6,0,23,6,1,23,6,2,23,6,2,23,6,1,23,6,0,23,6
49.7,0,23,6,2,23,6,1,23,6,0,23,6,0,23,6,2,23,6,2,23,6,1,23,6,1,23,6,0,23,6,1,23,6,2,23,6,2,23,6,1,23,6,0,23,6
49.8,0,23,6,2,23,6,1,23,6,0,23,6,0,23,6,2,23,6,2,23,6,1,23,6,1,23,6,0,23,6,1,23,6,2,23,6,2,23,6,1,23,6,0,23,6
49.9,0,23,6,2,23,6,1,23,6,0,23,6,0,23,6,2,23,6,2,23,6,1,23,6,1,23,6,0,23,6,1,23,6,2,23,6,2,23,6,1,23,6,0,23,6
50,0,23,6,2,23,6,1,23,6,0,23,6,0,23,6,2,23,6,2,23,6,1,23,6,1,23,6,0,23,6,1,23,6,2,23,6,2,23,6,1,23,6,0,23,6
50.1,0,23,6,1,23,6,2,23,6,0,23,6,0,23,6,2,23,6,1,23,6,1,23,6,2,23,6,0,23,6,1,23,6,2,23,6,2,23,6,1,23,6,0,23,6
50.2,0,23,6,1,23,6,2,23,6,0,23,6,0,23,6,2,23,6,1,23,6,1,23,6,2,23,6,0,23,6,1,23,6,2,23,6,2,23,6,1,23,6,0,23,6
50.3,0,23,6,1,23,6,2,23,6,0,23,6,0,23,6,2,23,6,1,23,6,1,23,6,2,23,6,0,23,6,1,23,6,2,23,6,2,23,6,1,23,6,0,23,6
50.4,0,23,6,1,23,6,2,23,6,0,23,6,0,23,6,2,23,6,1,23,6,1,23,6,2,23,6,0,23,6,1,23,6,2,23,6,2,23,6,1,23,6,0,23,6
50.5,0,23,6,1,23,6,2,23,6,0,23,6,0,23,6,2,23,6,1,23,6,1,23,6,2,23,6,0,23,6,1,23,6,2,23,6,2,23,6,1,23,6,0,23,6
50.6,0,23,6,1,23,6,2,23,6,0,23,6,0,23,6,2,23,6,1,23,6,1,23,6,2,23,6,0,23,6,1,23,6,2,23,6,2,23,6,1,23,6,0,23,6
50.7,0,23,6,1,23,6,2,23,6,0,23,6,0,23,6,2,23,6,1,23,6,1,23,6,2,23,6,0,23,6,1,23,6,2,23,6,2,23,6,1,23,6,0,23,6
50.8,0,23,6,1,23,6,2,23,6,0,23,6,0,23,6,2,23,6,1,23,6,1,23,6,2,23,6,0,23,6,1,23,6,2,23,6,2,23,6,1,23,6,0,23,6
50.9,0,23,6,1,23,6,2,23,6,0,23,6,0,23,6,2,23,6,1,23,6,1,23,6,2,23,6,0,23,6,1,23,6,2,23,6,2,23,6,1,23,6,0,23,6
51,0,23,6,1,23,6,2,23,6,0,23,6,0,23,6,2,23,6,1,23,6,1,23,6,2,23,6,0,23,6,1,23,6,2,23,6,2,23,6,1,23,6,0,23,6
51.1,2,23,6,0,23,6,1,23,6,2,23,6,2,23,6,1,23,6,0,23,6,0,23,6,1,23,6,2,23,6,2,23,6,1,23,6,1,23,6,0,23,6,0,23,6
51.2,2,23,6,0,23,6,1,23,6,2,23,6,2,23,6,1,23,6,0,23,6,0,23,6,1,23,6,2,23,6,2,23,6,1,23,6,1,23,6,0,23,6,0,23,6
51.3,2,23,6,0,23,6,1,23,6,2,23,6,2,23,6,1,23,6,0,23,6,0,23,6,1,23,6,2,23,6,2,23,6,1,23,6,1,23,6,0,23,6,0,23,6
51.4,2,23,6,0,23,6,1,23,6,2,23,6,2,23,6,1,23,6,0,23,6,0,23,6,1,23,6,2,23,6,2,23,6,1,23,6,1,23,6,0,23,6,0,23,6
51.5,2,23,6,0,23,6,1,23,6,2,23,6,2,23,6,1,23,6,0,23,6,0,23,6,1,23,6,2,23,6,2,23,6,1,23,6,1,23,6,0,23,6,0,23,6
51.6,0,23,6,2,23,6,1,23,6,0,23,6,2,23,6,1,23,6,0,23,6,2,23,6,1,23,6,0,23,6,0,23,6,1,23,6,1,23,6,2,23,6,2,23,6
51.7,0,23,6,2,23,6,1,23,6,0,23,6,2,23,6,1,23,6,0,23,6,2,23,6,1,23,6,0,23,6,0,23,6,1,23,6,1,23,6,2,23,6,2,23,6
51.8,0,23,6,2,23,6,1,23,6,0,23,6,2,23,6,1,23,6,0,23,6,2,23,6,1,23,6,0,23,6,0,23,6,1,23,6,1,23,6,2,23,6,2,23,6
51.9,0,23,6,2,23,6,1,23,6,0,23,6,2,23,6,1,23,6,0,23,6,2,23,6,1,23,6,0,23,6,0,23,6,1,23,6,1,23,6,2,23,6,2,23,6
52,0,23,6,2,23,6,1,23,6,0,23,6,2,23,6,1,23,6,0,23,6,2,23,6,1,23,6,0,23,6,0,23,6,1,23,6,1,23,6,2,23,6,2,23,6
52.1,1,23,6,0,23,6,2,23,6,1,23,6,0,23,6,2,23,6,1,23,6,0,23,6,2,23,6,1,23,6,1,23,6,2,23,6,2,23,6,0,23,6,0,23,6
52.2,1,23,6,0,23,6,2,23,6,1,23,6,0,23,6,2,23,6,1,23,6,0,23,6,2,23,6,1,23,6,1,23,6,2,23,6,2,23,6,0,23,6,0,23,6
52.3,1,23,6,0,23,6,2,23,6,1,23,6,0,23,6,2,23,6,1,23,6,0,23,6,2,23,6,1,23,6,1,23,6,2,23,6,2,23,6,0,23,6,0,23,6
52.4,1,23,6,0,23,6,2,23,6,1,23,6,0,23,6,2,23,6,1,23,6,0,23,6,2,23,6,1,23,6,1,23,6,2,23,6,2,23,6,0,23,6,0,23,6
52.5,1,23,6,0,23,6,2,23,6,1,23,6,0,23,6,2,23,6,1,23,6,0,23,6,2,23,6,1,23,6,1,23,6,2,23,6,2,23,6,0,23,6,0,23,6
52.6,2,23,6,1,23,6,0,23,6,2,23,6,1,23,6,0,23,6,0,23,6,1,23,6,2,23,6,2,23,6,1,23,6,0,23,6,0,23,6,1,23,6,2,23,6
52.7,2,23,6,1,23,6,0,23,6,2,23,6,1,23,6,0,23,6,0,23,6,1,23,6,2,23,6,2,23,6,1,23,6,0,23,6,0,23,6,1,23,6,2,23,6
52.8,2,23,6,1,23,6,0,23,6,2,23,6,1,23,6,0,23,6,0,23,6,1,23,6,2,23,6,2,23,6,1,23,6,0,23,6,0,23,6,1,23,6,2,23,6
52.9,2,23,6,1,23,6,0,23,6,2,23,6,1,23,6,0,23,6,0,23,6,1,23,6,2,23,6,2,23,6,1,23,6,0,23,6,0,23,6,1,23,6,2,23,6
53,2,23,6,1,23,6,0,23,6,2,23,6,1,23,6,0,23,6,0,23,6,1,23,6,2,23,6,2,23,6,1,23,6,0,23,6,0,23,6,1,23,6,2,23,6
53.1,2,23,6,1,23,6,0,23,6,2,23,6,2,23,6,0,23,6,1,23,6,2,23,6,2,23,6,1,23,6,0,23,6,0,23,6,1,23,6,2,23,6,2,23,6
53.2,2,23,6,1,23,6,0,23,6,2,23,6,2,23,6,0,23,6,1,23,6,2,23,6,2,23,6,1,23,6,0,23,6,0,23,6,1,23,6,2,23,6,2,23,6
53.3,2,23,6,1,23,6,0,23,6,2,23,6,2,23,6,0,23,6,1,23,6,2,23,6,2,23,6,1,23,6,0,23,6,0,23,6,1,23,6,2,23,6,2,23,6
53.4,2,23,6,1,23,6,0,23,6,2,23,6,2,23,6,0,23,6,1,23,6,2,23,6,2,23,6,1,23,6,0,23,6,0,23,6,1,23,6,2,23,6,2,23,6
53.5,2,23,6,1,23,6,0,23,6,2,23,6,2,23,6,0,23,6,1,23,6,2,23,6,2,23,6,1,23,6,0,23,6,0,23,6,1,23,6,2,23,6,2,23,6
53.6,2,23,6,1,23,6,0,23,6,0,23,6,2,23,6,2,23,6,1,23,6,0,23,6,0,23,6,1,23,6,2,23,6,2,23,6,1,23,6,0,23,6,0,23,6
53.7,2,23,6,1,23,6,0,23,6,0,23,6,2,23,6,2,23,6,1,23,6,0,23,6,0,23,6,1,23,6,2,23,6,2,23,6,1,23,6,0,23,6,0,23,6
53.8,2,23,6,1,23,6,0,23,6,0,23,6,2,23,6,2,23,6,1,23,6,0,23,6,0,23,6,1,23,6,2,23,6,2,23,6,1,23,6,0,23,6,0,23,6
53.9,2,23,6,1,23,6,0,23,6,0,23,6,2,23,6,2,23,6,1,23,6,0,23,6,0,23,6,1,23,6,2,23,6,2,23,6,1,23,6,0,23,6,0,23,6
54,2,23,6,1,23,6,0,23,6,0,23,6,2,23,6,2,23,6,1,23,6,0,23,6,0,23,6,1,23,6,2,23,6,2,23,6,1,23,6,0,23,6,0,23,6
54.1,0,23,6,2,23,6,1,23,6,0,23,6,2,23,6,1,23,6,0,23,6,0,23,6,2,23,6,2,23,6,1,23,6,1,23,6,0,23,6,0,23,6,2,23,6
54.2,0,23,6,2,23,6,1,23,6,0,23,6,2,23,6,1,23,6,0,23,6,0,23,6,2,23,6,2,23,6,1,23,6,1,23,6,0,23,6,0,23,6,2,23,6
54.3,0,23,6,2,23,6,1,23,6,0,23,6,2,23,6,1,23,6,0,23,6,0,23,6,2,23,6,2,23,6,1,23,6,1,23,6,0,23,6,0,23,6,2,23,6
54.4,0,23,6,2,23,6,1,23,6,0,23,6,2,23,6,1,23,6,0,23,6,0,23,6,2,23,6,2,23,6,1,23,6,1,23,6,0,23,6,0,23,6,2,23,6
54.5,0,23,6,2,23,6,1,23,6,0,23,6,2,23,6,1,23,6,0,23,6,0,23,6,2,23,6,2,23,6,1,23,6,1,23,6,0,23,6,0,23,6,2,23,6
54.6,0,23,6,2,23,6,1,23,6,0,23,6,2,23,6,1,23,6,0,23,6,0,23,6,2,23,6,2,23,6,1,23,6,1,23,6,0,23,6,0,23,6,2,23,6
54.7,0,23,6,2,23,6,1,23,6,0,23,6,2,23,6,1,23,6,0,23,6,0,23,6,2,23,6,2,23,6,1,23,6,1,23,6,0,23,6,0,23,6,2,23,6
54.8,0,23,6,2,23,6,1,23,6,0,23,6,2,23,6,1,23,6,0,23,6,0,23,6,2,23,6,2,23,6,1,23,6,1,23,6,0,23,6,0,23,6,2,23,6
54.9,0,23,6,2,23,6,1,23,6,0,23,6,2,23,6,1,23,6,0,23,6,0,23,6,2,23,6,2,23,6,1,23,6,1,23,6,0,23,6,0,23,6,2,23,6
55,0,23,6,2,23,6,1,23,6,0,23,6,2,23,6,1,23,6,0,23,6,0,23,6,2,23,6,2,23,6,1,23,6,1,23,6,0,23,6,0,23,6,2,23,6
55.1,0,23,6,2,23,6,1,23,6,1,23,6,0,23,6,2,23,6,2,23,6,0,23,6,1,23,6,1,23,6,0,23,6,2,23,6,2,23,6,0,23,6,1,23,6
55.2,0,23,6,2,23,6,1,23,6,1,23,6,0,23,6,2,23,6,2,23,6,0,23,6,1,23,6,1,23,6,0,23,6,2,23,6,2,23,6,0,23,6,1,23,6
55.3,0,23,6,2,23,6,1,23,6,1,23,6,0,23,6,2,23,6,2,23,6,0,23,6,1,23,6,1,23,6,0,23,6,2,23,6,2,23,6,0,23,6,1,23,6
55.4,0,23,6,2,23,6,1,23,6,1,23,6,0,23,6,2,23,6,2,23,6,0,23,6,1,23,6,1,23,6,0,23,6,2,23,6,2,23,6,0,23,6,1,23,6
55.5,0,23,6,2,23,6,1,23,6,1,23,6,0,23,6,2,23,6,2,23,6,0,23,6,1,23,6,1,23,6,0,23,6,2,23,6,2,23,6,0,23,6,1,23,6
55.6,0,23,6,1,23,6,2,23,6,0,23,6,1,23,6,1,23,6,0,23,6,2,23,6,2,23,6,0,23,6,1,23,6,1,23,6,0,23,6,2,23,6,2,23,6
55.7,0,23,6,1,23,6,2,23,6,0,23,6,1,23,6,1,23,6,0,23,6,2,23,6,2,23,6,0,23,6,1,23,6,1,23,6,0,23,6,2,23,6,2,23,6
55.8,0,23,6,1,23,6,2,23,6,0,23,6,1,23,6,1,23,6,0,23,6,2,23,6,2,23,6,0,23,6,1,23,6,1,23,6,0,23,6,2,23,6,2,23,6
55.9,0,23,6,1,23,6,2,23,6,0,23,6,1,23,6,1,23,6,0,23,6,2,23,6,2,23,6,0,23,6,1,23,6,1,23,6,0,23,6,2,23,6,2,23,6
56,0,23,6,1,23,6,2,23,6,0,23,6,1,23,6,1,23,6,0,23,6,2,23,6,2,23,6,0,23,6,1,23,6,1,23,6,0,23,6,2,23,6,2,23,6
56.1,1,23,6,0,23,6,2,23,6,1,23,6,0,23,6,2,23,6,1,23,6,0,23,6,0,23,6,1,23,6,2,23,6,2,23,6,1,23,6,0,23,6,0,23,6
56.2,1,23,6,0,23,6,2,23,6,1,23,6,0,23,6,2,23,6,1,23,6,0,23,6,0,23,6,1,23,6,2,23,6,2,23,6,1,23,6,0,23,6,0,23,6
56.3,1,23,6,0,23,6,2,23,6,1,23,6,0,23,6,2,23,6,1,23,6,0,23,6,0,23,6,1,23,6,2,23,6,2,23,6,1,23,6,0,23,6,0,23,6
56.4,1,23,6,0,23,6,2,23,6,1,23,6,0,23,6,2,23,6,1,23,6,0,23,6,0,23,6,1,23,6,2,23,6,2,23,6,1,23,6,0,23,6,0,23,6
56.5,1,23,6,0,23,6,2,23,6,1,23,6,0,23,6,2,23,6,1,23,6,0,23,6,0,23,6,1,23,6,2,23,6,2,23,6,1,23,6,0,23,6,0,23,6
56.6,1,23,6,0,23,6,2,23,6,1,23,6,0,23,6,2,23,6,1,23,6,0,23,6,0,23,6,1,23,6,2,23,6,2,23,6,1,23,6,0,23,6,0,23,6
56.7,1,23,6,0,23,6,2,23,6,1,23,6,0,23,6,2,23,6,1,23,6,0,23,6,0,23,6,1,23,6,2,23,6,2,23,6,1,23,6,0,23,6,0,23,6
56.8,1,23,6,0,23,6,2,23,6,1,23,6,0,23,6,2,23,6,1,23,6,0,23,6,0,23,6,1,23,6,2,23,6,2,23,6,1,23,6,0,23,6,0,23,6
56.9,1,23,6,0,23,6,2,23,6,1,23,6,0,23,6,2,23,6,1,23,6,0,23,6,0,23,6,1,23,6,2,23,6,2,23,6,1,23,6,0,23,6,0,23,6
57,1,23,6,0,23,6,2,23,6,1,23,6,0,23,6,2,23,6,1,23,6,0,23,6,0,23,6,1,23,6,2,23,6,2,23,6,1,23,6,0,23,6,0,23,6
57.1,1,23,6,0,23,6,2,23,6,1,23,6,0,23,6,2,23,6,1,23,6,0,23,6,2,23,6,1,23,6,2,23,6,2,23,6,0,23,6,0,23,6,1,23,6
57.2,1,23,6,0,23,6,2,23,6,1,23,6,0,23,6,2,23,6,1,23,6,0,23,6,2,23,6,1,23,6,2,23,6,2,23,6,0,23,6,0,23,6,1,23,6
57.3,1,23,6,0,23,6,2,23,6,1,23,6,0,23,6,2,23,6,1,23,6,0,23,6,2,23,6,1,23,6,2,23,6,2,23,6,0,23,6,0,23,6,1,23,6
57.4,1,23,6,0,23,6,2,23,6,1,23,6,0,23,6,2,23,6,1,23,6,0,23,6,2,23,6,1,23,6,2,23,6,2,23,6,0,23,6,0,23,6,1,23,6
57.5,1,23,6,0,23,6,2,23,6,1,23,6,0,23,6,2,23,6,1,23,6,0,23,6,2,23,6,1,23,6,2,23,6,2,23,6,0,23,6,0,23,6,1,23,6
57.6,1,23,6,0,23,6,2,23,6,1,23,6,0,23,6,2,23,6,1,23,6,0,23,6,2,23,6,1,23,6,2,23,6,2,23,6,0,23,6,0,23,6,1,23,6
57.7,1,23,6,0,23,6,2,23,6,1,23,6,0,23,6,2,23,6,1,23,6,0,23,6,2,23,6,1,23,6,2,23,6,2,23,6,0,23,6,0,23,6,1,23,6
57.8,1,23,6,0,23,6,2,23,6,1,23,6,0,23,6,2,23,6,1,23,6,0,23,6,2,23,6,1,23,6,2,23,6,2,23,6,0,23,6,0,23,6,1,23,6
57.9,1,23,6,0,23,6,2,23,6,1,23,6,0,23,6,2,23,6,1,23,6,0,23,6,2,23,6,1,23,6,2,23,6,2,23,6,0,23,6,0,23,6,1,23,6
58,1,23,6,0,23,6,2,23,6,1,23,6,0,23,6,2,23,6,1,23,6,0,23,6,2,23,6,1,23,6,2,23,6,2,23,6,0,23,6,0,23,6,1,23,6
58.1,2,23,6,1,23,6,0,23,6,2,23,6,1,23,6,0,23,6,2,23,6,1,23,6,0,23,6,2,23,6,1,23,6,0,23,6,2,23,6,1,23,6,0,23,6
58.2,2,23,6,1,23,6,0,23,6,2,23,6,1,23,6,0,23,6,2,23,6,1,23,6,0,23,6,2,23,6,1,23,6,0,23,6,2,23,6,1,23,6,0,23,6
58.3,2,23,6,1,23,6,0,23,6,2,23,6,1,23,6,0,23,6,2,23,6,1,23,6,0,23,6,2,23,6,1,23,6,0,23,6,2,23,6,1,23,6,0,23,6
58.4,2,23,6,1,23,6,0,23,6,2,23,6,1,23,6,0,23,6,2,23,6,1,23,6,0,23,6,2,23,6,1,23,6,0,23,6,2,23,6,1,23,6,0,23,6
58.5,2,23,6,1,23,6,0,23,6,2,23,6,1,23,6,0,23,6,2,23,6,1,23,6,0,23,6,2,23,6,1,23,6,0,23,6,2,23,6,1,23,6,0,23,6
58.6,2,23,6,1,23,6,0,23,6,2,23,6,1,23,6,0,23,6,2,23,6,1,23,6,0,23,6,2,23,6,1,23,6,0,23,6,2,23,6,1,23,6,0,23,6
58.7,2,23,6,1,23,6,0,23,6,2,23,6,1,23,6,0,23,6,2,23,6,1,23,6,0,23,6,2,23,6,1,23,6,0,23,6,2,23,6,1,23,6,0,23,6
58.8,2,23,6,1,23,6,0,23,6,2,23,6,1,23,6,0,23,6,2,23,6,1,23,6,0,23,6,2,23,6,1,23,6,0,23,6,2,23,6,1,23,6,0,23,6
58.9,2,23,6,1,23,6,0,23,6,2,23,6,1,23,6,0,23,6,2,23,6,1,23,6,0,23,6,2,23,6,1,23,6,0,23,6,2,23,6,1,23,6,0,23,6
59,2,23,6,1,23,6,0,23,6,2,23,6,1,23,6,0,23,6,2,23,6,1,23,6,0,23,6,2,23,6,1,23,6,0,23,6,2,23,6,1,23,6,0,23,6
59.1,1,23,6,0,23,6,2,23,6,1,23,6,0,23,6,2,23,6,1,23,6,0,23,6,2,23,6,1,23,6,0,23,6,2,23,6,1,23,6,0,23,6,2,23,6
59.2,1,23,6,0,23,6,2,23,6,1,23,6,0,23,6,2,23,6,1,23,6,0,23,6,2,23,6,1,23,6,0,23,6,2,23,6,1,23,6,0,23,6,2,23,6
59.3,1,23,6,0,23,6,2,23,6,1,23,6,0,23,6,2,23,6,1,23,6,0,23,6,2,23,6,1,23,6,0,23,6,2,23,6,1,23,6,0,23,6,2,23,6
59.4,1,23,6,0,23,6,2,23,6,1,23,6,0,23,6,2,23,6,1,23,6,0,23,6,2,23,6,1,23,6,0,23,6,2,23,6,1,23,6,0,23,6,2,23,6
59.5,1,23,6,0,23,6,2,23,6,1,23,6,0,23,6,2,23,6,1,23,6,0,23,6,2,23,6,1,23,6,0,23,6,2,23,6,1,23,6,0,23,6,2,23,6
59.6,1,23,6,0,23,6,2,23,6,1,23,6,0,23,6,2,23,6,1,23,6,0,23,6,2,23,6,1,23,6,2,23,6,2,23,6,0,23,6,0,23,6,1,23,6
59.7,1,23,6,0,23,6,2,23,6,1,23,6,0,23,6,2,23,6,1,23,6,0,23,6,2,23,6,1,23,6,2,23,6,2,23,6,0,23,6,0,23,6,1,23,6
59.8,1,23,6,0,23,6,2,23,6,1,23,6,0,23,6,2,23,6,1,23,6,0,23,6,2,23,6,1,23,6,2,23,6,2,23,6,0,23,6,0,23,6,1,23,6
59.9,1,23,6,0,23,6,2,23,6,1,23,6,0,23,6,2,23,6,1,23,6,0,23,6,2,23,6,1,23,6,2,23,6,2,23,6,0,23,6,0,23,6,1,23,6
60,1,23,6,0,23,6,2,23,6,1,23,6,0,23,6,2,23,6,1,23,6,0,23,6,2,23,6,1,23,6,2,23,6,2,23,6,0,23,6,0,23,6,1,23,6
60.1,1,23,6,2,23,6,0,23,6,1,23,6,2,23,6,0,23,6,1,23,6,2,23,6,0,23,6,1,23,6,0,23,6,0,23,6,2,23,6,2,23,6,1,23,6
60.2,1,23,6,2,23,6,0,23,6,1,23,6,2,23,6,0,23,6,1,23,6,2,23,6,0,23,6,1,23,6,0,23,6,0,23,6,2,23,6,2,23,6,1,23,6
60.3,1,23,6,2,23,6,0,23,6,1,23,6,2,23,6,0,23,6,1,23,6,2,23,6,0,23,6,1,23,6,0,23,6,0,23,6,2,23,6,2,23,6,1,23,6
60.4,1,23,6,2,23,6,0,23,6,1,23,6,2,23,6,0,23,6,1,23,6,2,23,6,0,23,6,1,23,6,0,23,6,0,23,6,2,23,6,2,23,6,1,23,6
60.5,1,23,6,2,23,6,0,23,6,1,23,6,2,23,6,0,23,6,1,23,6,2,23,6,0,23,6,1,23,6,0,23,6,0,23,6,2,23,6,2,23,6,1,23,6
60.6,0,23,6,2,23,6,1,23,6,0,23,6,2,23,6,1,23,6,0,23,6,2,23,6,1,23,6,0,23,6,2,23,6,1,23,6,0,23,6,2,23,6,1,23,6
60.7,0,23,6,2,23,6,1,23,6,0,23,6,2,23,6,1,23,6,0,23,6,2,23,6,1,23,6,0,23,6,2,23,6,1,23,6,0,23,6,2,23,6,1,23,6
60.8,0,23,6,2,23,6,1,23,6,0,23,6,2,23,6,1,23,6,0,23,6,2,23,6,1,23,6,0,23,6,2,23,6,1,23,6,0,23,6,2,23,6,1,23,6
60.9,0,23,6,2,23,6,1,23,6,0,23,6,2,23,6,1,23,6,0,23,6,2,23,6,1,23,6,0,23,6,2,23,6,1,23,6,0,23,6,2,23,6,1,23,6
61,0,23,6,2,23,6,1,23,6,0,23,6,2,23,6,1,23,6,0,23,6,2,23,6,1,23,6,0,23,6,2,23,6,1,23,6,0,23,6,2,23,6,1,23,6
61.1,0,23,6,2,23,6,1,23,6,0,23,6,0,23,6,2,23,6,2,23,6,1,23,6,1,23,6,0,23,6,0,23,6,2,23,6,2,23,6,1,23,6,1,23,6
61.2,0,23,6,2,23,6,1,23,6,0,23,6,0,23,6,2,23,6,2,23,6,1,23,6,1,23,6,0,23,6,0,23,6,2,23,6,2,23,6,1,23,6,1,23,6
61.3,0,23,6,2,23,6,1,23,6,0,23,6,0,23,6,2,23,6,2,23,6,1,23,6,1,23,6,0,23,6,0,23,6,2,23,6,2,23,6,1,23,6,1,23,6
61.4,0,23,6,2,23,6,1,23,6,0,23,6,0,23,6,2,23,6,2,23,6,1,23,6,1,23,6,0,23,6,0,23,6,2,23,6,2,23,6,1,23,6,1,23,6
61.5,0,23,6,2,23,6,1,23,6,0,23,6,0,23,6,2,23,6,2,23,6,1,23,6,1,23,6,0,23,6,0,23,6,2,23,6,2,23,6,1,23,6,1,23,6
61.6,1,23,6,0,23,6,2,23,6,1,23,6,0,23,6,0,23,6,2,23,6,2,23,6,1,23,6,1,23,6,0,23,6,0,23,6,2,23,6,2,23,6,1,23,6
61.7,1,23,6,0,23,6,2,23,6,1,23,6,0,23,6,0,23,6,2,23,6,2,23,6,1,23,6,1,23,6,0,23,6,0,23,6,2,23,6,2,23,6,1,23,6
61.8,1,23,6,0,23,6,2,23,6,1,23,6,0,23,6,0,23,6,2,23,6,2,23,6,1,23,6,1,23,6,0,23,6,0,23,6,2,23,6,2,23,6,1,23,6
61.9,1,23,6,0,23,6,2,23,6,1,23,6,0,23,6,0,23,6,2,23,6,2,23,6,1,23,6,1,23,6,0,23,6,0,23,6,2,23,6,2,23,6,1,23,6
62,1,23,6,0,23,6,2,23,6,1,23,6,0,23,6,0,23,6,2,23,6,2,23,6,1,23,6,1,23,6,0,23,6,0,23,6,2,23,6,2,23,6,1,23,6
62.1,1,23,6,2,23,6,0,23,6,1,23,6,1,23,6,0,23,6,0,23,6,2,23,6,2,23,6,1,23,6,1,23,6,0,23,6,0,23,6,2,23,6,2,23,6
62.2,1,23,6,2,23,6,0,23,6,1,23,6,1,23,6,0,23,6,0,23,6,2,23,6,2,23,6,1,23,6,1,23,6,0,23,6,0,23,6,2,23,6,2,23,6
62.3,1,23,6,2,23,6,0,23,6,1,23,6,1,23,6,0,23,6,0,23,6,2,23,6,2,23,6,1,23,6,1,23,6,0,23,6,0,23,6,2,23,6,2,23,6
62.4,1,23,6,2,23,6,0,23,6,1,23,6,1,23,6,0,23,6,0,23,6,2,23,6,2,23,6,1,23,6,1,23,6,0,23,6,0,23,6,2,23,6,2,23,6
62.5,1,23,6,2,23,6,0,23,6,1,23,6,1,23,6,0,23,6,0,23,6,2,23,6,2,23,6,1,23,6,1,23,6,0,23,6,0,23,6,2,23,6,2,23,6
62.6,0,23,6,2,23,6,1,23,6,1,23,6,0,23,6,0,23,6,1,23,6,2,23,6,0,23,6,1,23,6,2,23,6,0,23,6,1,23,6,2,23,6,0,23,6
62.7,0,23,6,2,23,6,1,23,6,1,23,6,0,23,6,0,23,6,1,23,6,2,23,6,0,23,6,1,23,6,2,23,6,0,23,6,1,23,6,2,23,6,0,23,6
62.8,0,23,6,2,23,6,1,23,6,1,23,6,0,23,6,0,23,6,1,23,6,2,23,6,0,23,6,1,23,6,2,23,6,0,23,6,1,23,6,2,23,6,0,23,6
62.9,0,23,6,2,23,6,1,23,6,1,23,6,0,23,6,0,23,6,1,23,6,2,23,6,0,23,6,1,23,6,2,23,6,0,23,6,1,23,6,2,23,6,0,23,6
63,0,23,6,2,23,6,1,23,6,1,23,6,0,23,6,0,23,6,1,23,6,2,23,6,0,23,6,1,23,6,2,23,6,0,23,6,1,23,6,2,23,6,0,23,6
63.1,1,23,6,0,23,6,2,23,6,1,23,6,0,23,6,0,23,6,1,23,6,2,23,6,2,23,6,1,23,6,0,23,6,0,23,6,1,23,6,2,23,6,2,23,6
63.2,1,23,6,0,23,6,2,23,6,1,23,6,0,23,6,0,23,6,1,23,6,2,23,6,2,23,6,1,23,6,0,23,6,0,23,6,1,23,6,2,23,6,2,23,6
63.3,1,23,6,0,23,6,2,23,6,1,23,6,0,23,6,0,23,6,1,23,6,2,23,6,2,23,6,1,23,6,0,23,6,0,23,6,1,23,6,2,23,6,2,23,6
63.4,1,23,6,0,23,6,2,23,6,1,23,6,0,23,6,0,23,6,1,23,6,2,23,6,2,23,6,1,23,6,0,23,6,0,23,6,1,23,6,2,23,6,2,23,6
63.5,1,23,6,0,23,6,2,23,6,1,23,6,0,23,6,0,23,6,1,23,6,2,23,6,2,23,6,1,23,6,0,23,6,0,23,6,1,23,6,2,23,6,2,23,6
63.6,1,23,6,0,23,6,2,23,6,1,23,6,0,23,6,0,23,6,1,23,6,2,23,6,2,23,6,1,23,6,0,23,6,0,23,6,1,23,6,2,23,6,2,23,6
63.7,1,23,6,0,23,6,2,23,6,1,23,6,0,23,6,0,23,6,1,23,6,2,23,6,2,23,6,1,23,6,0,23,6,0,23,6,1,23,6,2,23,6,2,23,6
63.8,1,23,6,0,23,6,2,23,6,1,23,6,0,23,6,0,23,6,1,23,6,2,23,6,2,23,6,1,23,6,0,23,6,0,23,6,1,23,6,2,23,6,2,23,6
63.9,1,23,6,0,23,6,2,23,6,1,23,6,0,23,6,0,23,6,1,23,6,2,23,6,2,23,6,1,23,6,0,23,6,0,23,6,1,23,6,2,23,6,2,23,6
64,1,23,6,0,23,6,2,23,6,1,23,6,0,23,6,0,23,6,1,23,6,2,23,6,2,23,6,1,23,6,0,23,6,0,23,6,1,23,6,2,23,6,2,23,6
64.1,0,23,6,2,23,6,1,23,6,1,23,6,0,23,6,0,23,6,2,23,6,2,23,6,1,23,6,1,23,6,0,23,6,0,23,6,2,23,6,2,23,6,1,23,6
64.2,0,23,6,2,23,6,1,23,6,1,23,6,0,23,6,0,23,6,2,23,6,2,23,6,1,23,6,1,23,6,0,23,6,0,23,6,2,23,6,2,23,6,1,23,6
64.3,0,23,6,2,23,6,1,23,6,1,23,6,0,23,6,0,23,6,2,23,6,2,23,6,1,23,6,1,23,6,0,23,6,0,23,6,2,23,6,2,23,6,1,23,6
64.4,0,23,6,2,23,6,1,23,6,1,23,6,0,23,6,0,23,6,2,23,6,2,23,6,1,23,6,1,23,6,0,23,6,0,23,6,2,23,6,2,23,6,1,23,6
64.5,0,23,6,2,23,6,1,23,6,1,23,6,0,23,6,0,23,6,2,23,6,2,23,6,1,23,6,1,23,6,0,23,6,0,23,6,2,23,6,2,23,6,1,23,6
64.6,0,23,6,2,23,6,1,23,6,1,23,6,0,23,6,0,23,6,2,23,6,2,23,6,1,23,6,1,23,6,0,23,6,0,23,6,2,23,6,2,23,6,1,23,6
64.7,0,23,6,2,23,6,1,23,6,1,23,6,0,23,6,0,23,6,2,23,6,2,23,6,1,23,6,1,23,6,0,23,6,0,23,6,2,23,6,2,23,6,1,23,6
64.8,0,23,6,2,23,6,1,23,6,1,23,6,0,23,6,0,23,6,2,23,6,2,23,6,1,23,6,1,23,6,0,23,6,0,23,6,2,23,6,2,23,6,1,23,6
64.9,0,23,6,2,23,6,1,23,6,1,23,6,0,23,6,0,23,6,2,23,6,2,23,6,1,23,6,1,23,6,0,23,6,0,23,6,2,23,6,2,23,6,1,23,6
65,0,23,6,2,23,6,1,23,6,1,23,6,0,23,6,0,23,6,2,23,6,2,23,6,1,23,6,1,23,6,0,23,6,0,23,6,2,23,6,2,23,6,1,23,6
65.1,1,23,6,2,23,6,0,23,6,1,23,6,2,23,6,0,23,6,1,23,6,2,23,6,0,23,6,1,23,6,2,23,6,0,23,6,1,23,6,2,23,6,0,23,6
65.2,1,23,6,2,23,6,0,23,6,1,23,6,2,23,6,0,23,6,1,23,6,2,23,6,0,23,6,1,23,6,2,23,6,0,23,6,1,23,6,2,23,6,0,23,6
65.3,1,23,6,2,23,6,0,23,6,1,23,6,2,23,6,0,23,6,1,23,6,2,23,6,0,23,6,1,23,6,2,23,6,0,23,6,1,23,6,2,23,6,0,23,6
65.4,1,23,6,2,23,6,0,23,6,1,23,6,2,23,6,0,23,6,1,23,6,2,23,6,0,23,6,1,23,6,2,23,6,0,23,6,1,23,6,2,23,6,0,23,6
65.5,1,23,6,2,23,6,0,23,6,1,23,6,2,23,6,0,23,6,1,23,6,2,23,6,0,23,6,1,23,6,2,23,6,0,23,6,1,23,6,2,23,6,0,23,6
65.6,1,23,6,2,23,6,0,23,6,1,23,6,2,23,6,0,23,6,1,23,6,2,23,6,0,23,6,1,23,6,2,23,6,0,23,6,1,23,6,2,23,6,0,23,6
65.7,1,23,6,2,23,6,0,23,6,1,23,6,2,23,6,0,23,6,1,23,6,2,23,6,0,23,6,1,23,6,2,23,6,0,23,6,1,23,6,2,23,6,0,23,6
65.8,1,23,6,2,23,6,0,23,6,1,23,6,2,23,6,0,23,6,1,23,6,2,23,6,0,23,6,1,23,6,2,23,6,0,23,6,1,23,6,2,23,6,0,23,6
65.9,1,23,6,2,23,6,0,23,6,1,23,6,2,23,6,0,23,6,1,23,6,2,23,6,0,23,6,1,23,6,2,23,6,0,23,6,1,23,6,2,23,6,0,23,6
66,1,23,6,2,23,6,0,23,6,1,23,6,2,23,6,0,23,6,1,23,6,2,23,6,0,23,6,1,23,6,2,23,6,0,23,6,1,23,6,2,23,6,0,23,6
66.1,1,23,6,2,23,6,0,23,6,1,23,6,2,23,6,0,23,6,1,23,6,2,23,6,0,23,6,1,23,6,2,23,6,0,23,6,1,23,6,2,23,6,0,23,6
66.2,1,23,6,2,23,6,0,23,6,1,23,6,2,23,6,0,23,6,1,23,6,2,23,6,0,23,6,1,23,6,2,23,6,0,23,6,1,23,6,2,23,6,0,23,6
66.3,1,23,6,2,23,6,0,23,6,1,23,6,2,23,6,0,23,6,1,23,6,2,23,6,0,23,6,1,23,6,2,23,6,0,23,6,1,23,6,2,23,6,0,23,6
66.4,1,23,6,2,23,6,0,23,6,1,23,6,2,23,6,0,23,6,1,23,6,2,23,6,0,23,6,1,23,6,2,23,6,0,23,6,1,23,6,2,23,6,0,23,6
66.5,1,23,6,2,23,6,0,23,6,1,23,6,2,23,6,0,23,6,1,23,6,2,23,6,0,23,6,1,23,6,2,23,6,0,23,6,1,23,6,2,23,6,0,23,6
66.6,0,23,6,1,23,6,2,23,6,0,23,6,1,23,6,1,23,6,0,23,6,2,23,6,2,23,6,1,23,6,1,23,6,0,23,6,0,23,6,2,23,6,2,23,6
66.7,0,23,6,1,23,6,2,23,6,0,23,6,1,23,6,1,23,6,0,23,6,2,23,6,2,23,6,1,23,6,1,23,6,0,23,6,0,23,6,2,23,6,2,23,6
66.8,0,23,6,1,23,6,2,23,6,0,23,6,1,23,6,1,23,6,0,23,6,2,23,6,2,23,6,1,23,6,1,23,6,0,23,6,0,23,6,2,23,6,2,23,6
66.9,0,23,6,1,23,6,2,23,6,0,23,6,1,23,6,1,23,6,0,23,6,2,23,6,2,23,6,1,23,6,1,23,6,0,23,6,0,23,6,2,23,6,2,23,6
67,0,23,6,1,23,6,2,23,6,0,23,6,1,23,6,1,23,6,0,23,6,2,23,6,2,23,6,1,23,6,1,23,6,0,23,6,0,23,6,2,23,6,2,23,6
67.1,2,23,6,1,23,6,0,23,6,2,23,6,1,23,6,1,23,6,2,23,6,0,23,6,0,23,6,2,23,6,1,23,6,1,23,6,2,23,6,0,23,6,0,23,6
67.2,2,23,6,1,23,6,0,23,6,2,23,6,1,23,6,1,23,6,2,23,6,0,23,6,0,23,6,2,23,6,1,23,6,1,23,6,2,23,6,0,23,6,0,23,6
67.3,2,23,6,1,23,6,0,23,6,2,23,6,1,23,6,1,23,6,2,23,6,0,23,6,0,23,6,2,23,6,1,23,6,1,23,6,2,23,6,0,23,6,0,23,6
67.4,2,23,6,1,23,6,0,23,6,2,23,6,1,23,6,1,23,6,2,23,6,0,23,6,0,23,6,2,23,6,1,23,6,1,23,6,2,23,6,0,23,6,0,23,6
67.5,2,23,6,1,23,6,0,23,6,2,23,6,1,23,6,1,23,6,2,23,6,0,23,6,0,23,6,2,23,6,1,23,6,1,23,6,2,23,6,0,23,6,0,23,6
67.6,2,23,6,1,23,6,0,23,6,2,23,6,2,23,6,1,23,6,1,23,9,0,23,6,0,23,6,2,23,6,2,23,12,1,23,6,1,23,6,0,23,6,0,23,6
67.7,2,23,6,1,23,6,0,23,6,2,23,6,2,23,6,1,23,6,1,23,9,0,23,6,0,23,6,2,23,6,2,23,12,1,23,6,1,23,6,0,23,6,0,23,6
67.8,2,23,6,1,23,6,0,23,6,2,23,6,2,23,6,1,23,6,1,23,9,0,23,6,0,23,6,2,23,6,2,23,12,1,23,6,1,23,6,0,23,6,0,23,6
67.9,2,23,6,1,23,6,0,23,6,2,23,6,2,23,6,1,23,6,1,23,9,0,23,6,0,23,6,2,23,6,2,23,12,1,23,6,1,23,6,0,23,6,0,23,6
68,2,23,6,1,23,6,0,23,6,2,23,6,2,23,6,1,23,6,1,23,9,0,23,6,0,23,6,2,23,6,2,23,12,1,23,6,1,23,6,0,23,6,0,23,6
68.1,2,23,6,1,23,6,0,23,6,0,23,6,2,23,6,2,23,6,1,23,6,1,23,6,0,23,6,0,23,6,2,23,6,2,23,6,1,23,6,1,23,6,0,23,6
68.2,2,23,6,1,23,6,0,23,6,0,23,6,2,23,6,2,23,6,1,23,6,1,23,6,0,23,6,0,23,6,2,23,6,2,23,6,1,23,6,1,23,6,0,23,6
68.3,2,23,6,1,23,6,0,23,6,0,23,6,2,23,6,2,23,6,1,23,6,1,23,6,0,23,6,0,23,6,2,23,6,2,23,6,1,23,6,1,23,6,0,23,6
68.4,2,23,6,1,23,6,0,23,6,0,23,6,2,23,6,2,23,6,1,23,6,1,23,6,0,23,6,0,23,6,2,23,6,2,23,6,1,23,6,1,23,6,0,23,6
68.5,2,23,6,1,23,6,0,23,6,0,23,6,2,23,6,2,23,6,1,23,6,1,23,6,0,23,6,0,23,6,2,23,6,2,23,6,1,23,6,1,23,6,0,23,6
68.6,0,23,6,2,23,6,1,23,6,0,23,6,2,23,6,2,23,6,1,23,6,1,23,6,0,23,6,0,23,6,2,23,6,2,23,6,1,23,6,1,23,6,0,23,6
68.7,0,23,6,2,23,6,1,23,6,0,23,6,2,23,6,2,23,6,1,23,6,1,23,6,0,23,6,0,23,6,2,23,6,2,23,6,1,23,6,1,23,6,0,23,6
68.8,0,23,6,2,23,6,1,23,6,0,23,6,2,23,6,2,23,6,1,23,6,1,23,6,0,23,6,0,23,6,2,23,6,2,23,6,1,23,6,1,23,6,0,23,6
68.9,0,23,6,2,23,6,1,23,6,0,23,6,2,23,6,2,23,6,1,23,6,1,23,6,0,23,6,0,23,6,2,23,6,2,23,6,1,23,6,1,23,6,0,23,6
69,0,23,6,2,23,6,1,23,6,0,23,6,2,23,6,2,23,6,1,23,6,1,23,6,0,23,6,0,23,6,2,23,6,2,23,6,1,23,6,1,23,6,0,23,6
69.1,0,23,6,2,23,6,1,23,6,0,23,6,2,23,6,2,23,6,1,23,6,1,23,6,0,23,6,0,23,6,2,23,6,2,23,6,1,23,6,1,23,6,0,23,6
69.2,0,23,6,2,23,6,1,23,6,0,23,6,2,23,6,2,23,6,1,23,6,1,23,6,0,23,6,0,23,6,2,23,6,2,23,6,1,23,6,1,23,6,0,23,6
69.3,0,23,6,2,23,6,1,23,6,0,23,6,2,23,6,2,23,6,1,23,6,1,23,6,0,23,6,0,23,6,2,23,6,2,23,6,1,23,6,1,23,6,0,23,6
69.4,0,23,6,2,23,6,1,23,6,0,23,6,2,23,6,2,23,6,1,23,6,1,23,6,0,23,6,0,23,6,2,23,6,2,23,6,1,23,6,1,23,6,0,23,6
69.5,0,23,6,2,23,6,1,23,6,0,23,6,2,23,6,2,23,6,1,23,6,1,23,6,0,23,6,0,23,6,2,23,6,2,23,6,1,23,6,1,23,6,0,23,6
69.6,0,23,6,1,23,6,2,23,6,0,23,6,1,23,6,1,23,6,2,23,6,2,23,6,0,23,6,0,23,6,1,23,6,1,23,6,2,23,6,1,23,6,0,23,6
69.7,0,23,6,1,23,6,2,23,6,0,23,6,1,23,6,1,23,6,2,23,6,2,23,6,0,23,6,0,23,6,1,23,6,1,23,6,2,23,6,1,23,6,0,23,6
69.8,0,23,6,1,23,6,2,23,6,0,23,6,1,23,6,1,23,6,2,23,6,2,23,6,0,23,6,0,23,6,1,23,6,1,23,6,2,23,6,1,23,6,0,23,6
69.9,0,23,6,1,23,6,2,23,6,0,23,6,1,23,6,1,23,6,2,23,6,2,23,6,0,23,6,0,23,6,1,23,6,1,23,6,2,23,6,1,23,6,0,23,6
70,0,23,6,1,23,6,2,23,6,0,23,6,1,23,6,1,23,6,2,23,6,2,23,6,0,23,6,0,23,6,1,23,6,1,23,6,2,23,6,1,23,6,0,23,6
70.1,1,23,6,2,23,6,0,23,6,0,23,6,1,23,6,1,23,6,2,23,6,2,23,6,0,23,6,0,23,6,1,23,6,1,23,6,2,23,6,1,23,6,0,23,6
70.2,1,23,6,2,23,6,0,23,6,0,23,6,1,23,6,1,23,6,2,23,6,2,23,6,0,23,6,0,23,6,1,23,6,1,23,6,2,23,6,1,23,6,0,23,6
70.3,1,23,6,2,23,6,0,23,6,0,23,6,1,23,6,1,23,6,2,23,6,2,23,6,0,23,6,0,23,6,1,23,6,1,23,6,2,23,6,1,23,6,0,23,6
70.4,1,23,6,2,23,6,0,23,6,0,23,6,1,23,6,1,23,6,2,23,6,2,23,6,0,23,6,0,23,6,1,23,6,1,23,6,2,23,6,1,23,6,0,23,6
70.5,1,23,6,2,23,6,0,23,6,0,23,6,1,23,6,1,23,6,2,23,6,2,23,6,0,23,6,0,23,6,1,23,6,1,23,6,2,23,6,1,23,6,0,23,6
70.6,2,23,6,1,23,6,0,23,6,2,23,6,1,23,6,0,23,6,2,23,6,1,23,6,0,23,6,2,23,6,1,23,6,0,23,6,2,23,6,1,23,6,0,23,6
70.7,2,23,6,1,23,6,0,23,6,2,23,6,1,23,6,0,23,6,2,23,6,1,23,6,0,23,6,2,23,6,1,23,6,0,23,6,2,23,6,1,23,6,0,23,6
70.8,2,23,6,1,23,6,0,23,6,2,23,6,1,23,6,0,23,6,2,23,6,1,23,6,0,23,6,2,23,6,1,23,6,0,23,6,2,23,6,1,23,6,0,23,6
70.9,2,23,6,1,23,6,0,23,6,2,23,6,1,23,6,0,23,6,2,23,6,1,23,6,0,23,6,2,23,6,1,23,6,0,23,6,2,23,6,1,23,6,0,23,6
71,2,23,6,1,23,6,0,23,6,2,23,6,1,23,6,0,23,6,2,23,6,1,23,6,0,23,6,2,23,6,1,23,6,0,23,6,2,23,6,1,23,6,0,23,6
71.1,2,23,6,1,23,6,0,23,6,2,23,6,1,23,6,0,23,6,2,23,6,1,23,6,0,23,6,2,23,6,1,23,6,0,23,6,2,23,6,1,23,6,0,23,6
71.2,2,23,6,1,23,6,0,23,6,2,23,6,1,23,6,0,23,6,2,23,6,1,23,6,0,23,6,2,23,6,1,23,6,0,23,6,2,23,6,1,23,6,0,23,6
71.3,2,23,6,1,23,6,0,23,6,2,23,6,1,23,6,0,23,6,2,23,6,1,23,6,0,23,6,2,23,6,1,23,6,0,23,6,2,23,6,1,23,6,0,23,6
71.4,2,23,6,1,23,6,0,23,6,2,23,6,1,23,6,0,23,6,2,23,6,1,23,6,0,23,6,2,23,6,1,23,6,0,23,6,2,23,6,1,23,6,0,23,6
71.5,2,23,6,1,23,6,0,23,6,2,23,6,1,23,6,0,23,6,2,23,6,1,23,6,0,23,6,2,23,6,1,23,6,0,23,6,2,23,6,1,23,6,0,23,6
71.6,2,23,6,1,23,6,0,23,6,2,23,6,1,23,6,0,23,6,2,23,6,1,23,6,0,23,6,2,23,6,1,23,6,0,23,6,2,23,6,1,23,6,0,23,6
71.7,2,23,6,1,23,6,0,23,6,2,23,6,1,23,6,0,23,6,2,23,6,1,23,6,0,23,6,2,23,6,1,23,6,0,23,6,2,23,6,1,23,6,0,23,6
71.8,2,23,6,1,23,6,0,23,6,2,23,6,1,23,6,0,23,6,2,23,6,1,23,6,0,23,6,2,23,6,1,23,6,0,23,6,2,23,6,1,23,6,0,23,6
71.9,2,23,6,1,23,6,0,23,6,2,23,6,1,23,6,0,23,6,2,23,6,1,23,6,0,23,6,2,23,6,1,23,6,0,23,6,2,23,6,1,23,6,0,23,6
72,2,23,6,1,23,6,0,23,6,2,23,6,1,23,6,0,23,6,2,23,6,1,23,6,0,23,6,2,23,6,1,23,6,0,23,6,2,23,6,1,23,6,0,23,6
72.1,2,23,6,1,23,6,0,23,6,2,23,6,1,23,6,0,23,6,2,23,6,1,23,6,0,23,6,2,23,6,1,23,6,0,23,6,2,23,6,1,23,6,0,23,6
72.2,2,23,6,1,23,6,0,23,6,2,23,6,1,23,6,0,23,6,2,23,6,1,23,6,0,23,6,2,23,6,1,23,6,0,23,6,2,23,6,1,23,6,0,23,6
72.3,2,23,6,1,23,6,0,23,6,2,23,6,1,23,6,0,23,6,2,23,6,1,23,6,0,23,6,2,23,6,1,23,6,0,23,6,2,23,6,1,23,6,0,23,6
72.4,2,23,6,1,23,6,0,23,6,2,23,6,1,23,6,0,23,6,2,23,6,1,23,6,0,23,6,2,23,6,1,23,6,0,23,6,2,23,6,1,23,6,0,23,6
72.5,2,23,6,1,23,6,0,23,6,2,23,6,1,23,6,0,23,6,2,23,6,1,23,6,0,23,6,2,23,6,1,23,6,0,23,6,2,23,6,1,23,6,0,23,6
72.6,2,23,6,1,23,6,0,23,6,2,23,6,1,23,6,0,23,6,2,23,6,1,23,6,0,23,6,2,23,6,1,23,6,0,23,6,2,23,6,1,23,6,0,23,6
72.7,2,23,6,1,23,6,0,23,6,2,23,6,1,23,6,0,23,6,2,23,6,1,23,6,0,23,6,2,23,6,1,23,6,0,23,6,2,23,6,1,23,6,0,23,6
72.8,2,23,6,1,23,6,0,23,6,2,23,6,1,23,6,0,23,6,2,23,6,1,23,6,0,23,6,2,23,6,1,23,6,0,23,6,2,23,6,1,23,6,0,23,6
72.9,2,23,6,1,23,6,0,23,6,2,23,6,1,23,6,0,23,6,2,23,6,1,23,6,0,23,6,2,23,6,1,23,6,0,23,6,2,23,6,1,23,6,0,23,6
73,2,23,6,1,23,6,0,23,6,2,23,6,1,23,6,0,23,6,2,23,6,1,23,6,0,23,6,2,23,6,1,23,6,0,23,6,2,23,6,1,23,6,0,23,6
73.1,2,23,6,1,23,6,0,23,6,2,23,6,1,23,6,0,23,6,2,23,6,1,23,6,0,23,6,2,23,6,1,23,6,0,23,6,2,23,6,1,23,6,0,23,6
73.2,2,23,6,1,23,6,0,23,6,2,23,6,1,23,6,0,23,6,2,23,6,1,23,6,0,23,6,2,23,6,1,23,6,0,23,6,2,23,6,1,23,6,0,23,6
73.3,2,23,6,1,23,6,0,23,6,2,23,6,1,23,6,0,23,6,2,23,6,1,23,6,0,23,6,2,23,6,1,23,6,0,23,6,2,23,6,1,23,6,0,23,6
73.4,2,23,6,1,23,6,0,23,6,2,23,6,1,23,6,0,23,6,2,23,6,1,23,6,0,23,6,2,23,6,1,23,6,0,23,6,2,23,6,1,23,6,0,23,6
73.5,2,23,6,1,23,6,0,23,6,2,23,6,1,23,6,0,23,6,2,23,6,1,23,6,0,23,6,2,23,6,1,23,6,0,23,6,2,23,6,1,23,6,0,23,6
73.6,1,23,6,2,23,6,0,23,6,1,23,6,2,23,6,0,23,6,1,23,6,2,23,6,0,23,6,1,23,6,2,23,6,0,23,6,1,23,6,0,23,6,0,23,6
73.7,1,23,6,2,23,6,0,23,6,1,23,6,2,23,6,0,23,6,1,23,6,2,23,6,0,23,6,1,23,6,2,23,6,0,23,6,1,23,6,0,23,6,0,23,6
73.8,1,23,6,2,23,6,0,23,6,1,23,6,2,23,6,0,23,6,1,23,6,2,23,6,0,23,6,1,23,6,2,23,6,0,23,6,1,23,6,0,23,6,0,23,6
73.9,1,23,6,2,23,6,0,23,6,1,23,6,2,23,6,0,23,6,1,23,6,2,23,6,0,23,6,1,23,6,2,23,6,0,23,6,1,23,6,0,23,6,0,23,6
74,1,23,6,2,23,6,0,23,6,1,23,6,2,23,6,0,23,6,1,23,6,2,23,6,0,23,6,1,23,6,2,23,6,0,23,6,1,23,6,0,23,6,0,23,6
74.1,2,23,6,1,23,6,0,23,6,0,23,6,2,23,6,2,23,6,1,23,6,1,23,6,0,23,6,0,23,6,2,23,6,2,23,6,1,23,6,0,23,6,0,23,6
74.2,2,23,6,1,23,6,0,23,6,0,23,6,2,23,6,2,23,6,1,23,6,1,23,6,0,23,6,0,23,6,2,23,6,2,23,6,1,23,6,0,23,6,0,23,6
74.3,2,23,6,1,23,6,0,23,6,0,23,6,2,23,6,2,23,6,1,23,6,1,23,6,0,23,6,0,23,6,2,23,6,2,23,6,1,23,6,0,23,6,0,23,6
74.4,2,23,6,1,23,6,0,23,6,0,23,6,2,23,6,2,23,6,1,23,6,1,23,6,0,23,6,0,23,6,2,23,6,2,23,6,1,23,6,0,23,6,0,23,6
74.5,2,23,6,1,23,6,0,23,6,0,23,6,2,23,6,2,23,6,1,23,6,1,23,6,0,23,6,0,23,6,2,23,6,2,23,6,1,23,6,0,23,6,0,23,6
74.6,0,23,6,1,23,6,2,23,6,0,23,6,1,23,6,2,23,6,0,23,6,1,23,6,2,23,6,2,23,6,1,23,6,1,23,6,0,23,6,0,23,6,2,23,6
74.7,0,23,6,1,23,6,2,23,6,0,23,6,1,23,6,2,23,6,0,23,6,1,23,6,2,23,6,2,23,6,1,23,6,1,23,6,0,23,6,0,23,6,2,23,6
74.8,0,23,6,1,23,6,2,23,6,0,23,6,1,23,6,2,23,6,0,23,6,1,23,6,2,23,6,2,23,6,1,23,6,1,23,6,0,23,6,0,23,6,2,23,6
74.9,0,23,6,1,23,6,2,23,6,0,23,6,1,23,6,2,23,6,0,23,6,1,23,6,2,23,6,2,23,6,1,23,6,1,23,6,0,23,6,0,23,6,2,23,6
75,0,23,6,1,23,6,2,23,6,0,23,6,1,23,6,2,23,6,0,23,6,1,23,6,2,23,6,2,23,6,1,23,6,1,23,6,0,23,6,0,23,6,2,23,6
75.1,0,23,6,2,23,6,1,23,6,1,23,6,0,23,6,0,23,6,2,23,6,2,23,6,1,23,6,1,23,6,0,23,6,0,23,6,2,23,6,2,23,6,1,23,6
75.2,0,23,6,2,23,6,1,23,6,1,23,6,0,23,6,0,23,6,2,23,6,2,23,6,1,23,6,1,23,6,0,23,6,0,23,6,2,23,6,2,23,6,1,23,6
75.3,0,23,6,2,23,6,1,23,6,1,23,6,0,23,6,0,23,6,2,23,6,2,23,6,1,23,6,1,23,6,0,23,6,0,23,6,2,23,6,2,23,6,1,23,6
75.4,0,23,6,2,23,6,1,23,6,1,23,6,0,23,6,0,23,6,2,23,6,2,23,6,1,23,6,1,23,6,0,23,6,0,23,6,2,23,6,2,23,6,1,23,6
75.5,0,23,6,2,23,6,1,23,6,1,23,6,0,23,6,0,23,6,2,23,6,2,23,6,1,23,6,1,23,6,0,23,6,0,23,6,2,23,6,2,23,6,1,23,6
75.6,2,23,6,1,23,6,0,23,6,0,23,6,2,23,6,2,23,6,1,23,6,1,23,6,0,23,6,2,23,6,2,23,6,1,23,6,1,23,6,0,23,6,0,23,6
75.7,2,23,6,1,23,6,0,23,6,0,23,6,2,23,6,2,23,6,1,23,6,1,23,6,0,23,6,2,23,6,2,23,6,1,23,6,1,23,6,0,23,6,0,23,6
75.8,2,23,6,1,23,6,0,23,6,0,23,6,2,23,6,2,23,6,1,23,6,1,23,6,0,23,6,2,23,6,2,23,6,1,23,6,1,23,6,0,23,6,0,23,6
75.9,2,23,6,1,23,6,0,23,6,0,23,6,2,23,6,2,23,6,1,23,6,1,23,6,0,23,6,2,23,6,2,23,6,1,23,6,1,23,6,0,23,6,0,23,6
76,2,23,6,1,23,6,0,23,6,0,23,6,2,23,6,2,23,6,1,23,6,1,23,6,0,23,6,2,23,6,2,23,6,1,23,6,1,23,6,0,23,6,0,23,6
76.1,2,23,6,1,23,6,0,23,6,0,23,6,2,23,6,2,23,6,1,23,6,1,23,6,0,23,6,2,23,6,2,23,6,1,23,6,1,23,6,0,23,6,0,23,6
76.2,2,23,6,1,23,6,0,23,6,0,23,6,2,23,6,2,23,6,1,23,6,1,23,6,0,23,6,2,23,6,2,23,6,1,23,6,1,23,6,0,23,6,0,23,6
76.3,2,23,6,1,23,6,0,23,6,0,23,6,2,23,6,2,23,6,1,23,6,1,23,6,0,23,6,2,23,6,2,23,6,1,23,6,1,23,6,0,23,6,0,23,6
76.4,2,23,6,1,23,6,0,23,6,0,23,6,2,23,6,2,23,6,1,23,6,1,23,6,0,23,6,2,23,6,2,23,6,1,23,6,1,23,6,0,23,6,0,23,6
76.5,2,23,6,1,23,6,0,23,6,0,23,6,2,23,6,2,23,6,1,23,6,1,23,6,0,23,6,2,23,6,2,23,6,1,23,6,1,23,6,0,23,6,0,23,6
76.6,1,23,6,2,23,6,0,23,6,1,23,6,1,23,6,0,23,6,2,23,6,2,23,6,0,23,6,1,23,6,1,23,6,0,23,6,2,23,6,2,23,6,0,23,6
76.7,1,23,6,2,23,6,0,23,6,1,23,6,1,23,6,0,23,6,2,23,6,2,23,6,0,23,6,1,23,6,1,23,6,0,23,6,2,23,6,2,23,6,0,23,6
76.8,1,23,6,2,23,6,0,23,6,1,23,6,1,23,6,0,23,6,2,23,6,2,23,6,0,23,6,1,23,6,1,23,6,0,23,6,2,23,6,2,23,6,0,23,6
76.9,1,23,6,2,23,6,0,23,6,1,23,6,1,23,6,0,23,6,2,23,6,2,23,6,0,23,6,1,23,6,1,23,6,0,23,6,2,23,6,2,23,6,0,23,6
77,1,23,6,2,23,6,0,23,6,1,23,6,1,23,6,0,23,6,2,23,6,2,23,6,0,23,6,1,23,6,1,23,6,0,23,6,2,23,6,2,23,6,0,23,6
77.1,0,23,6,2,23,6,1,23,6,0,23,6,0,23,6,1,23,6,2,23,6,2,23,6,0,23,6,1,23,6,1,23,6,0,23,6,2,23,6,2,23,6,0,23,6
77.2,0,23,6,2,23,6,1,23,6,0,23,6,0,23,6,1,23,6,2,23,6,2,23,6,0,23,6,1,23,6,1,23,6,0,23,6,2,23,6,2,23,6,0,23,6
77.3,0,23,6,2,23,6,1,23,6,0,23,6,0,23,6,1,23,6,2,23,6,2,23,6,0,23,6,1,23,6,1,23,6,0,23,6,2,23,6,2,23,6,0,23,6
77.4,0,23,6,2,23,6,1,23,6,0,23,6,0,23,6,1,23,6,2,23,6,2,23,6,0,23,6,1,23,6,1,23,6,0,23,6,2,23,6,2,23,6,0,23,6
77.5,0,23,6,2,23,6,1,23,6,0,23,6,0,23,6,1,23,6,2,23,6,2,23,6,0,23,6,1,23,6,1,23,6,0,23,6,2,23,6,2,23,6,0,23,6
77.6,1,23,6,0,23,6,2,23,6,2,23,6,1,23,6,0,23,6,2,23,6,1,23,6,0,23,6,2,23,6,1,23,6,0,23,6,2,23,6,1,23,6,0,23,6
77.7,1,23,6,0,23,6,2,23,6,2,23,6,1,23,6,0,23,6,2,23,6,1,23,6,0,23,6,2,23,6,1,23,6,0,23,6,2,23,6,1,23,6,0,23,6
77.8,1,23,6,0,23,6,2,23,6,2,23,6,1,23,6,0,23,6,2,23,6,1,23,6,0,23,6,2,23,6,1,23,6,0,23,6,2,23,6,1,23,6,0,23,6
77.9,1,23,6,0,23,6,2,23,6,2,23,6,1,23,6,0,23,6,2,23,6,1,23,6,0,23,6,2,23,6,1,23,6,0,23,6,2,23,6,1,23,6,0,23,6
78,1,23,6,0,23,6,2,23,6,2,23,6,1,23,6,0,23,6,2,23,6,1,23,6,0,23,6,2,23,6,1,23,6,0,23,6,2,23,6,1,23,6,0,23,6
78.1,0,23,6,1,23,6,2,23,6,0,23,6,0,23,6,2,23,6,1,23,6,1,23,6,0,23,6,2,23,6,2,23,6,0,23,6,1,23,6,1,23,6,0,23,6
78.2,0,23,6,1,23,6,2,23,6,0,23,6,0,23,6,2,23,6,1,23,6,1,23,6,0,23,6,2,23,6,2,23,6,0,23,6,1,23,6,1,23,6,0,23,6
78.3,0,23,6,1,23,6,2,23,6,0,23,6,0,23,6,2,23,6,1,23,6,1,23,6,0,23,6,2,23,6,2,23,6,0,23,6,1,23,6,1,23,6,0,23,6
78.4,0,23,6,1,23,6,2,23,6,0,23,6,0,23,6,2,23,6,1,23,6,1,23,6,0,23,6,2,23,6,2,23,6,0,23,6,1,23,6,1,23,6,0,23,6
78.5,0,23,6,1,23,6,2,23,6,0,23,6,0,23,6,2,23,6,1,23,6,1,23,6,0,23,6,2,23,6,2,23,6,0,23,6,1,23,6,1,23,6,0,23,6
78.6,2,23,6,0,23,6,1,23,6,1,23,6,2,23,6,2,23,6,0,23,6,0,23,6,2,23,6,1,23,6,0,23,6,2,23,6,1,23,6,0,23,6,2,23,6
78.7,2,23,6,0,23,6,1,23,6,1,23,6,2,23,6,2,23,6,0,23,6,0,23,6,2,23,6,1,23,6,0,23,6,2,23,6,1,23,6,0,23,6,2,23,6
78.8,2,23,6,0,23,6,1,23,6,1,23,6,2,23,6,2,23,6,0,23,6,0,23,6,2,23,6,1,23,6,0,23,6,2,23,6,1,23,6,0,23,6,2,23,6
78.9,2,23,6,0,23,6,1,23,6,1,23,6,2,23,6,2,23,6,0,23,6,0,23,6,2,23,6,1,23,6,0,23,6,2,23,6,1,23,6,0,23,6,2,23,6
79,2,23,6,0,23,6,1,23,6,1,23,6,2,23,6,2,23,6,0,23,6,0,23,6,2,23,6,1,23,6,0,23,6,2,23,6,1,23,6,0,23,6,2,23,6
79.1,0,23,6,1,23,6,2,23,6,2,23,6,0,23,6,0,23,6,2,23,6,1,23,6,0,23,6,2,23,6,1,23,6,0,23,6,0,23,6,1,23,6,2,23,6
79.2,0,23,6,1,23,6,2,23,6,2,23,6,0,23,6,0,23,6,2,23,6,1,23,6,0,23,6,2,23,6,1,23,6,0,23,6,0,23,6,1,23,6,2,23,6
79.3,0,23,6,1,23,6,2,23,6,2,23,6,0,23,6,0,23,6,2,23,6,1,23,6,0,23,6,2,23,6,1,23,6,0,23,6,0,23,6,1,23,6,2,23,6
79.4,0,23,6,1,23,6,2,23,6,2,23,6,0,23,6,0,23,6,2,23,6,1,23,6,0,23,6,2,23,6,1,23,6,0,23,6,0,23,6,1,23,6,2,23,6
79.5,0,23,6,1,23,6,2,23,6,2,23,6,0,23,6,0,23,6,2,23,6,1,23,6,0,23,6,2,23,6,1,23,6,0,23,6,0,23,6,1,23,6,2,23,6
79.6,0,23,6,1,23,6,2,23,6,0,23,6,0,23,6,2,23,6,2,23,6,1,23,6,0,23,6,0,23,6,2,23,6,2,23,6,1,23,6,1,23,6,0,23,6
79.7,0,23,6,1,23,6,2,23,6,0,23,6,0,23,6,2,23,6,2,23,6,1,23,6,0,23,6,0,23,6,2,23,6,2,23,6,1,23,6,1,23,6,0,23,6
79.8,0,23,6,1,23,6,2,23,6,0,23,6,0,23,6,2,23,6,2,23,6,1,23,6,0,23,6,0,23,6,2,23,6,2,23,6,1,23,6,1,23,6,0,23,6
79.9,0,23,6,1,23,6,2,23,6,0,23,6,0,23,6,2,23,6,2,23,6,1,23,6,0,23,6,0,23,6,2,23,6,2,23,6,1,23,6,1,23,6,0,23,6
80,0,23,6,1,23,6,2,23,6,0,23,6,0,23,6,2,23,6,2,23,6,1,23,6,0,23,6,0,23,6,2,23,6,2,23,6,1,23,6,1,23,6,0,23,6
80.1,2,23,6,0,23,6,1,23,6,2,23,6,0,23,6,1,23,6,2,23,6,1,23,6,0,23,6,2,23,6,1,23,6,0,23,6,2,23,6,1,23,6,0,23,6
80.2,2,23,6,0,23,6,1,23,6,2,23,6,0,23,6,1,23,6,2,23,6,1,23,6,0,23,6,2,23,6,1,23,6,0,23,6,2,23,6,1,23,6,0,23,6
80.3,2,23,6,0,23,6,1,23,6,2,23,6,0,23,6,1,23,6,2,23,6,1,23,6,0,23,6,2,23,6,1,23,6,0,23,6,2,23,6,1,23,6,0,23,6
80.4,2,23,6,0,23,6,1,23,6,2,23,6,0,23,6,1,23,6,2,23,6,1,23,6,0,23,6,2,23,6,1,23,6,0,23,6,2,23,6,1,23,6,0,23,6
80.5,2,23,6,0,23,6,1,23,6,2,23,6,0,23,6,1,23,6,2,23,6,1,23,6,0,23,6,2,23,6,1,23,6,0,23,6,2,23,6,1,23,6,0,23,6
80.6,2,23,6,0,23,6,1,23,6,2,23,6,0,23,6,1,23,6,2,23,6,1,23,6,0,23,6,2,23,6,1,23,6,0,23,6,2,23,6,1,23,6,0,23,6
80.7,2,23,6,0,23,6,1,23,6,2,23,6,0,23,6,1,23,6,2,23,6,1,23,6,0,23,6,2,23,6,1,23,6,0,23,6,2,23,6,1,23,6,0,23,6
80.8,2,23,6,0,23,6,1,23,6,2,23,6,0,23,6,1,23,6,2,23,6,1,23,6,0,23,6,2,23,6,1,23,6,0,23,6,2,23,6,1,23,6,0,23,6
80.9,2,23,6,0,23,6,1,23,6,2,23,6,0,23,6,1,23,6,2,23,6,1,23,6,0,23,6,2,23,6,1,23,6,0,23,6,2,23,6,1,23,6,0,23,6
81,2,23,6,0,23,6,1,23,6,2,23,6,0,23,6,1,23,6,2,23,6,1,23,6,0,23,6,2,23,6,1,23,6,0,23,6,2,23,6,1,23,6,0,23,6
81.1,0,23,6,1,23,6,2,23,6,0,23,6,1,23,6,1,23,6,2,23,6,2,23,6,0,23,6,2,23,6,1,23,6,0,23,6,2,23,6,1,23,6,0,23,6
81.2,0,23,6,1,23,6,2,23,6,0,23,6,1,23,6,1,23,6,2,23,6,2,23,6,0,23,6,2,23,6,1,23,6,0,23,6,2,23,6,1,23,6,0,23,6
81.3,0,23,6,1,23,6,2,23,6,0,23,6,1,23,6,1,23,6,2,23,6,2,23,6,0,23,6,2,23,6,1,23,6,0,23,6,2,23,6,1,23,6,0,23,6
81.4,0,23,6,1,23,6,2,23,6,0,23,6,1,23,6,1,23,6,2,23,6,2,23,6,0,23,6,2,23,6,1,23,6,0,23,6,2,23,6,1,23,6,0,23,6
81.5,0,23,6,1,23,6,2,23,6,0,23,6,1,23,6,1,23,6,2,23,6,2,23,6,0,23,6,2,23,6,1,23,6,0,23,6,2,23,6,1,23,6,0,23,6
81.6,0,23,6,2,23,6,1,23,6,0,23,6,2,23,6,2,23,6,1,23,6,1,23,6,0,23,6,0,23,6,2,23,6,2,23,6,1,23,6,1,23,6,0,23,6
81.7,0,23,6,2,23,6,1,23,6,0,23,6,2,23,6,2,23,6,1,23,6,1,23,6,0,23,6,0,23,6,2,23,6,2,23,6,1,23,6,1,23,6,0,23,6
81.8,0,23,6,2,23,6,1,23,6,0,23,6,2,23,6,2,23,6,1,23,6,1,23,6,0,23,6,0,23,6,2,23,6,2,23,6,1,23,6,1,23,6,0,23,6
81.9,0,23,6,2,23,6,1,23,6,0,23,6,2,23,6,2,23,6,1,23,6,1,23,6,0,23,6,0,23,6,2,23,6,2,23,6,1,23,6,1,23,6,0,23,6
82,0,23,6,2,23,6,1,23,6,0,23,6,2,23,6,2,23,6,1,23,6,1,23,6,0,23,6,0,23,6,2,23,6,2,23,6,1,23,6,1,23,6,0,23,6
82.1,1,23,6,0,23,6,2,23,6,2,23,6,0,23,6,1,23,6,1,23,6,2,23,6,0,23,6,0,23,6,2,23,6,2,23,6,1,23,6,1,23,6,0,23,6
82.2,1,23,6,0,23,6,2,23,6,2,23,6,0,23,6,1,23,6,1,23,6,2,23,6,0,23,6,0,23,6,2,23,6,2,23,6,1,23,6,1,23,6,0,23,6
82.3,1,23,6,0,23,6,2,23,6,2,23,6,0,23,6,1,23,6,1,23,6,2,23,6,0,23,6,0,23,6,2,23,6,2,23,6,1,23,6,1,23,6,0,23,6
82.4,1,23,6,0,23,6,2,23,6,2,23,6,0,23,6,1,23,6,1,23,6,2,23,6,0,23,6,0,23,6,2,23,6,2,23,6,1,23,6,1,23,6,0,23,6
82.5,1,23,6,0,23,6,2,23,6,2,23,6,0,23,6,1,23,6,1,23,6,2,23,6,0,23,6,0,23,6,2,23,6,2,23,6,1,23,6,1,23,6,0,23,6
82.6,2,23,6,0,23,6,1,23,6,1,23,6,2,23,6,2,23,6,0,23,6,0,23,6,1,23,6,0,23,6,2,23,6,2,23,6,1,23,6,1,23,6,0,23,6
82.7,2,23,6,0,23,6,1,23,6,1,23,6,2,23,6,2,23,6,0,23,6,0,23,6,1,23,6,0,23,6,2,23,6,2,23,6,1,23,6,1,23,6,0,23,6
82.8,2,23,6,0,23,6,1,23,6,1,23,6,2,23,6,2,23,6,0,23,6,0,23,6,1,23,6,0,23,6,2,23,6,2,23,6,1,23,6,1,23,6,0,23,6
82.9,2,23,6,0,23,6,1,23,6,1,23,6,2,23,6,2,23,6,0,23,6,0,23,6,1,23,6,0,23,6,2,23,6,2,23,6,1,23,6,1,23,6,0,23,6
83,2,23,6,0,23,6,1,23,6,1,23,6,2,23,6,2,23,6,0,23,6,0,23,6,1,23,6,0,23,6,2,23,6,2,23,6,1,23,6,1,23,6,0,23,6
83.1,2,23,6,0,23,6,1,23,6,1,23,6,2,23,6,2,23,6,0,23,6,0,23,6,1,23,6,0,23,6,2,23,6,2,23,6,1,23,6,1,23,6,0,23,6
83.2,2,23,6,0,23,6,1,23,6,1,23,6,2,23,6,2,23,6,0,23,6,0,23,6,1,23,6,0,23,6,2,23,6,2,23,6,1,23,6,1,23,6,0,23,6
83.3,2,23,6,0,23,6,1,23,6,1,23,6,2,23,6,2,23,6,0,23,6,0,23,6,1,23,6,0,23,6,2,23,6,2,23,6,1,23,6,1,23,6,0,23,6
83.4,2,23,6,0,23,6,1,23,6,1,23,6,2,23,6,2,23,6,0,23,6,0,23,6,1,23,6,0,23,6,2,23,6,2,23,6,1,23,6,1,23,6,0,23,6
83.5,2,23,6,0,23,6,1,23,6,1,23,6,2,23,6,2,23,6,0,23,6,0,23,6,1,23,6,0,23,6,2,23,6,2,23,6,1,23,6,1,23,6,0,23,6
83.6,1,23,6,0,23,6,2,23,6,1,23,6,0,23,6,0,23,6,1,23,6,2,23,6,2,23,6,2,23,6,0,23,6,1,23,6,1,23,6,2,23,6,0,23,6
83.7,1,23,6,0,23,6,2,23,6,1,23,6,0,23,6,0,23,6,1,23,6,2,23,6,2,23,6,2,23,6,0,23,6,1,23,6,1,23,6,2,23,6,0,23,6
83.8,1,23,6,0,23,6,2,23,6,1,23,6,0,23,6,0,23,6,1,23,6,2,23,6,2,23,6,2,23,6,0,23,6,1,23,6,1,23,6,2,23,6,0,23,6
83.9,1,23,6,0,23,6,2,23,6,1,23,6,0,23,6,0,23,6,1,23,6,2,23,6,2,23,6,2,23,6,0,23,6,1,23,6,1,23,6,2,23,6,0,23,6
84,1,23,6,0,23,6,2,23,6,1,23,6,0,23,6,0,23,6,1,23,6,2,23,6,2,23,6,2,23,6,0,23,6,1,23,6,1,23,6,2,23,6,0,23,6
84.1,0,23,6,2,23,6,1,23,6,0,23,6,2,23,6,1,23,6,0,23,6,2,23,6,1,23,6,0,23,6,2,23,6,2,23,6,1,23,6,1,23,6,0,23,6
84.2,0,23,6,2,23,6,1,23,6,0,23,6,2,23,6,1,23,6,0,23,6,2,23,6,1,23,6,0,23,6,2,23,6,2,23,6,1,23,6,1,23,6,0,23,6
84.3,0,23,6,2,23,6,1,23,6,0,23,6,2,23,6,1,23,6,0,23,6,2,23,6,1,23,6,0,23,6,2,23,6,2,23,6,1,23,6,1,23,6,0,23,6
84.4,0,23,6,2,23,6,1,23,6,0,23,6,2,23,6,1,23,6,0,23,6,2,23,6,1,23,6,0,23,6,2,23,6,2,23,6,1,23,6,1,23,6,0,23,6
84.5,0,23,6,2,23,6,1,23,6,0,23,6,2,23,6,1,23,6,0,23,6,2,23,6,1,23,6,0,23,6,2,23,6,2,23,6,1,23,6,1,23,6,0,23,6
84.6,2,23,6,1,23,6,0,23,6,2,23,6,2,23,6,1,23,6,1,23,6,0,23,6,0,23,6,0,23,6,2,23,6,2,23,6,1,23,6,1,23,6,0,23,6
84.7,2,23,6,1,23,6,0,23,6,2,23,6,2,23,6,1,23,6,1,23,6,0,23,6,0,23,6,0,23,6,2,23,6,2,23,6,1,23,6,1,23,6,0,23,6
84.8,2,23,6,1,23,6,0,23,6,2,23,6,2,23,6,1,23,6,1,23,6,0,23,6,0,23,6,0,23,6,2,23,6,2,23,6,1,23,6,1,23,6,0,23,6
84.9,2,23,6,1,23,6,0,23,6,2,23,6,2,23,6,1,23,6,1,23,6,0,23,6,0,23,6,0,23,6,2,23,6,2,23,6,1,23,6,1,23,6,0,23,6
85,2,23,6,1,23,6,0,23,6,2,23,6,2,23,6,1,23,6,1,23,6,0,23,6,0,23,6,0,23,6,2,23,6,2,23,6,1,23,6,1,23,6,0,23,6
85.1,2,23,6,1,23,6,0,23,6,2,23,6,2,23,6,1,23,6,1,23,6,0,23,6,0,23,6,0,23,6,2,23,6,2,23,6,1,23,6,1,23,6,0,23,6
85.2,2,23,6,1,23,6,0,23,6,2,23,6,2,23,6,1,23,6,1,23,6,0,23,6,0,23,6,0,23,6,2,23,6,2,23,6,1,23,6,1,23,6,0,23,6
85.3,2,23,6,1,23,6,0,23,6,2,23,6,2,23,6,1,23,6,1,23,6,0,23,6,0,23,6,0,23,6,2,23,6,2,23,6,1,23,6,1,23,6,0,23,6
85.4,2,23,6,1,23,6,0,23,6,2,23,6,2,23,6,1,23,6,1,23,6,0,23,6,0,23,6,0,23,6,2,23,6,2,23,6,1,23,6,1,23,6,0,23,6
85.5,2,23,6,1,23,6,0,23,6,2,23,6,2,23,6,1,23,6,1,23,6,0,23,6,0,23,6,0,23,6,2,23,6,2,23,6,1,23,6,1,23,6,0,23,6
85.6,2,23,6,1,23,6,0,23,6,2,23,6,2,23,6,1,23,6,1,23,6,0,23,6,0,23,6,0,23,6,2,23,6,2,23,6,1,23,6,1,23,6,0,23,6
85.7,2,23,6,1,23,6,0,23,6,2,23,6,2,23,6,1,23,6,1,23,6,0,23,6,0,23,6,0,23,6,2,23,6,2,23,6,1,23,6,1,23,6,0,23,6
85.8,2,23,6,1,23,6,0,23,6,2,23,6,2,23,6,1,23,6,1,23,6,0,23,6,0,23,6,0,23,6,2,23,6,2,23,6,1,23,6,1,23,6,0,23,6
85.9,2,23,6,1,23,6,0,23,6,2,23,6,2,23,6,1,23,6,1,23,6,0,23,6,0,23,6,0,23,6,2,23,6,2,23,6,1,23,6,1,23,6,0,23,6
86,2,23,6,1,23,6,0,23,6,2,23,6,2,23,6,1,23,6,1,23,6,0,23,6,0,23,6,0,23,6,2,23,6,2,23,6,1,23,6,1,23,6,0,23,6
86.1,1,23,6,2,23,6,0,23,6,0,23,6,2,23,6,1,23,6,1,23,6,2,23,6,0,23,6,0,23,6,2,23,6,2,23,6,1,23,6,1,23,6,0,23,6
86.2,1,23,6,2,23,6,0,23,6,0,23,6,2,23,6,1,23,6,1,23,6,2,23,6,0,23,6,0,23,6,2,23,6,2,23,6,1,23,6,1,23,6,0,23,6
86.3,1,23,6,2,23,6,0,23,6,0,23,6,2,23,6,1,23,6,1,23,6,2,23,6,0,23,6,0,23,6,2,23,6,2,23,6,1,23,6,1,23,6,0,23,6
86.4,1,23,6,2,23,6,0,23,6,0,23,6,2,23,6,1,23,6,1,23,6,2,23,6,0,23,6,0,23,6,2,23,6,2,23,6,1,23,6,1,23,6,0,23,6
86.5,1,23,6,2,23,6,0,23,6,0,23,6,2,23,6,1,23,6,1,23,6,2,23,6,0,23,6,0,23,6,2,23,6,2,23,6,1,23,6,1,23,6,0,23,6
86.6,1,23,6,2,23,6,0,23,6,0,23,6,2,23,6,1,23,6,1,23,6,2,23,6,0,23,6,0,23,6,2,23,6,2,23,6,1,23,6,1,23,6,0,23,6
86.7,1,23,6,2,23,6,0,23,6,0,23,6,2,23,6,1,23,6,1,23,6,2,23,6,0,23,6,0,23,6,2,23,6,2,23,6,1,23,6,1,23,6,0,23,6
86.8,1,23,6,2,23,6,0,23,6,0,23,6,2,23,6,1,23,6,1,23,6,2,23,6,0,23,6,0,23,6,2,23,6,2,23,6,1,23,6,1,23,6,0,23,6
86.9,1,23,6,2,23,6,0,23,6,0,23,6,2,23,6,1,23,6,1,23,6,2,23,6,0,23,6,0,23,6,2,23,6,2,23,6,1,23,6,1,23,6,0,23,6
87,1,23,6,2,23,6,0,23,6,0,23,6,2,23,6,1,23,6,1,23,6,2,23,6,0,23,6,0,23,6,2,23,6,2,23,6,1,23,6,1,23,6,0,23,6
87.1,2,23,6,1,23,6,0,23,6,0,23,6,1,23,6,2,23,6,2,23,6,2,23,6,0,23,6,0,23,6,1,23,6,1,23,6,2,23,6,1,23,6,0,23,6
87.2,2,23,6,1,23,6,0,23,6,0,23,6,1,23,6,2,23,6,2,23,6,2,23,6,0,23,6,0,23,6,1,23,6,1,23,6,2,23,6,1,23,6,0,23,6
87.3,2,23,6,1,23,6,0,23,6,0,23,6,1,23,6,2,23,6,2,23,6,2,23,6,0,23,6,0,23,6,1,23,6,1,23,6,2,23,6,1,23,6,0,23,6
87.4,2,23,6,1,23,6,0,23,6,0,23,6,1,23,6,2,23,6,2,23,6,2,23,6,0,23,6,0,23,6,1,23,6,1,23,6,2,23,6,1,23,6,0,23,6
87.5,2,23,6,1,23,6,0,23,6,0,23,6,1,23,6,2,23,6,2,23,6,2,23,6,0,23,6,0,23,6,1,23,6,1,23,6,2,23,6,1,23,6,0,23,6
87.6,2,23,6,1,23,6,0,23,6,0,23,6,1,23,6,2,23,6,2,23,6,2,23,6,0,23,6,0,23,9,1,23,6,1,23,6,2,23,6,1,23,6,0,23,6
87.7,2,23,6,1,23,6,0,23,6,0,23,6,1,23,6,2,23,6,2,23,6,2,23,6,0,23,6,0,23,9,1,23,6,1,23,6,2,23,6,1,23,6,0,23,6
87.8,2,23,6,1,23,6,0,23,6,0,23,6,1,23,6,2,23,6,2,23,6,2,23,6,0,23,6,0,23,9,1,23,6,1,23,6,2,23,6,1,23,6,0,23,6
87.9,2,23,6,1,23,6,0,23,6,0,23,6,1,23,6,2,23,6,2,23,6,2,23,6,0,23,6,0,23,9,1,23,6,1,23,6,2,23,6,1,23,6,0,23,6
88,2,23,6,1,23,6,0,23,6,0,23,6,1,23,6,2,23,6,2,23,6,2,23,6,0,23,6,0,23,9,1,23,6,1,23,6,2,23,6,1,23,6,0,23,6
88.1,0,23,6,1,23,6,2,23,6,0,23,6,1,23,6,1,23,6,2,23,6,2,23,6,0,23,6,2,23,6,1,23,6,0,23,6,2,23,6,1,23,6,0,23,6
88.2,0,23,6,1,23,6,2,23,6,0,23,6,1,23,6,1,23,6,2,23,6,2,23,6,0,23,6,2,23,6,1,23,6,0,23,6,2,23,6,1,23,6,0,23,6
88.3,0,23,6,1,23,6,2,23,6,0,23,6,1,23,6,1,23,6,2,23,6,2,23,6,0,23,6,2,23,6,1,23,6,0,23,6,2,23,6,1,23,6,0,23,6
88.4,0,23,6,1,23,6,2,23,6,0,23,6,1,23,6,1,23,6,2,23,6,2,23,6,0,23,6,2,23,6,1,23,6,0,23,6,2,23,6,1,23,6,0,23,6
88.5,0,23,6,1,23,6,2,23,6,0,23,6,1,23,6,1,23,6,2,23,6,2,23,6,0,23,6,2,23,6,1,23,6,0,23,6,2,23,6,1,23,6,0,23,6
88.6,1,23,6,2,23,6,0,23,6,0,23,6,1,23,6,1,23,6,2,23,6,2,23,6,0,23,6,2,23,6,1,23,6,0,23,6,2,23,6,1,23,6,0,23,6
88.7,1,23,6,2,23,6,0,23,6,0,23,6,1,23,6,1,23,6,2,23,6,2,23,6,0,23,6,2,23,6,1,23,6,0,23,6,2,23,6,1,23,6,0,23,6
88.8,1,23,6,2,23,6,0,23,6,0,23,6,1,23,6,1,23,6,2,23,6,2,23,6,0,23,6,2,23,6,1,23,6,0,23,6,2,23,6,1,23,6,0,23,6
88.9,1,23,6,2,23,6,0,23,6,0,23,6,1,23,6,1,23,6,2,23,6,2,23,6,0,23,6,2,23,6,1,23,6,0,23,6,2,23,6,1,23,6,0,23,6
89,1,23,6,2,23,6,0,23,6,0,23,6,1,23,6,1,23,6,2,23,6,2,23,6,0,23,6,2,23,6,1,23,6,0,23,6,2,23,6,1,23,6,0,23,6
89.1,1,23,6,2,23,6,0,23,6,0,23,6,1,23,6,1,23,6,2,23,6,2,23,6,0,23,6,2,23,6,1,23,6,0,23,6,2,23,6,1,23,6,0,23,6
89.2,1,23,6,2,23,6,0,23,6,0,23,6,1,23,6,1,23,6,2,23,6,2,23,6,0,23,6,2,23,6,1,23,6,0,23,6,2,23,6,1,23,6,0,23,6
89.3,1,23,6,2,23,6,0,23,6,0,23,6,1,23,6,1,23,6,2,23,6,2,23,6,0,23,6,2,23,6,1,23,6,0,23,6,2,23,6,1,23,6,0,23,6
89.4,1,23,6,2,23,6,0,23,6,0,23,6,1,23,6,1,23,6,2,23,6,2,23,6,0,23,6,2,23,6,1,23,6,0,23,6,2,23,6,1,23,6,0,23,6
89.5,1,23,6,2,23,6,0,23,6,0,23,6,1,23,6,1,23,6,2,23,6,2,23,6,0,23,6,2,23,6,1,23,6,0,23,6,2,23,6,1,23,6,0,23,6
89.6,0,23,6,1,23,6,2,23,6,0,23,6,1,23,6,1,23,6,2,23,6,2,23,6,0,23,6,2,23,6,1,23,6,0,23,6,2,23,6,1,23,6,0,23,6
89.7,0,23,6,1,23,6,2,23,6,0,23,6,1,23,6,1,23,6,2,23,6,2,23,6,0,23,6,2,23,6,1,23,6,0,23,6,2,23,6,1,23,6,0,23,6
89.8,0,23,6,1,23,6,2,23,6,0,23,6,1,23,6,1,23,6,2,23,6,2,23,6,0,23,6,2,23,6,1,23,6,0,23,6,2,23,6,1,23,6,0,23,6
89.9,0,23,6,1,23,6,2,23,6,0,23,6,1,23,6,1,23,6,2,23,6,2,23,6,0,23,6,2,23,6,1,23,6,0,23,6,2,23,6,1,23,6,0,23,6
90,0,23,6,1,23,6,2,23,6,0,23,6,1,23,6,1,23,6,2,23,6,2,23,6,0,23,6,2,23,6,1,23,6,0,23,6,2,23,6,1,23,6,0,23,6
90.1,0,23,6,1,23,6,2,23,6,0,23,6,1,23,6,1,23,6,2,23,6,2,23,6,0,23,6,2,23,6,1,23,6,0,23,6,2,23,6,1,23,6,0,23,6
90.2,0,23,6,1,23,6,2,23,6,0,23,6,1,23,6,1,23,6,2,23,6,2,23,6,0,23,6,2,23,6,1,23,6,0,23,6,2,23,6,1,23,6,0,23,6
