time,uav0_pdr,uav0_delay,uav0_throughput,uav1_pdr,uav1_delay,uav1_throughput,uav2_pdr,uav2_delay,uav2_throughput,uav3_pdr,uav3_delay,uav3_throughput,uav4_pdr,uav4_delay,uav4_throughput,uav5_pdr,uav5_delay,uav5_throughput,uav6_pdr,uav6_delay,uav6_throughput,uav7_pdr,uav7_delay,uav7_throughput,uav8_pdr,uav8_delay,uav8_throughput,uav9_pdr,uav9_delay,uav9_throughput,uav10_pdr,uav10_delay,uav10_throughput,uav11_pdr,uav11_delay,uav11_throughput,uav12_pdr,uav12_delay,uav12_throughput,uav13_pdr,uav13_delay,uav13_throughput,uav14_pdr,uav14_delay,uav14_throughput,uav15_pdr,uav15_delay,uav15_throughput,uav16_pdr,uav16_delay,uav16_throughput,uav17_pdr,uav17_delay,uav17_throughput,uav18_pdr,uav18_delay,uav18_throughput,uav19_pdr,uav19_delay,uav19_throughput,uav20_pdr,uav20_delay,uav20_throughput,uav21_pdr,uav21_delay,uav21_throughput,uav22_pdr,uav22_delay,uav22_throughput,uav23_pdr,uav23_delay,uav23_throughput,uav24_pdr,uav24_delay,uav24_throughput,uav25_pdr,uav25_delay,uav25_throughput,uav26_pdr,uav26_delay,uav26_throughput,uav27_pdr,uav27_delay,uav27_throughput,uav28_pdr,uav28_delay,uav28_throughput,uav29_pdr,uav29_delay,uav29_throughput
1,0,0,0,0,0,0,0,0,0,0,0,0,0,0,0,0,0,0,0,0,0,0,0,0,0,0,0,0,0,0,0,0,0,0,0,0,0,0,0,0,0,0,0,0,0,0,0,0,0,0,0,0,0,0,0,0,0,0,0,0,0,0,0,0,0,0,0,0,0,0,0,0,0,0,0,0,0,0,0,0,0,0,0,0,0,0,0,0,0,0
2,0.5,0.00115839,50496,0,0,0,0,0,0,1,0.00253273,67328,1,0.00312863,58912,1,0.0029417,50496,1,0.00399798,33664,1,0.0031772,25248,1,0.00313972,16832,1,0.00577565,8416,0,0,0,0,0,0,0,0,0,0,0,0,0,0,0,0,0,0,0,0,0,0,0,0,0,0,0,0,0,0,0,0,0,0,0,0,0,0,0,0,0,0,0,0,0,0,0,0,0,0,0,0,0,0,0,0,0,0,0,0
3,0.5,0.00127409,67328,0,0,0,0,0,0,1,0.00295535,112213,1,0.00281536,106603,1,0.00273558,100992,1,0.0034208,95381.3,1,0.00260168,84160,1,0.00268998,78549.3,1,0.00318148,72938.7,0.5,0.000812716,33664,0.5,0.00107334,28053.3,1,0.00376542,50496,0.5,0.00106167,22442.7,0.5,0.00132116,19637.3,1,0.00350832,33664,0.5,0.00180739,11221.3,0.5,0.000995933,8416,1,0.00517625,11221.3,1,0.00691807,5610.67,0,0,0,0,0,0,0,0,0,0,0,0,0,0,0,0,0,0,0,0,0,0,0,0,0,0,0,0,0,0
4,0.5,0.00156933,75744,0,0,0,0,0,0,1,0.00350991,134656,1,0.00328867,130448,1,0.00326417,126240,1,0.00366213,122032,1,0.00271683,117824,1,0.00277907,109408,1,0.00395273,105200,0.5,0.00136558,50496,0.5,0.00101636,48392,1,0.00350465,88368,0.5,0.00124669,42080,0.5,0.00135324,39976,1,0.00306153,75744,0.5,0.00100288,35768,0.5,0.000816279,31560,1,0.0042583,58912,1,0.00348391,54704,0.5,0.00102526,25248,0.5,0.00115638,21040,1,0.00319641,37872,1,0.00479994,33664,0,0,0,0,0,0,0,0,0,0.5,0.00399781,6312,0,0,0,0,0,0
5,0.5,0.00174853,80793.6,0,0,0,0,0,0,1,0.00375053,151488,1,0.00364391,144755,1,0.00376161,141389,1,0.00374725,138022,1,0.00276368,134656,1,0.00280081,131290,1,0.00428677,124557,0.5,0.00142876,60595.2,0.5,0.00101758,58912,1,0.00349107,114458,0.5,0.00140287,53862.4,0.5,0.00159566,52179.2,1,0.00308475,100992,0.5,0.000900451,48812.8,0.5,0.000787995,47129.6,1,0.0042654,87526.4,1,0.00323076,84160,0.5,0.000890278,40396.8,0.5,0.000929763,38713.6,1,0.00311525,70694.4,1,0.00440932,67328,0,0,0,0,0,0,0,0,0,0.5,0.00144322,25248,0,0,0,0,0,0
6,0.491803,0.00195077,84160,0,0,0,0,0,0,1,0.00414581,159904,1,0.0045028,157099,1,0.00405634,151488,1,0.00383591,148683,1,0.00278717,145877,1,0.00292647,143072,0.98,0.00467069,137461,0.5,0.00151549,67328,0.5,0.00102207,65925.3,1,0.00401632,129045,0.5,0.00159171,63120,0.5,0.00174613,60314.7,1,0.00318574,117824,0.5,0.00085798,57509.3,0.5,0.00085492,56106.7,1,0.00396221,109408,1,0.00327372,103797,0.5,0.000851247,50496,0.685714,0.226114,67328,1,0.00325013,95381.3,1,0.00440031,89770.7,0.145161,0.324706,12624,0,0,0,0,0,0,0.5,0.00131121,39274.7,0,0,0,0,0,0
7,0.5,0.00199944,87766.9,0,0,0,0,0,0,1,0.00442536,165915,1,0.00451372,163511,1,0.00424644,161106,1,0.00411976,156297,1,0.00279456,153893,1,0.00294505,151488,1,0.00495449,149083,0.491803,0.00159422,72137.1,0.5,0.00111427,70934.9,1,0.00427806,139465,0.5,0.00155196,68530.3,0.5,0.00175412,67328,1,0.00330158,129847,0.5,0.000834741,63721.1,0.5,0.000837664,62518.9,1,0.00399285,122633,1,0.0032011,120229,0.645833,0.316022,74541.7,0.765957,0.119039,86564.6,1,0.00323456,110610,1,0.00418287,108206,0.244186,0.139591,25248,0,0,0,0,0,0,0.5,0.00116094,48091.4,0,0,0,0,0,0
8,0.5,0.00206861,89420,0,0,0,0,0,0,1,0.00454216,170424,1,0.00453115,168320,1,0.00432197,166216,1,0.00426712,164112,1,0.00280297,159904,1,0.00297816,157800,1,0.0050355,155696,0.5,0.00161156,76796,0.493056,0.00116501,74692,1,0.00440273,147280,0.5,0.00158335,72588,0.5,0.00183034,71536,1,0.00323199,140968,0.5,0.000820082,68380,0.5,0.000870024,67328,1,0.00390966,132552,1,0.00308643,130448,0.713115,0.164967,91524,0.813559,0.081647,100992,1,0.00311318,122032,1,0.00388315,119928,0.303571,0.0865069,35768,0,0,0,0,0,0,0.5,0.00106736,54704,0,0,0,0,0,0
9,0.5,0.00216861,90705.8,0,0,0,0,0,0,1,0.00473705,173931,1,0.00450076,172060,1,0.00441128,170190,1,0.00429454,168320,1,0.00280758,166450,1,0.00299162,162709,1,0.0050399,160839,0.5,0.00155599,79484.4,0.5,0.001218,78549.3,0.987952,0.0045544,153358,0.5,0.00158708,75744,0.5,0.00181839,74808.9,1,0.00326333,147748,0.5,0.000809292,72938.7,0.5,0.000871117,71068.4,1,0.00385793,140267,1,0.00306536,138396,0.767123,0.114974,104732,0.840278,0.0624041,113148,1,0.00316189,130916,1,0.00379246,129045,0.338235,0.0641369,43015.1,0,0,0,0,0,0,0.5,0.00101908,59847.1,0,0,0,0,0,0
10,0.5,0.00220457,91734.4,0,0,0,0,0,0,1,0.00481144,178419,1,0.00448381,175053,1,0.00447215,173370,1,0.00429799,171686,1,0.00281201,170003,1,0.00310226,168320,1,0.00509249,164954,0.5,0.00156437,81635.2,0.5,0.00124283,80793.6,1,0.00479356,159904,0.5,0.00163186,78268.8,0.5,0.00179894,77427.2,1,0.00332963,153171,0.5,0.000802099,75744,0.5,0.000880904,74902.4,1,0.00387274,146438,1,0.00306928,144755,0.8,0.0885367,114458,0.869048,0.050382,122874,0.987952,0.00321688,138022,1,0.00390757,136339,0.3625,0.0510304,48812.8,0,0,0,0,0,0,0.5,0.00113741,63961.6,0,0,0,0,0,0
11,0.5,0.0022155,93341.1,0,0,0,0,0,0,1,0.00485936,180561,1,0.00449072,179031,1,0.00452355,175971,1,0.00433802,174441,1,0.00281609,172911,1,0.00309287,171380,0.995495,0.00514613,169085,0.5,0.00155175,83394.9,0.5,0.00127053,82629.8,1,0.00483239,163729,0.5,0.00160771,81099.6,0.5,0.00183058,79569.5,1,0.00334056,157609,0.5,0.000796598,78039.3,0.5,0.000900106,77274.2,1,0.00389098,153018,1,0.00303868,149958,0.824742,0.0721755,122415,0.885417,0.0427721,130065,1,0.00319488,145367,1,0.00397415,142307,0.380435,0.0424118,53556.4,0,0,0,0,0,0,0.5,0.00114533,68093.1,0,0,0,0,0,0
12,0.5,0.00225491,93978.7,0,0,0,0,0,0,1,0.00492426,182347,1,0.00449248,180944,1,0.00454114,179541,1,0.0043787,176736,1,0.00281821,175333,1,0.00311038,173931,1,0.00512578,172528,0.5,0.00155423,85562.7,0.5,0.00129277,84160,1,0.0048578,166917,0.5,0.00162143,82757.3,0.5,0.00182284,82056,1,0.00333133,161307,0.5,0.000792255,79952,0.5,0.000896509,79250.7,1,0.00389139,157099,1,0.00300228,155696,0.844037,0.0610427,129045,0.898148,0.037286,136059,1,0.0031947,150085,1,0.00399402,148683,0.394231,0.0363157,57509.3,0,0,0,0,0,0,0.5,0.0011432,70834.7,0,0,0,0,0,0
13,0.5,0.00224589,94518.2,0,0,0,0,0,0,1,0.00497279,183857,1,0.00448168,182562,1,0.00455304,181268,1,0.00443362,179973,1,0.00282294,177383,1,0.00311826,176089,1,0.00514591,174794,0.5,0.00157914,86749.5,0.5,0.00132852,86102.2,1,0.00482275,169615,0.5,0.00160131,84160,0.5,0.00187008,83512.6,1,0.00346037,165730,0.5,0.000791453,81570.5,0.5,0.000893539,80923.1,1,0.0040217,160551,1,0.00298518,159257,0.860656,0.0524366,135951,0.908333,0.0331686,141130,1,0.00325559,154078,1,0.00407718,152783,0.405983,0.0314509,61501.5,0,0,0,0,0,0,0.5,0.00112063,73154.5,0,0,0,0,0,0
14,0.5,0.00225337,94980.6,0,0,0,0,0,0,0.993548,0.00503548,185152,1,0.00448035,183950,1,0.00456567,182747,1,0.00444667,181545,1,0.00282316,180343,1,0.00311531,177938,1,0.00515229,176736,0.5,0.00158784,87766.9,0.5,0.00134034,87165.7,0.993056,0.00486257,171927,0.5,0.00161358,85362.3,0.5,0.00185052,84761.1,1,0.00344669,168320,0.5,0.000788076,83558.9,0.5,0.000886553,82356.6,1,0.00403161,163511,1,0.00300029,162309,0.873134,0.0464684,140667,0.917293,0.0296433,146679,1,0.00324373,157499,1,0.00410122,156297,0.414729,0.0280132,64322.3,0,0,0,0,0,0,0.5,0.00111623,75142.9,0,0,0,0,0,0
15,0.5,0.00227421,95381.3,0,0,0,0,0,0,1,0.0051095,187396,0.993976,0.00448766,185152,1,0.0045739,184030,1,0.0044313,182908,1,0.00282335,181786,1,0.0031122,180663,1,0.00518348,178419,0.5,0.00158054,88648.5,0.5,0.00136602,88087.5,1,0.00487538,175053,0.496774,0.00160781,86404.3,0.5,0.00183228,85843.2,1,0.00345946,170564,0.5,0.000785474,84721.1,0.5,0.000883434,84160,1,0.00405964,166076,1,0.00300246,164954,0.883562,0.0417642,144755,0.924138,0.0270293,150366,1,0.00322749,161587,1,0.00409726,159343,0.421986,0.0252672,66766.9,0,0,0,0,0,0,0.5,0.00108937,76866.1,0,0,0,0,0,0
16,0.5,0.00248663,96258,0,0,0,0,0,0,1,0.00514878,188308,1,0.00448627,187256,0.99435,0.00460422,185152,1,0.00442196,184100,1,0.00282479,183048,1,0.00311795,181996,1,0.00574836,180944,0.5,0.00160321,89420,0.5,0.00136478,88894,1,0.00487149,176736,0.5,0.00159349,87842,0.496988,0.00186791,86790,1,0.00347421,172528,0.5,0.000783256,85738,0.5,0.000896862,85212,1,0.00404574,169372,1,0.0030104,167268,0.892405,0.0379985,148332,0.929936,0.0249718,153592,1,0.00322447,164112,0.996774,0.00410006,162534,0.428105,0.0230445,68906,0,0,0,0,0,0,0.5,0.00106043,78900,0,0,0,0,0,0
17,0.5,0.00246625,96536.5,0,0,0,0,0,0,1,0.00518785,189112,1,0.00449771,188122,1,0.00462728,187132,1,0.00441604,185152,1,0.00282657,184162,1,0.0031424,183172,1,0.00571073,182182,0.5,0.00159775,90595.8,0.5,0.00137705,89605.6,1,0.00491696,178221,0.5,0.00159451,88615.5,0.5,0.00184379,88120.5,0.99435,0.00349448,174261,0.5,0.000781342,86635.3,0.5,0.000899142,86140.2,1,0.00405348,171290,1,0.00298548,170300,0.9,0.034884,151488,0.934911,0.0231994,156439,1,0.00320804,166340,1,0.00407319,165350,0.430723,0.0211741,70793.4,0,0,0,0,0,0,0.5,0.00104731,80199.5,0,0,0,0,0,0
18,0.5,0.00247137,96784,0,0,0,0,0,0,1,0.00520616,189828,1,0.00448904,188892,1,0.00462279,187957,1,0.00443379,187022,1,0.00282659,185152,1,0.00313743,184217,1,0.00566478,183282,0.5,0.00159479,91173.3,0.5,0.00137689,90705.8,1,0.00492275,179541,0.5,0.00158571,89303.1,0.5,0.0018305,88835.6,1,0.00346542,176736,0.5,0.000779673,87432.9,0.5,0.000897431,86965.3,1,0.00402022,172996,1,0.0029616,172060,0.907104,0.0320863,155228,0.939227,0.021694,158969,1,0.00320592,168320,1,0.00404504,167385,0.438202,0.0194725,72938.7,0,0,0,0,0,0,0.5,0.00102718,81354.7,0,0,0,0,0,0
19,0.5,0.00246225,97005.5,0,0,0,0,0,0,0.99537,0.0052104,190467,1,0.00448661,189581,1,0.00465838,188696,1,0.00444666,187810,1,0.00282724,186924,1,0.00313903,185152,1,0.00566956,184266,0.5,0.00160538,91690.1,0.5,0.00136643,91247.2,0.997561,0.0049208,181165,0.5,0.00161903,89918.3,0.5,0.00185184,89475.4,1,0.00344238,178065,0.5,0.000778092,88589.5,0.5,0.000898832,87703.6,1,0.00402621,174521,1,0.00295147,173635,0.912821,0.029908,157689,0.943299,0.0203282,162119,1,0.00320966,170092,1,0.0040182,169206,0.442105,0.0181356,74415.2,0,0,0,0,0,0,0.5,0.00103295,82388.2,0,0,0,0,0,0
20,0.5,0.00243595,97204.8,0,0,0,0,0,0,1,0.00525016,191885,0.997797,0.00446635,190622,1,0.00470704,189360,1,0.00445983,188518,1,0.00282631,187677,1,0.00312855,186835,1,0.00568665,185152,0.5,0.00160845,92155.2,0.5,0.00138137,91734.4,1,0.00489703,182627,0.497685,0.00163606,90472,0.5,0.00185598,90051.2,1,0.00343507,179261,0.5,0.000776804,89209.6,0.5,0.000905346,88788.8,1,0.00400321,175894,1,0.00293282,175053,0.917874,0.0280351,159904,0.946602,0.0192191,164112,0.997561,0.00319234,172107,1,0.00396302,170845,0.445545,0.0169769,75744,0,0,0,0,0,0,0.5,0.00101613,83318.4,0,0,0,0,0,0
21,0.5,0.00261209,97785.9,0,0,0,0,0,0,1,0.0052346,192366,1,0.00446558,191564,0.995798,0.00469085,189961,1,0.00446166,189160,1,0.00282743,188358,1,0.0031299,187557,1,0.00566377,186755,0.5,0.00161222,92576,0.5,0.00137628,92175.2,1,0.00494419,183549,0.5,0.00163174,91373.7,0.5,0.00187651,90973,1,0.00343001,180343,0.5,0.000775654,89770.7,0.5,0.000920056,89369.9,1,0.00396903,177938,1,0.00292181,176335,0.922374,0.0264009,161908,0.949541,0.0182914,165915,1,0.00319994,173931,1,0.00391812,173129,0.448598,0.0159631,76946.3,0,0,0,0,0,0,0.5,0.00100314,84560.8,0,0,0,0,0,0
22,0.5,0.00260005,97931.6,0,0,0,0,0,0,1,0.00527864,192803,1,0.00446917,192038,1,0.00469053,191273,0.995984,0.00448519,189743,1,0.00282803,188977,1,0.00312884,188212,1,0.00563995,187447,0.5,0.00162294,93341.1,0.5,0.00138854,92576,1,0.00493716,184387,0.5,0.00162636,91810.9,0.5,0.00190548,91428.4,0.997899,0.00340624,181709,0.5,0.000774622,90280.7,0.5,0.000917085,89898.2,1,0.00395101,179031,1,0.0029227,178266,0.926407,0.0249477,163729,0.952174,0.0173932,167555,1,0.00319955,175206,1,0.00386023,174441,0.451542,0.0150131,78421.8,0,0,0,0,0,0,0.5,0.000992159,85307.6,0,0,0,0,0,0
23,0.5,0.00259097,98064.7,0,0,0,0,0,0,1,0.0052965,193202,1,0.00447437,192470,1,0.00469269,191738,1,0.00447618,191007,0.996154,0.0028286,189543,1,0.0031336,188811,1,0.00562203,188079,0.5,0.00161802,93673.7,0.5,0.00139073,93307.8,1,0.00493758,185152,0.5,0.00164153,92210.1,0.5,0.00190469,91844.2,1,0.00340837,182957,0.5,0.000773615,91112.3,0.5,0.000920371,90380.5,1,0.00397492,180029,1,0.00292404,179297,0.930328,0.023569,166125,0.954545,0.0166253,169052,1,0.00318609,176370,1,0.00390072,175638,0.453975,0.0142247,79403.1,0,0,0,0,0,0,0.5,0.000992435,85989.6,0,0,0,0,0,0
24,0.5,0.0025704,98186.7,0,0,0,0,0,0,1,0.00530907,194269,1,0.00447614,192867,1,0.00468978,192165,1,0.00449168,191464,1,0.00282874,190763,1,0.00312797,189360,1,0.00560985,188659,0.5,0.00160579,93978.7,0.5,0.00139174,93628,0.99812,0.00491411,186204,0.5,0.00163361,92576,0.5,0.00187868,92225.3,1,0.00339793,183749,0.5,0.000772775,91524,0.498077,0.000913872,90822.7,1,0.00396051,180944,1,0.00291854,180243,0.933594,0.0224425,167619,0.956863,0.0158923,171125,1,0.00318032,177437,1,0.00389278,176736,0.456175,0.0135189,80302.7,0,0,0,0,0,0,0.5,0.000980921,86614.7,0,0,0,0,0,0
25,0.5,0.00256408,98298.9,0,0,0,0,0,0,1,0.00531365,194578,0.998264,0.00448179,193568,1,0.00472099,192558,1,0.00448475,191885,1,0.00282964,191212,1,0.0031292,190538,1,0.00560319,189192,0.5,0.0015951,94259.2,0.5,0.00139232,93922.6,1,0.00491038,187172,0.5,0.00161829,93249.3,0.5,0.00187204,92576,1,0.00339913,184479,0.5,0.000772009,91902.7,0.5,0.000908354,91566.1,1,0.00395696,181786,1,0.0029145,181112,0.936567,0.0214304,168993,0.958801,0.0152895,172360,1,0.00318698,179092,1,0.00386919,177746,0.458175,0.0128834,81130.2,0,0,0,0,0,0,0.498077,0.000970474,87189.8,0,0,0,0,0,0
26,0.5,0.0025409,98726.2,0,0,0,0,0,0,1,0.00530474,194863,1,0.00447717,194215,1,0.0047413,193568,1,0.0044756,192273,1,0.00283094,191626,1,0.00313215,190978,1,0.0056088,190331,0.5,0.0015998,94518.2,0.5,0.001393,94194.5,1,0.00492854,187742,0.5,0.00161166,93547.1,0.5,0.0018806,93223.4,1,0.0034028,185152,0.5,0.000771307,92252.3,0.5,0.000906392,91928.6,1,0.00393984,183210,1,0.00291216,181915,0.939286,0.0205231,170262,0.960573,0.0147274,173499,1,0.0031896,179973,1,0.00385358,179326,0.46,0.0123081,81894.2,0,0,0,0,0,0,0.5,0.000971047,88044.3,0,0,0,0,0,0
27,0.5,0.00253463,98810.1,0,0,0,0,0,0,1,0.00533053,195127,1,0.00448791,194503,1,0.00475179,193880,0.998387,0.00447667,192945,1,0.00283115,192009,1,0.00315064,191386,1,0.00565193,190763,0.5,0.0016036,95069.6,0.5,0.00139955,94446.2,1,0.00499923,188269,0.5,0.00162455,93822.8,0.5,0.00188019,93511.1,1,0.00340474,186399,0.5,0.000770662,92576,0.5,0.00090775,92264.3,1,0.00396917,183905,1,0.00290829,183282,0.941781,0.0196959,171437,0.962199,0.0142068,174554,1,0.0031893,180788,1,0.00385944,180165,0.461806,0.0117435,82913.2,0,0,0,0,0,0,0.5,0.000976658,88523.9,0,0,0,0,0,0
28,0.5,0.00252128,98888,0,0,0,0,0,0,1,0.00534515,195371,1,0.00447798,194770,1,0.00475784,194169,1,0.00448943,193568,0.998442,0.00283156,192666,1,0.00316628,191765,1,0.00563262,191163,0.5,0.00159425,95281.1,0.5,0.00141203,94980.6,1,0.00503382,188759,0.5,0.00163113,94078.9,0.5,0.00185901,93778.3,1,0.00340093,186955,0.5,0.000770019,93177.1,0.5,0.00090455,92576,1,0.00396924,184551,1,0.00290562,183950,0.944262,0.0188817,173129,0.963696,0.0137283,175534,1,0.00318133,181545,1,0.00385444,180944,0.463333,0.0112692,83558.9,0,0,0,0,0,0,0.5,0.000967689,88969.1,0,0,0,0,0,0
29,0.5,0.0024991,98960.6,0,0,0,0,0,0,1,0.00534827,196180,1,0.004479,195019,1,0.00474862,194439,1,0.00448913,193858,1,0.00283173,193278,0.996988,0.00316011,192117,1,0.00562616,191537,0.5,0.00158723,95478.1,0.5,0.00141731,95187.9,1,0.00505495,189795,0.5,0.00162967,94317.2,0.5,0.00185157,94027,1,0.00340286,187474,0.5,0.000769472,93446.6,0.498442,0.000902004,92866.2,1,0.00395125,185152,1,0.00290399,184572,0.946372,0.0182023,174124,0.96519,0.0132724,177026,1,0.00317137,182250,1,0.00382839,181670,0.464744,0.0108341,84160,0,0,0,0,0,0,0.5,0.000959419,89383.7,0,0,0,0,0,0
30,0.498588,0.00248719,99028.3,0,0,0,0,0,0,1,0.00535644,196373,1,0.00447637,195812,1,0.00476396,194690,1,0.00447921,194129,1,0.00283214,193568,1,0.00317334,193007,0.997085,0.00560524,191885,0.5,0.00158639,95661.9,0.5,0.00142008,95381.3,1,0.00506379,190202,0.5,0.0016292,94820.3,0.5,0.00184641,94259.2,1,0.00342924,187957,0.5,0.000768965,93698.1,0.5,0.000925245,93417.6,0.998494,0.0039602,185994,1,0.00289436,185152,0.948328,0.0175723,175053,0.966463,0.0128931,177858,1,0.00317193,183469,1,0.0038051,182347,0.466049,0.0104337,84721.1,0,0,0,0,0,0,0.5,0.0009531,90051.2,0,0,0,0,0,0
31,0.5,0.00248679,99363.1,0,0,0,0,0,0,1,0.00534788,196554,1,0.00447712,196011,1,0.0050172,195468,1,0.00447416,194382,1,0.0028317,193839,1,0.00317348,193297,1,0.00560675,192754,0.498588,0.001582,95833.8,0.5,0.00142442,95562.3,1,0.0051065,190582,0.5,0.00163047,95019.4,0.5,0.00196343,94747.9,1,0.00342954,188410,0.5,0.000768493,93933.4,0.5,0.000923019,93661.9,1,0.00393085,186781,0.997085,0.00290134,185695,0.950147,0.0169919,175922,0.967647,0.0125365,178636,1,0.00316065,184066,1,0.00378203,183523,0.467262,0.0100638,85245.9,0,0,0,0,0,0,0.5,0.000945978,90404.1,0,0,0,0,0,0
32,0.5,0.00249124,99414,0,0,0,0,0,0,1,0.00534412,196724,1,0.00446993,196198,1,0.00501105,195672,1,0.00448389,195146,1,0.00283169,194094,1,0.0031662,193568,1,0.00562178,193042,0.5,0.00157834,96258,0.5,0.00142413,95732,1,0.00509714,190938,0.5,0.00164308,95206,0.5,0.00196472,94943,1,0.00342082,189360,0.5,0.000768052,94154,0.5,0.000919315,93891,1,0.0039072,187256,1,0.00290798,186730,0.949153,0.0164558,176736,0.96875,0.0121968,179366,1,0.00315471,184626,1,0.0037637,184100,0.468481,0.00969373,86001,0,0,0,0,0,0,0.5,0.000943733,90735,0,0,0,0,0,0
33,0.5,0.00248943,99461.8,0,0,0,0,0,0,1,0.00534124,196883,1,0.00447133,196373,1,0.004999,195863,1,0.00447657,195353,1,0.00283184,194843,1,0.00316355,193823,1,0.00561262,193313,0.5,0.00157192,96401.5,0.5,0.00142885,96146.4,1,0.00509683,191273,0.5,0.00163537,95381.3,0.5,0.00197017,95126.3,1,0.00342277,189743,0.5,0.000767607,94616.2,0.5,0.000915505,94106.2,1,0.00389598,187702,1,0.00290683,187192,0.953552,0.0159171,178011,0.96978,0.0118808,180051,1,0.00315362,185152,1,0.00376255,184642,0.469529,0.00937733,86455.3,0,0,0,0,0,0,0.5,0.000937403,91045.8,0,0,0,0,0,0
34,0.5,0.00248146,99506.8,0,0,0,0,0,0,1,0.00537057,197528,1,0.00447689,196538,1,0.00499579,196043,1,0.00447601,195548,1,0.00283267,195053,0.998728,0.00317525,194311,1,0.00561034,193568,0.5,0.00155947,96536.5,0.5,0.00142852,96288.9,1,0.00511209,192083,0.5,0.00163665,95546.4,0.5,0.00198168,95298.8,1,0.00343328,190103,0.5,0.000767222,94803.8,0.5,0.00092096,94556.2,1,0.00390534,188122,1,0.00291849,187627,0.955026,0.0154618,178716,0.970822,0.011572,181192,1,0.00313994,185647,1,0.00374387,185152,0.470509,0.00908256,86882.8,0,0,0,0,0,0,0.5,0.000931485,91338.4,0,0,0,0,0,0
35,0.498795,0.00247466,99549.3,0,0,0,0,0,0,1,0.00537165,197656,1,0.00448019,197175,1,0.00500739,196213,1,0.0044845,195732,1,0.00283343,195251,1,0.00317327,194770,0.998762,0.00559937,194049,0.5,0.00156692,96663.8,0.5,0.00143472,96423.3,1,0.00511442,192366,0.5,0.00163579,95942.4,0.5,0.0019685,95461.5,1,0.0034259,190442,0.5,0.000766861,94980.6,0.5,0.000927277,94740.1,0.998728,0.00392692,188759,1,0.00292922,188037,0.95641,0.0150356,179381,0.971722,0.0113043,181786,1,0.00314699,186595,1,0.00373999,185633,0.471429,0.0088076,87285.9,0,0,0,0,0,0,0.5,0.000934745,91854.6,0,0,0,0,0,0
36,0.5,0.00247541,99823.1,0,0,0,0,0,0,1,0.00536926,197776,1,0.00449059,197308,1,0.00500393,196841,1,0.00449147,195906,1,0.00283392,195438,1,0.0031694,194971,1,0.00558505,194503,0.498795,0.00156287,96784,0.5,0.00143793,96550.2,1,0.00510518,192633,0.5,0.00163491,96082.7,0.5,0.00198155,95848.9,1,0.00341804,190763,0.5,0.000766521,95147.6,0.5,0.000923263,94913.8,1,0.00393643,189360,1,0.00293517,188892,0.957711,0.0146298,180009,0.972569,0.0110536,182347,1,0.00314634,187022,1,0.00384477,186555,0.472292,0.00855127,87666.7,0,0,0,0,0,0,0.5,0.000967113,92108.4,0,0,0,0,0,0
37,0.5,0.00248373,99854.7,0,0,0,0,0,0,1,0.00536647,197890,1,0.00449685,197435,1,0.00499653,196980,1,0.00448744,196525,1,0.00283474,195615,1,0.0031646,195160,1,0.0055916,194705,0.5,0.00156151,97125.2,0.498826,0.00143707,96670.3,1,0.00509832,192886,0.5,0.00163024,96215.4,0.5,0.00197294,95987.9,1,0.00342239,191521,0.5,0.0007662,95305.5,0.5,0.000920971,95078.1,1,0.00392405,189701,1,0.00293071,189246,0.957831,0.0142238,180830,0.973366,0.0108161,182877,1,0.0031378,187427,1,0.00383199,186972,0.473171,0.00829006,88254.3,0,0,0,0,0,0,0.5,0.000960856,92348.5,0,0,0,0,0,0
38,0.5,0.00248195,99884.6,0,0,0,0,0,0,1,0.00536592,197997,1,0.00450305,197555,1,0.0049887,197112,1,0.00449062,196669,1,0.00283447,196226,1,0.0031607,195340,1,0.00558908,194897,0.5,0.00156143,97226.9,0.5,0.00142945,97005.5,0.997712,0.00509727,193125,0.5,0.00163322,96341.1,0.5,0.00197484,96119.6,1,0.00341518,191796,0.5,0.000765873,95676.6,0.5,0.000917262,95233.7,1,0.00392811,190024,1,0.00292765,189581,0.960187,0.0138829,181608,0.973005,0.0105944,183602,1,0.0031359,187810,1,0.00383319,187367,0.473934,0.00806402,88589.5,0,0,0,0,0,0,0.5,0.000962103,92576,0,0,0,0,0,0
39,0.5,0.00248371,99913,0,0,0,0,0,0,1,0.00535098,198531,1,0.00450123,197668,1,0.00498937,197237,1,0.00448497,196805,1,0.00283476,196373,1,0.00316438,195942,1,0.00556339,195079,0.5,0.00155758,97323.5,0.5,0.00142901,97107.7,1,0.00510439,193784,0.5,0.00163752,96460.3,0.5,0.00196437,96244.5,1,0.00342657,192057,0.5,0.000765588,95812.9,0.5,0.000919158,95597.1,1,0.0039267,190331,1,0.00293214,189899,0.961276,0.0135528,182131,0.974886,0.0103899,184289,0.997712,0.00313163,188173,1,0.00382937,187742,0.474654,0.00785115,88907.5,0,0,0,0,0,0,0.5,0.000969091,92791.8,0,0,0,0,0,0
40,0.49895,0.00247649,99940,0,0,0,0,0,0,1,0.00533982,198618,1,0.0045025,198197,1,0.00499679,197355,1,0.00449174,196934,1,0.00283539,196514,1,0.00316433,196093,1,0.00558166,195672,0.5,0.00156072,97415.2,0.5,0.00143565,97204.8,1,0.00509892,193989,0.5,0.00164054,96784,0.5,0.0019516,96363.2,1,0.00342691,192306,0.5,0.000765319,95942.4,0.5,0.000918252,95732,1,0.00391283,191043,1,0.00293052,190202,0.962306,0.0132421,182627,0.975556,0.0102126,184731,1,0.0031352,188939,1,0.00383647,188098,0.475336,0.00765032,89209.6,0,0,0,0,0,0,0.5,0.000969234,93207.2,0,0,0,0,0,0
41,0.5,0.00247628,100171,0,0,0,0,0,0,1,0.00533702,198700,1,0.00450422,198289,1,0.00499396,197879,1,0.00448254,197058,1,0.00283543,196647,1,0.00315875,196236,1,0.00556271,195826,0.5,0.00155937,97707.7,0.5,0.00143867,97297.2,1,0.00509308,194184,0.5,0.00163438,96886.6,0.5,0.00194903,96681.4,1,0.00343743,192542,0.5,0.000765063,96065.6,0.5,0.000915203,95860.3,1,0.00391034,191310,1,0.00293327,190900,0.963283,0.0129519,183099,0.97619,0.0100191,185152,1,0.00314002,189257,1,0.00392565,188847,0.475983,0.00746055,89497,0,0,0,0,0,0,0.5,0.000982637,93397.1,0,0,0,0,0,0
42,0.5,0.0024874,100190,0,0,0,0,0,0,1,0.00532137,198778,1,0.00450244,198377,1,0.00498359,197976,1,0.00447441,197576,1,0.00283629,196774,1,0.00316147,196373,1,0.00554242,195973,0.5,0.00155657,97785.9,0.5,0.00144209,97585.5,1,0.00510626,194370,0.5,0.00164349,96984.4,0.5,0.00196796,96784,1,0.0034442,193167,0.5,0.000764821,96182.9,0.5,0.000915904,95982.5,1,0.00390562,191564,1,0.00293021,191163,0.964286,0.0126472,183950,0.976793,0.00984311,185553,1,0.00313269,189560,1,0.00391017,189160,0.476645,0.00726642,89971,0,0,0,0,0,0,0.5,0.000981581,93577.9,0,0,0,0,0,0
43,0.5,0.00248044,100209,0,0,0,0,0,0,0.998035,0.00534179,198852,1,0.00450731,198461,1,0.00497728,198070,1,0.00447448,197678,1,0.00283616,197287,1,0.00316567,196504,1,0.0055499,196112,0.5,0.00155713,97860.5,0.5,0.00144828,97664.7,0.998996,0.00511437,194742,0.5,0.00164403,97077.6,0.5,0.00196236,96881.9,1,0.00344571,193372,0.5,0.000764572,96490.4,0.5,0.000916465,96099,1,0.00390678,191807,1,0.00292359,191415,0.965164,0.0123858,184369,0.976386,0.00967774,186131,1,0.00313564,189849,1,0.00391936,189458,0.477226,0.00709693,90227.3,0,0,0,0,0,0,0.5,0.000980024,93750.3,0,0,0,0,0,0
44,0.5,0.00247307,100227,0,0,0,0,0,0,1,0.00537256,199306,0.998077,0.00450884,198541,1,0.00496641,198159,1,0.00447138,197776,1,0.00283636,197393,1,0.00317846,197011,1,0.00555057,196246,0.5,0.00155031,97931.6,0.5,0.00144889,97740.4,1,0.00511264,195098,0.5,0.00163855,97357.8,0.5,0.00195219,96975.3,1,0.00344547,193568,0.5,0.000764353,96592.7,0.5,0.000919825,96401.5,1,0.00389348,192038,1,0.00292549,191655,0.966,0.0121352,184769,0.977956,0.00951092,186682,0.998996,0.00314025,190316,1,0.00391914,189743,0.477778,0.00693605,90472,0,0,0,0,0,0,0.5,0.000977531,93914.9,0,0,0,0,0,0
45,0.5,0.00247423,100431,0,0,0,0,0,0,1,0.00537612,199366,1,0.00451305,198992,0.998117,0.00496288,198244,1,0.0044699,197870,1,0.0028364,197495,1,0.00317471,197121,0.999049,0.0055554,196560,0.5,0.0015492,97999.6,0.5,0.00144676,97812.6,1,0.00510518,195251,0.5,0.00164571,97438.6,0.499038,0.00194299,97064.5,1,0.00345127,193755,0.5,0.000764144,96690.5,0.5,0.000918253,96503.5,1,0.00394841,192633,1,0.00292846,191885,0.966797,0.0119047,185152,0.978474,0.00935382,187022,1,0.00313683,190763,0.999018,0.00394383,190202,0.478304,0.00678312,90705.8,0,0,0,0,0,0,0.5,0.000980703,94259.2,0,0,0,0,0,0
46,0.5,0.00249843,100443,0,0,0,0,0,0,1,0.00539219,199423,1,0.00451475,199057,1,0.00495649,198691,1,0.00447173,197959,1,0.00283654,197593,1,0.00317178,197227,1,0.00553669,196861,0.5,0.00162941,98247.7,0.5,0.00144905,97881.7,1,0.00508811,195398,0.5,0.00165094,97515.8,0.5,0.00194713,97332.9,0.998117,0.00344636,193934,0.5,0.000763945,96784,0.5,0.000915613,96601,1,0.00395578,192836,1,0.00292472,192470,0.967557,0.01168,185518,0.978967,0.00920935,187347,1,0.00313068,191007,1,0.00394239,190641,0.477885,0.00663793,90929.4,0,0,0,0,0,0,0.5,0.000976678,94405.6,0,0,0,0,0,0
47,0.5,0.00249693,100455,0,0,0,0,0,0,1,0.00539313,199477,1,0.0045145,199119,1,0.00495084,198761,1,0.00447298,198403,1,0.00283644,197686,1,0.0031723,197328,1,0.00552472,196970,0.5,0.00162478,98306,0.5,0.001447,98127,1,0.00509701,195538,0.5,0.00164975,97589.8,0.5,0.00194937,97410.7,1,0.0034422,194463,0.5,0.000763755,96873.5,0.5,0.000914412,96694.5,1,0.00395137,193031,1,0.00292084,192673,0.968343,0.0114489,186226,0.979439,0.00906541,187659,1,0.00313204,191240,1,0.00392264,190882,0.479323,0.00648798,91322.6,0,0,0,0,0,0,0.5,0.000973014,94545.7,0,0,0,0,0,0
48,0.5,0.00250176,100466,0,0,0,0,0,0,1,0.00538307,199880,1,0.00452056,199179,1,0.00495456,198828,1,0.00447016,198477,1,0.00283678,198127,1,0.00317465,197425,1,0.00552042,197075,0.5,0.00162037,98362,0.5,0.0014532,98186.7,0.998211,0.00508659,195672,0.5,0.00165619,97660.7,0.5,0.00195077,97485.3,1,0.00344205,194620,0.5,0.000763559,97134.7,0.5,0.000915021,96784,1,0.00395611,193217,1,0.00292593,192867,0.969035,0.0112411,186555,0.979927,0.00894517,188308,1,0.00312527,191464,1,0.00393238,191113,0.479779,0.00635619,91524,0,0,0,0,0,0,0.5,0.000974985,94680,0,0,0,0,0,0
49,0.5,0.002492,100477,0,0,0,0,0,0,1,0.00539147,199923,0.998279,0.00452119,199236,1,0.00494188,198892,1,0.00446457,198549,1,0.00283724,198205,1,0.00317474,197862,1,0.00552884,197175,0.5,0.00161614,98415.7,0.5,0.00145361,98243.9,1,0.00508559,196144,0.5,0.00164795,97900.4,0.5,0.00194453,97556.9,1,0.00344482,194770,0.5,0.000763385,97213.4,0.5,0.000913902,97041.6,1,0.0039393,193396,1,0.00292198,193053,0.969697,0.0110514,186870,0.980357,0.0088183,188587,1,0.00312499,192022,1,0.00392627,191335,0.480216,0.00623033,91717.2,0,0,0,0,0,0,0.5,0.000970212,94808.8,0,0,0,0,0,0
50,0.499164,0.00249315,100487,0,0,0,0,0,0,1,0.00538286,199964,1,0.00452125,199628,0.998311,0.00493289,198954,1,0.00446049,198618,1,0.00283697,198281,1,0.00317321,197944,1,0.00552028,197608,0.5,0.00161632,98467.2,0.5,0.00145397,98298.9,1,0.00510461,196261,0.5,0.00164974,97962.2,0.5,0.00194481,97793.9,1,0.00344611,194915,0.5,0.00076322,97289,0.5,0.000914237,97120.6,1,0.00393582,193905,1,0.00291456,193231,0.970332,0.0108702,187172,0.980769,0.00869122,188855,1,0.00312339,192221,1,0.00391397,191885,0.480634,0.00611,91902.7,0,0,0,0,0,0,0.5,0.000970591,95100.8,0,0,0,0,0,0
51,0.5,0.00249538,100662,0,0,0,0,0,0,1,0.00538395,200004,1,0.00452671,199674,1,0.00492961,199344,0.998342,0.00445521,198684,1,0.00283681,198354,1,0.00317152,198024,1,0.00551346,197693,0.5,0.00162116,98681.7,0.5,0.00145444,98351.7,1,0.00510403,196373,0.5,0.00164895,98021.6,0.5,0.00194016,97856.6,0.999155,0.00344858,195218,0.5,0.000763061,97361.6,0.5,0.00091207,97196.5,1,0.00393065,194063,1,0.00290867,193733,0.97094,0.0106943,187462,0.981164,0.00856936,189112,1,0.00311646,192413,1,0.00389949,192083,0.481067,0.00598547,92246,0,0,0,0,0,0,0.5,0.000967288,95216.3,0,0,0,0,0,0
52,0.5,0.0024916,100668,0,0,0,0,0,0,1,0.00537906,200042,1,0.00452615,199718,1,0.00492075,199394,1,0.00445719,199071,0.998371,0.0028371,198423,1,0.00316488,198100,1,0.00551383,197776,0.5,0.00162345,98726.2,0.5,0.00145689,98564.3,1,0.00510042,196481,0.5,0.00165181,98078.8,0.5,0.00194536,97916.9,1,0.00345513,195510,0.5,0.000762895,97593.2,0.5,0.000908982,97269.5,1,0.00393136,194215,1,0.00292204,193892,0.971572,0.0105142,188065,0.981544,0.00845534,189360,1,0.00310839,192597,1,0.00392173,192273,0.48145,0.00587676,92414.2,0,0,0,0,0,0,0.5,0.000962971,95327.4,0,0,0,0,0,0
53,0.5,0.00249366,100674,0,0,0,0,0,0,1,0.00539091,200396,1,0.00452035,199761,1,0.00491886,199443,1,0.00445294,199126,1,0.00283711,198808,1,0.00316488,198173,1,0.00550917,197855,0.5,0.00162207,98768.9,0.5,0.00145456,98610.1,1,0.00508474,196903,0.5,0.00165594,98133.7,0.5,0.00194111,97974.9,1,0.00345767,195632,0.5,0.000762748,97657.4,0.499186,0.000907099,97339.8,1,0.00394185,194362,1,0.00291994,194044,0.972131,0.0103532,188328,0.981938,0.0083441,189916,1,0.0031154,192774,1,0.00393454,192456,0.481818,0.00577134,92576,0,0,0,0,0,0,0.5,0.00096102,95434.3,0,0,0,0,0,0
54,0.5,0.00249734,100680,0,0,0,0,0,0,1,0.00538637,200425,1,0.00451832,200114,1,0.00492428,199490,1,0.00445192,199179,1,0.00283705,198867,1,0.00316194,198555,1,0.00552063,197932,0.5,0.00162001,98810.1,0.5,0.00145234,98654.2,1,0.00508607,196997,0.5,0.00166042,98342.5,0.5,0.00193935,98030.8,1,0.00345578,195750,0.5,0.000762607,97719.1,0.5,0.000904679,97563.3,1,0.00394199,194503,1,0.00292548,194191,0.972669,0.0101989,188581,0.982287,0.00824872,190139,1,0.00311563,193256,1,0.00392857,192633,0.482172,0.00567018,92731.9,0,0,0,0,0,0,0.499186,0.00095961,95537.2,0,0,0,0,0,0
55,0.5,0.00249307,100839,0,0,0,0,0,0,1,0.00537622,200454,1,0.00452216,200148,1,0.00491788,199842,1,0.00444945,199230,1,0.00283733,198924,1,0.00315933,198618,1,0.00551174,198312,0.5,0.00161535,98849.7,0.5,0.00145277,98696.7,1,0.00511469,197087,0.5,0.00165439,98390.7,0.5,0.00193975,98237.7,1,0.00345527,195863,0.5,0.00076247,97778.6,0.5,0.000902485,97625.6,1,0.00394147,194945,1,0.00292419,194333,0.973186,0.010048,188824,0.982622,0.00814146,190355,1,0.00311829,193415,1,0.00392016,193109,0.482512,0.00557302,92882,0,0,0,0,0,0,0.5,0.000956379,95789.4,0,0,0,0,0,0
56,0.5,0.00249432,100842,0,0,0,0,0,0,1,0.00537476,200481,1,0.00451577,200181,1,0.00491357,199880,0.999247,0.00445484,199429,1,0.00283723,198978,1,0.00316272,198678,1,0.0055083,198377,0.5,0.00161969,99038.3,0.5,0.00144946,98737.7,1,0.00511663,197175,0.5,0.00165345,98437.1,0.5,0.00193705,98286.9,1,0.00344833,196273,0.5,0.000762339,97836,0.5,0.000903119,97685.7,1,0.00393817,195071,1,0.00291933,194770,0.973684,0.00990693,189059,0.982946,0.00805144,190562,1,0.00312084,193568,1,0.00391097,193267,0.482866,0.005472,93177.1,0,0,0,0,0,0,0.5,0.000952598,95882.3,0,0,0,0,0,0
57,0.5,0.0024904,100844,0,0,0,0,0,0,1,0.00536742,200508,1,0.00451695,200212,1,0.00491465,199917,1,0.00445926,199622,0.999259,0.00283677,199179,1,0.00315938,198736,1,0.00549939,198440,0.5,0.00161717,99072.6,0.5,0.00144881,98924.9,1,0.00510901,197259,0.5,0.00165625,98482,0.5,0.00193151,98334.3,1,0.00345172,196373,0.5,0.000762202,98039,0.5,0.00090148,97743.7,1,0.0039429,195192,1,0.00291504,194897,0.974203,0.00975965,189581,0.983257,0.00796739,190763,1,0.00311599,193716,1,0.00389885,193420,0.48318,0.00538245,93314.2,0,0,0,0,0,0,0.5,0.000949922,95971.9,0,0,0,0,0,0
58,0.5,0.00248131,100847,0,0,0,0,0,0,1,0.00536785,200823,1,0.00452055,200243,1,0.00491019,199953,1,0.00446406,199662,1,0.0028367,199372,0.999271,0.0031543,198937,1,0.00550702,198502,0.5,0.00161401,99105.7,0.5,0.00144823,98960.6,1,0.00510764,197631,0.5,0.00164814,98525.2,0.5,0.00192997,98380.1,1,0.00344763,196470,0.5,0.00076208,98089.9,0.5,0.000899195,97944.8,1,0.00393867,195309,1,0.00291538,195019,0.974665,0.00962974,189795,0.983582,0.00786392,191246,1,0.00311599,193858,1,0.00388914,193568,0.483483,0.00529623,93446.6,0,0,0,0,0,0,0.5,0.000946395,96058.5,0,0,0,0,0,0
59,0.499294,0.0024765,100849,0,0,0,0,0,0,1,0.00536511,200843,1,0.0045197,200558,1,0.00490657,199987,1,0.0044687,199702,1,0.00283652,199416,1,0.00315971,199131,0.998565,0.00550173,198561,0.5,0.00161066,99137.6,0.5,0.0014486,98995,1,0.00511526,197705,0.5,0.00165342,98709.7,0.5,0.00192474,98424.4,1,0.00344005,196564,0.5,0.000761962,98139.1,0.5,0.000905615,97996.5,0.999271,0.00393574,195565,1,0.00291244,195137,0.97511,0.00950074,190002,0.983871,0.00778371,191428,1,0.00311131,194281,1,0.00388256,193711,0.483776,0.00521316,93574.5,0,0,0,0,0,0,0.5,0.000943544,96284.7,0,0,0,0,0,0
60,0.5,0.00247303,100992,0,0,0,0,0,0,1,0.00536199,200862,1,0.0045149,200581,1,0.00490026,200301,1,0.00447727,199740,1,0.00283634,199459,1,0.00315879,199179,1,0.00549612,198898,0.499294,0.00160866,99168.5,0.5,0.00144616,99028.3,1,0.00511772,197776,0.5,0.00165933,98747.7,0.5,0.00192782,98607.5,1,0.00344236,196654,0.5,0.000761849,98186.7,0.5,0.000907624,98046.4,1,0.00392609,195812,0.998565,0.00290869,195251,0.97554,0.00938143,190202,0.98415,0.00770415,191604,1,0.00311036,194410,1,0.00387235,194129,0.484058,0.00513308,93698.1,0,0,0,0,0,0,0.5,0.000944665,96363.2,0,0,0,0,0,0
61,0.5,0.00247331,100992,0,0,0,0,0,0,1,0.00535957,200880,1,0.00451501,200604,1,0.00489613,200328,1,0.00447668,200052,1,0.00283671,199501,1,0.0031542,199225,1,0.0054828,198949,0.5,0.001606,99336.4,0.5,0.00144557,99060.5,1,0.00512133,197845,0.5,0.00165842,98784.5,0.5,0.00191748,98646.6,1,0.00356274,197017,0.5,0.000761739,98232.7,0.5,0.000905514,98094.7,1,0.0039246,195913,1,0.00290558,195638,0.974576,0.00926504,190395,0.984419,0.00762361,191774,1,0.00310728,194534,1,0.00387136,194258,0.484353,0.00505095,93955.7,0,0,0,0,0,0,0.5,0.000941415,96439.1,0,0,0,0,0,0
62,0.5,0.00248275,100992,0,0,0,0,0,0,1,0.00536296,200898,1,0.00452068,200627,1,0.0048998,200355,1,0.00447771,200084,1,0.00283693,199812,1,0.00315066,199269,1,0.00547376,198998,0.5,0.00160613,99363.1,0.5,0.00144473,99227.4,1,0.0051219,197912,0.5,0.00166314,98820.1,0.5,0.00191582,98684.4,1,0.00356301,197097,0.5,0.000761625,98412.9,0.5,0.000907187,98141.4,1,0.00393757,196011,1,0.00290606,195740,0.976389,0.00914233,190853,0.98468,0.00754036,191939,1,0.00309974,194654,1,0.00387391,194382,0.484615,0.00497656,94069.2,0,0,0,0,0,0,0.5,0.000945715,96512.5,0,0,0,0,0,0
63,0.5,0.00247801,100992,0,0,0,0,0,0,1,0.00536343,201182,1,0.00452389,200648,1,0.00489891,200381,1,0.00447971,200114,1,0.00283652,199847,1,0.00314721,199579,1,0.0054724,199045,0.5,0.00160251,99389,0.5,0.00144853,99255.4,1,0.00511377,198244,0.5,0.00167106,98854.6,0.5,0.0019186,98721,1,0.00355959,197175,0.5,0.000761523,98453.8,0.5,0.000905417,98320.3,1,0.00393789,196106,1,0.00290591,195839,0.976776,0.00903005,191030,0.984952,0.00746041,192366,1,0.00309139,194770,1,0.00388207,194503,0.484869,0.00490471,94179,0,0,0,0,0,0,0.5,0.000949824,96583.6,0,0,0,0,0,0
64,0.49935,0.00247219,100992,0,0,0,0,0,0,1,0.0053593,201195,1,0.00452443,200932,1,0.0048954,200406,1,0.0044813,200143,1,0.00283654,199880,1,0.00314393,199617,0.998681,0.00548967,199091,0.5,0.00159933,99414,0.5,0.00145011,99282.5,1,0.00510879,198302,0.5,0.00167658,99019.5,0.5,0.00191874,98756.5,1,0.00355617,197250,0.5,0.000761425,98493.5,0.5,0.000903858,98362,1,0.00392885,196461,1,0.00291164,195935,0.977151,0.00892586,191201,0.985195,0.00739158,192516,1,0.00309223,195146,1,0.00389242,194620,0.485115,0.00483527,94285.5,0,0,0,0,0,0,0.5,0.000955482,96784,0,0,0,0,0,0
65,0.5,0.0024694,101121,0,0,0,0,0,0,1,0.00536337,201207,1,0.00451751,200948,1,0.0048945,200689,1,0.00448442,200171,1,0.00283667,199912,1,0.00314032,199653,1,0.00549624,199394,0.5,0.00159232,99567.8,0.5,0.00145189,99308.8,1,0.00509145,198359,0.5,0.00168592,99049.8,0.5,0.00191152,98920.4,1,0.00355432,197323,0.5,0.00076133,98531.9,0.5,0.000902099,98402.5,1,0.00392366,196546,0.99934,0.00291509,196158,0.977513,0.00882578,191367,0.98543,0.00732924,192662,1,0.00309356,195251,1,0.00389524,194992,0.485353,0.00476811,94388.7,0,0,0,0,0,0,0.5,0.000963382,96848.7,0,0,0,0,0,0
66,0.5,0.00246161,101120,0,0,0,0,0,0,1,0.00536559,201219,1,0.00452356,200964,1,0.00489277,200709,1,0.00448642,200454,1,0.00283937,199944,1,0.00314218,199689,0.995524,0.00564615,198541,0.496159,0.00159403,98824.2,0.499359,0.00145174,99334.3,1,0.00509146,198414,0.5,0.00168096,99079.3,0.5,0.00191404,98951.8,1,0.00361166,197648,0.5,0.000764133,98569.2,0.5,0.000904204,98441.7,1,0.00392034,196628,1,0.00291031,196373,0.977243,0.00872083,191655,0.985658,0.00727388,192803,1,0.00309619,195353,1,0.00389403,195098,0.485602,0.00469891,94616.2,0,0,0,0,0,0,0.5,0.000962294,96911.5,0,0,0,0,0,0
67,0.5,0.00245691,101118,0,0,0,0,0,0,1,0.00536767,201230,1,0.00452202,200979,1,0.00489754,200728,1,0.00449687,200477,1,0.0028473,200225,1,0.00314564,199723,0.988665,0.00604726,197211,0.488651,0.00159403,97349.3,0.5,0.00146307,99484.7,0.998736,0.00509937,198467,0.5,0.00167703,99107.8,0.5,0.00191522,98982.2,1,0.00361976,197713,0.5,0.000772751,98731,0.5,0.000909569,98479.8,1,0.00391546,196708,1,0.00291363,196457,0.978233,0.00863757,191935,0.985256,0.00722267,193066,1,0.00310459,195452,1,0.00388505,195201,0.485825,0.004641,94711.4,0,0,0,0,0,0,0.5,0.000959739,96972.4,0,0,0,0,0,0
68,0.5,0.00245545,101116,0,0,0,0,0,0,1,0.00537356,201489,1,0.00452359,200994,1,0.0049122,200746,1,0.00449854,200499,1,0.00285971,200251,1,0.00315638,200004,0.98139,0.0063825,195796,0.481366,0.00159403,95917.6,0.5,0.00146374,99506.8,1,0.00511486,198766,0.5,0.0016844,99135.5,0.5,0.00191839,99011.8,1,0.00362522,197776,0.5,0.000777898,98764.2,0.5,0.000914061,98640.5,1,0.00391508,196786,1,0.00291955,196538,0.978562,0.00854835,192083,0.986111,0.00717914,193320,0.998736,0.00310171,195548,1,0.00389173,195301,0.486041,0.00458885,94803.8,0,0,0,0,0,0,0.5,0.000958592,97031.5,0,0,0,0,0,0
69,0.5,0.00244911,101236,0,0,0,0,0,0,1,0.00538578,201496,1,0.00452738,201252,1,0.00491109,200764,1,0.00449493,200520,1,0.0028664,200276,1,0.00316246,200032,0.973138,0.0067441,194422,0.474296,0.00159403,94527.5,0.5,0.00146603,99528.3,1,0.00511687,198813,0.5,0.0016852,99284.4,0.5,0.00191659,99040.5,1,0.00362926,197837,0.5,0.000785489,98796.5,0.5,0.000915682,98674.6,1,0.00392038,197105,1,0.00292456,196617,0.978882,0.00846418,192226,0.986318,0.00712998,193446,1,0.00310668,195885,1,0.00390246,195398,0.48625,0.00453084,94893.4,0,0,0,0,0,0,0.5,0.000957291,97210.9,0,0,0,0,0,0
70,0.5,0.00246092,101232,0,0,0,0,0,0,1,0.00538729,201503,1,0.00452728,201263,1,0.00491522,201022,1,0.00449886,200541,1,0.00287321,200301,1,0.0031652,200060,0.966306,0.00705642,193087,0.466867,0.00159403,93177.1,0.5,0.00146218,99549.3,1,0.00513468,198858,0.5,0.00168463,99308.8,0.5,0.00192147,99188.6,1,0.00363371,197896,0.5,0.00079191,98827.9,0.5,0.000923139,98707.7,1,0.00392598,197175,1,0.00292931,196934,0.979192,0.0083883,192366,0.98652,0.00708458,193568,1,0.0031061,195973,1,0.00390855,195732,0.486453,0.00447894,94980.6,0,0,0,0,0,0,0.5,0.000954633,97264.9,0,0,0,0,0,0
71,0.5,0.00247487,101229,0,0,0,0,0,0,1,0.00538285,201510,1,0.00453933,201273,1,0.00492493,201036,1,0.00450937,200799,1,0.00288409,200325,1,0.00316903,200087,0.964413,0.00734345,192738,0.464371,0.00160046,92694.5,0.495838,0.00146169,98858.4,0.992849,0.00514504,197480,0.5,0.00168484,99332.5,0.5,0.00193203,99214,1,0.00369999,198191,0.5,0.000800594,98858.4,0.5,0.000927008,98739.8,1,0.00400667,197243,1,0.00295158,197006,0.979518,0.00831138,192738,0.986715,0.00704672,193687,1,0.00312384,196057,1,0.00395614,195820,0.486667,0.00442351,95183.8,0,0,0,0,0,0,0.496346,0.000956905,96606.2,0,0,0,0,0,0
72,0.5,0.00248467,101226,0,0,0,0,0,0,0.998841,0.005367,201516,1,0.00455856,201283,1,0.00494219,201049,1,0.00453028,200815,1,0.0028968,200581,1,0.00317465,200114,0.964912,0.00732898,192867,0.464871,0.00160341,92809.8,0.488863,0.00146169,97485.3,0.9777,0.00514504,194737,0.5,0.00168243,99355.6,0.5,0.00193671,99238.7,1,0.00372577,198244,0.5,0.000805319,99004.9,0.5,0.000929394,98771.1,1,0.00403491,197308,1,0.00298075,197075,0.97981,0.00824406,192867,0.986326,0.00699796,193919,1,0.00314717,196140,1,0.004002,195906,0.486858,0.00437575,95264.4,0,0,0,0,0,0,0.489196,0.000956905,95264.4,0,0,0,0,0,0
73,0.5,0.00247937,101223,0,0,0,0,0,0,1,0.00534882,201753,0.998856,0.00456896,201292,1,0.00494796,201062,1,0.0045595,200831,1,0.00291325,200601,1,0.00317801,200370,0.965398,0.00731778,192992,0.465358,0.00160551,92921.9,0.482081,0.00146169,96149.9,0.96412,0.00514504,192069,0.499421,0.00168515,99378,0.5,0.00195953,99262.7,1,0.00375505,198295,0.5,0.000816323,99032.1,0.5,0.000935294,98916.8,1,0.00404988,197372,1,0.00299238,197142,0.980094,0.00818368,192992,0.987104,0.00694599,194144,0.999413,0.00317044,196335,1,0.00401115,195989,0.487044,0.00434789,95342.9,0,0,0,0,0,0,0.482249,0.000956905,93959.5,0,0,0,0,0,0
74,0.5,0.00248594,101333,0,0,0,0,0,0,1,0.00533009,201757,1,0.00459851,201529,0.99887,0.0049553,201074,1,0.00456375,200847,1,0.00295417,200619,1,0.00319137,200392,0.965909,0.00729724,193341,0.465831,0.00160713,93030.9,0.475485,0.00146169,94850.6,0.950913,0.00514504,189474,0.5,0.00169737,99513.5,0.499428,0.00195449,99286.1,1,0.00377757,198345,0.5,0.000835879,99058.6,0.5,0.000942851,98944.9,0.999425,0.00408617,197549,1,0.00300652,197207,0.98037,0.00812253,193113,0.987283,0.00690292,194250,1,0.00321271,196525,0.998841,0.00405723,196070,0.487224,0.00431393,95419.2,0,0,0,0,0,0,0.474942,0.000956905,92689.7,0,0,0,0,0,0
75,0.5,0.00249313,101329,0,0,0,0,0,0,1,0.00530525,201760,1,0.00460164,201535,1,0.00497114,201311,1,0.00459681,200862,1,0.00296197,200637,1,0.00319636,200413,0.966368,0.0072903,193456,0.46633,0.00161183,93249.3,0.469066,0.00146169,93585.9,0.938063,0.00514504,186947,0.5,0.00172097,99533.2,0.5,0.00198386,99421,0.99887,0.00381956,198393,0.5,0.000841994,99084.4,0.5,0.000943452,98972.2,1,0.00411893,197720,1,0.00305425,197495,0.980638,0.00807555,193231,0.987457,0.00685087,194353,1,0.0032308,196598,1,0.00409475,196373,0.486842,0.00428443,95493.5,0,0,0,0,0,0,0.468391,0.000956905,91453.9,0,0,0,0,0,0
76,0.496721,0.00249026,100660,0,0,0,0,0,0,1,0.00529412,201763,1,0.00461565,201541,1,0.00498449,201320,1,0.00460025,201098,1,0.00297818,200655,1,0.00323402,200434,0.966814,0.00728422,193568,0.466777,0.00161643,93351.2,0.469512,0.00250563,93794.1,0.932222,0.00516808,185816,0.5,0.00172377,99552.4,0.496659,0.00198797,98777.3,0.993311,0.00382069,197333,0.5,0.000851457,99109.5,0.5,0.000982569,98998.7,1,0.00417315,197776,1,0.00310131,197555,0.98092,0.00813241,193568,0.987627,0.00684464,194454,1,0.00331639,196669,1,0.00411458,196447,0.487585,0.00424726,95676.6,0,0,0,0,0,0,0.468821,0.00210426,91579.4,0,0,0,0,0,0
77,0.490291,0.00249026,99352.5,0,0,0,0,0,0,0.999459,0.00528737,201875,1,0.0046216,201547,1,0.00497759,201328,1,0.00459346,201110,1,0.00298958,200891,1,0.00325415,200454,0.967249,0.00726479,193677,0.467213,0.00161966,93450.4,0.469912,0.00249613,93887.6,0.93264,0.00521126,186136,0.5,0.00172594,99571.1,0.49011,0.00198797,97494.4,0.980198,0.00382069,194770,0.5,0.000857781,99243.2,0.5,0.00099161,99024.6,1,0.00418015,197831,1,0.00311455,197612,0.981174,0.00807632,193677,0.987805,0.00680876,194770,1,0.0033339,196738,1,0.00410891,196519,0.487751,0.00420703,95745.7,0,0,0,0,0,0,0.469239,0.00209134,91701.6,0,0,0,0,0,0
78,0.484026,0.00249026,98078.8,0,0,0,0,0,0,1,0.00530585,201984,0.99893,0.00463221,201552,1,0.00497659,201337,1,0.00458622,201121,1,0.00300437,200905,1,0.00327379,200689,0.967672,0.00724791,193784,0.467638,0.00162365,93547.1,0.470302,0.00248707,93978.7,0.934054,0.00525296,186447,0.499459,0.00172533,99589.3,0.483731,0.00198797,96244.5,0.967427,0.00382069,192273,0.5,0.000863592,99265.6,0.5,0.00101079,99157.7,1,0.00423833,197884,1,0.00313398,197668,0.981421,0.00803212,193784,0.987965,0.00680742,194863,1,0.00337802,197021,1,0.00412776,196589,0.487912,0.00416512,95812.9,0,0,0,0,0,0,0.469647,0.0020944,91820.7,0,0,0,0,0,0
79,0.477416,0.00249026,96837.3,0,0,0,0,0,0,1,0.00531814,201984,1,0.00464761,201771,0.998943,0.00497058,201345,1,0.00457432,201132,1,0.00301669,200919,1,0.0032908,200706,0.968119,0.00723179,194101,0.468051,0.00162895,93641.3,0.470682,0.00247945,94067.4,0.934899,0.00525591,186643,0.5,0.00174146,99713.6,0.477005,0.00198797,95026.2,0.954984,0.00382069,189839,0.5,0.000876172,99287.5,0.5,0.0010174,99181,0.999462,0.00427948,198042,1,0.00313863,197723,0.981661,0.00797191,193888,0.988121,0.00679021,194953,1,0.00339736,197084,0.998918,0.00413401,196657,0.488069,0.0041271,95878.5,0,0,0,0,0,0,0.470076,0.00210214,92043.3,0,0,0,0,0,0
80,0.471473,0.00249026,95626.8,0,0,0,0,0,0,1,0.00534171,201984,1,0.00468106,201774,1,0.00498536,201563,0.999478,0.00456725,201248,1,0.00301995,200932,1,0.00330874,200722,0.96852,0.00722558,194199,0.468487,0.00163929,93838.4,0.471053,0.00246987,94154,0.935722,0.00526137,186835,0.5,0.00174961,99729.6,0.470961,0.00198797,93838.4,0.94186,0.00382069,187466,0.5,0.000878629,99308.8,0.5,0.0010441,99203.6,1,0.00432655,198197,1,0.00315591,197986,0.981896,0.007917,193989,0.988273,0.0067871,195041,1,0.00343203,197145,1,0.00416699,196934,0.488235,0.00409013,96047.6,0,0,0,0,0,0,0.470462,0.00210378,92155.2,0,0,0,0,0,0
81,0.471824,0.00357105,95693,0,0,0,0,0,0,1,0.00537534,201984,1,0.00470574,201776,1,0.0050281,201568,1,0.00457256,201361,0.998967,0.00306423,200945,1,0.00331557,200737,0.968912,0.007214,194295,0.46888,0.00165485,93926.7,0.471443,0.00250653,94342.3,0.936524,0.00527124,187022,0.5,0.0017491,99745.2,0.470803,0.00274561,93822.8,0.93737,0.0040725,186607,0.5,0.000884707,99433.5,0.5,0.00105401,99225.7,1,0.00436079,198244,1,0.00328058,198036,0.982143,0.00786663,194295,0.988421,0.00675266,195127,1,0.00345677,197205,1,0.00419262,196997,0.488384,0.00406272,96108.6,0,0,0,0,0,0,0.470838,0.00212672,92264.3,0,0,0,0,0,0
82,0.472166,0.00355531,95757.7,0,0,0,0,0,0,0.999492,0.00537928,202087,1,0.00470159,201779,1,0.00502602,201573,1,0.00457463,201368,1,0.00306132,201163,1,0.00331234,200752,0.969294,0.00718945,194389,0.469262,0.00165532,94012.9,0.471795,0.00249391,94423.4,0.937372,0.00527118,187410,0.5,0.0017474,99760.4,0.471164,0.0027337,93910.2,0.938144,0.00405864,186794,0.5,0.000883105,99452.5,0.499483,0.00105064,99247.2,1,0.0043515,198289,1,0.00327239,198084,0.982365,0.00780036,194389,0.988577,0.00669812,195415,1,0.00345511,197263,1,0.00418367,197058,0.48853,0.00402037,96168.2,0,0,0,0,0,0,0.471204,0.00211007,92370.7,0,0,0,0,0,0
83,0.4725,0.00353585,95820.7,0,0,0,0,0,0,1,0.00538598,202187,1,0.0047028,201984,1,0.00502363,201578,1,0.00457703,201376,1,0.00305867,201173,1,0.00331278,200970,0.969666,0.00716925,194481,0.469636,0.00165288,94097,0.472138,0.00248213,94502.6,0.938134,0.0052714,187586,0.5,0.00174901,99876.6,0.471516,0.00272731,93995.6,0.9389,0.0040534,186977,0.5,0.000881542,99471,0.5,0.0010498,99369.6,1,0.00436483,198334,1,0.0032696,198131,0.982582,0.00773684,194481,0.988718,0.00665922,195495,1,0.00345324,197523,1,0.0041832,197117,0.488671,0.00397908,96226.3,0,0,0,0,0,0,0.471074,0.00210029,92474.6,0,0,0,0,0,0
84,0.472853,0.00351627,95982.5,0,0,0,0,0,0,1,0.00538622,202184,1,0.00470307,201984,1,0.0050167,201784,1,0.00457739,201383,1,0.00305614,201182,1,0.00331644,200982,0.97006,0.0071394,194770,0.47,0.00165176,94179,0.472472,0.00247203,94579.8,0.938878,0.00527388,187757,0.5,0.00174986,99889.9,0.471386,0.00271851,94078.9,0.939638,0.00404461,187156,0.5,0.000880017,99489.1,0.5,0.00104903,99389,1,0.00436296,198578,1,0.00326189,198177,0.982794,0.00767423,194570,0.988855,0.00662844,195572,1,0.00344598,197576,1,0.00416927,197375,0.48881,0.00393882,96283,0,0,0,0,0,0,0.471939,0.00208138,92676.2,0,0,0,0,0,0
85,0.473171,0.00350199,96041.4,0,0,0,0,0,0,1,0.00538495,202182,1,0.00470245,201984,1,0.00501059,201786,0.999509,0.00457611,201489,1,0.0030536,201192,1,0.00331409,200994,0.970414,0.00711518,194855,0.470385,0.00164934,94358.2,0.472799,0.00245774,94655.2,0.939604,0.00527989,187924,0.5,0.00174973,99902.9,0.472222,0.00271188,94259.2,0.940417,0.00403355,187528,0.5,0.000878528,99506.8,0.5,0.001046,99407.8,1,0.00435108,198618,1,0.00325844,198420,0.983,0.00761701,194657,0.988989,0.00658457,195647,1,0.00343649,197627,1,0.00415409,197429,0.488956,0.00389633,96437.5,0,0,0,0,0,0,0.472278,0.0020644,92774,0,0,0,0,0,0
86,0.473481,0.00349302,96099,0,0,0,0,0,0,1,0.00538462,202180,1,0.00470018,201984,1,0.0050026,201788,1,0.00457391,201593,0.999514,0.00305117,201299,1,0.00330939,201005,0.97076,0.00709299,194938,0.470732,0.00164888,94435.3,0.473145,0.00244509,94826.8,0.940313,0.00527566,188088,0.5,0.0017537,99915.5,0.472549,0.00270122,94337.5,0.941119,0.00402921,187696,0.5,0.000876955,99622,0.5,0.00104307,99426.2,1,0.00434372,198657,1,0.00326025,198461,0.983218,0.00755284,194938,0.98912,0.00654012,195721,1,0.00343444,197678,1,0.00416382,197482,0.489087,0.00385811,96490.4,0,0,0,0,0,0,0.47261,0.00205652,92869.6,0,0,0,0,0,0
87,0.473785,0.00347851,96155.2,0,0,0,0,0,0,1,0.00538403,202371,1,0.00469653,201984,1,0.00499661,201791,1,0.00457743,201597,1,0.00304853,201404,0.999519,0.00330702,201113,0.971098,0.00706698,195019,0.47107,0.00164787,94510.7,0.473456,0.00243178,94897.7,0.941063,0.00526749,188441,0.5,0.00175357,99927.9,0.472868,0.00269578,94414,0.941804,0.0040202,187861,0.5,0.000875539,99637.7,0.5,0.00104024,99541,1,0.0043399,198695,1,0.00325457,198502,0.983415,0.00749585,195019,0.989258,0.0064998,195986,1,0.00343169,197728,1,0.00416019,197534,0.489216,0.0038208,96542.2,0,0,0,0,0,0,0.472933,0.00204098,92962.9,0,0,0,0,0,0
88,0.473635,0.00346298,96210.2,0,0,0,0,0,0,1,0.00537779,202367,1,0.00469229,202175,1,0.00499527,201793,1,0.00457886,201601,1,0.00304604,201410,1,0.00330424,201219,0.970504,0.00705159,195098,0.471401,0.00164333,94584.4,0.47376,0.00242144,94966.9,0.941738,0.00527358,188595,0.5,0.00175888,100036,0.47318,0.00268765,94488.7,0.942474,0.00401508,188021,0.5,0.000874155,99653.1,0.5,0.00103993,99557.5,0.999519,0.00433274,198828,1,0.00325253,198541,0.983607,0.00743973,195098,0.989382,0.00646792,196055,1,0.00343095,197967,1,0.00415475,197585,0.489341,0.00378438,96592.7,0,0,0,0,0,0,0.472789,0.00203213,93054.2,0,0,0,0,0,0
89,0.474395,0.00344642,96358.5,0,0,0,0,0,0,1,0.00537451,202362,1,0.00468537,202173,1,0.00500074,201984,1,0.00458171,201606,1,0.00304373,201417,1,0.00329992,201228,0.971778,0.00706182,195365,0.471281,0.00164213,94656.4,0.474057,0.00240955,95034.6,0.942398,0.00527531,188745,0.5,0.00176921,100046,0.47351,0.00267856,94656.4,0.943128,0.00400654,188178,0.5,0.000872803,99668.1,0.5,0.0010395,99573.6,1,0.00433523,198958,0.999049,0.00325189,198580,0.983794,0.00738608,195176,0.989504,0.00642632,196121,1,0.00342741,198012,1,0.00414782,197823,0.489464,0.00374881,96642.2,0,0,0,0,0,0,0.473583,0.00201871,93237.9,0,0,0,0,0,0
90,0.474678,0.00343209,96410,0,0,0,0,0,0,1,0.00537311,202358,1,0.00468282,202171,1,0.00499832,201984,1,0.00458498,201797,1,0.00304166,201423,1,0.0032964,201236,0.972093,0.00703737,195438,0.472067,0.0016406,94820.3,0.474347,0.00240047,95100.8,0.943044,0.00528271,188892,0.5,0.00177123,100057,0.473807,0.00267991,94726.8,0.94382,0.00399967,188518,0.5,0.000871481,99682.8,0.5,0.00103681,99589.3,1,0.0043384,198992,1,0.00324865,198805,0.983051,0.00732998,195251,0.989623,0.0063867,196186,1,0.00342172,198057,1,0.00414099,197870,0.489593,0.00371121,96784,0,0,0,0,0,0,0.473884,0.0020066,93324.1,0,0,0,0,0,0
91,0.474954,0.00341514,96460.3,0,0,0,0,0,0,1,0.00537741,202354,1,0.00468486,202169,1,0.00501303,201984,1,0.00459839,201799,0.99633,0.0030696,200874,1,0.00329882,201244,0.972401,0.00704656,195510,0.472376,0.00164159,94888.1,0.474654,0.0023892,95258,0.943675,0.0052954,189036,0.5,0.00176881,100067,0.474098,0.00267864,94795.6,0.944444,0.00402216,188666,0.5,0.000871992,99789.7,0.5,0.00104122,99604.7,1,0.00436087,199025,1,0.00327225,198840,0.984171,0.00728685,195510,0.986007,0.00654985,195510,0.994398,0.0034192,196990,1,0.00415724,197915,0.48971,0.00368257,96830.2,0,0,0,0,0,0,0.474178,0.00200058,93408.4,0,0,0,0,0,0
