time,num_links,connectivity
0.1,57,0.542857
0.2,57,0.542857
0.3,57,0.542857
0.4,57,0.542857
0.5,57,0.542857
0.6,57,0.542857
0.7,57,0.542857
0.8,57,0.542857
0.9,57,0.542857
1,57,0.542857
1.1,57,0.542857
1.2,57,0.542857
1.3,57,0.542857
1.4,57,0.542857
1.5,57,0.542857
1.6,57,0.542857
1.7,57,0.542857
1.8,57,0.542857
1.9,57,0.542857
2,57,0.542857
2.1,57,0.542857
2.2,57,0.542857
2.3,57,0.542857
2.4,57,0.542857
2.5,57,0.542857
2.6,57,0.542857
2.7,57,0.542857
2.8,57,0.542857
2.9,57,0.542857
3,57,0.542857
3.1,57,0.542857
3.2,57,0.542857
3.3,57,0.542857
3.4,57,0.542857
3.5,57,0.542857
3.6,57,0.542857
3.7,57,0.542857
3.8,57,0.542857
3.9,57,0.542857
4,57,0.542857
4.1,57,0.542857
4.2,57,0.542857
4.3,57,0.542857
4.4,57,0.542857
4.5,57,0.542857
4.6,57,0.542857
4.7,57,0.542857
4.8,57,0.542857
4.9,57,0.542857
5,57,0.542857
5.1,57,0.542857
5.2,57,0.542857
5.3,57,0.542857
5.4,57,0.542857
5.5,57,0.542857
5.6,57,0.542857
5.7,57,0.542857
5.8,57,0.542857
5.9,57,0.542857
6,57,0.542857
6.1,57,0.542857
6.2,57,0.542857
6.3,57,0.542857
6.4,57,0.542857
6.5,57,0.542857
6.6,57,0.542857
6.7,57,0.542857
6.8,57,0.542857
6.9,57,0.542857
7,57,0.542857
7.1,57,0.542857
7.2,57,0.542857
7.3,57,0.542857
7.4,57,0.542857
7.5,57,0.542857
7.6,57,0.542857
7.7,57,0.542857
7.8,57,0.542857
7.9,57,0.542857
8,57,0.542857
8.1,57,0.542857
8.2,57,0.542857
8.3,57,0.542857
8.4,57,0.542857
8.5,57,0.542857
8.6,57,0.542857
8.7,57,0.542857
8.8,57,0.542857
8.9,57,0.542857
9,57,0.542857
9.1,57,0.542857
9.2,57,0.542857
9.3,57,0.542857
9.4,57,0.542857
9.5,57,0.542857
9.6,57,0.542857
9.7,57,0.542857
9.8,57,0.542857
9.9,57,0.542857
10,57,0.542857
10.1,57,0.542857
10.2,57,0.542857
10.3,57,0.542857
10.4,57,0.542857
10.5,57,0.542857
10.6,57,0.542857
10.7,57,0.542857
10.8,57,0.542857
10.9,57,0.542857
11,57,0.542857
11.1,57,0.542857
11.2,57,0.542857
11.3,57,0.542857
11.4,57,0.542857
11.5,57,0.542857
11.6,57,0.542857
11.7,57,0.542857
11.8,57,0.542857
11.9,57,0.542857
12,57,0.542857
12.1,57,0.542857
12.2,57,0.542857
12.3,57,0.542857
12.4,57,0.542857
12.5,57,0.542857
12.6,57,0.542857
12.7,57,0.542857
12.8,57,0.542857
12.9,57,0.542857
13,57,0.542857
13.1,57,0.542857
13.2,57,0.542857
13.3,57,0.542857
13.4,57,0.542857
13.5,57,0.542857
13.6,57,0.542857
13.7,57,0.542857
13.8,57,0.542857
13.9,57,0.542857
14,57,0.542857
14.1,57,0.542857
14.2,57,0.542857
14.3,57,0.542857
14.4,57,0.542857
14.5,57,0.542857
14.6,57,0.542857
14.7,57,0.542857
14.8,57,0.542857
14.9,57,0.542857
15,57,0.542857
15.1,57,0.542857
15.2,57,0.542857
15.3,57,0.542857
15.4,57,0.542857
15.5,57,0.542857
15.6,57,0.542857
15.7,57,0.542857
15.8,57,0.542857
15.9,57,0.542857
16,57,0.542857
16.1,57,0.542857
16.2,57,0.542857
16.3,57,0.542857
16.4,57,0.542857
16.5,57,0.542857
16.6,57,0.542857
16.7,57,0.542857
16.8,57,0.542857
16.9,57,0.542857
17,57,0.542857
17.1,57,0.542857
17.2,57,0.542857
17.3,57,0.542857
17.4,57,0.542857
17.5,57,0.542857
17.6,57,0.542857
17.7,57,0.542857
17.8,57,0.542857
17.9,57,0.542857
18,57,0.542857
18.1,57,0.542857
18.2,57,0.542857
18.3,57,0.542857
18.4,57,0.542857
18.5,57,0.542857
18.6,57,0.542857
18.7,57,0.542857
18.8,57,0.542857
18.9,57,0.542857
19,57,0.542857
19.1,57,0.542857
19.2,57,0.542857
19.3,57,0.542857
19.4,57,0.542857
19.5,57,0.542857
19.6,57,0.542857
19.7,57,0.542857
19.8,57,0.542857
19.9,57,0.542857
20,57,0.542857
20.1,57,0.542857
20.2,57,0.542857
20.3,57,0.542857
20.4,57,0.542857
20.5,57,0.542857
20.6,57,0.542857
20.7,57,0.542857
20.8,57,0.542857
20.9,57,0.542857
21,57,0.542857
21.1,57,0.542857
21.2,57,0.542857
21.3,57,0.542857
21.4,57,0.542857
21.5,57,0.542857
21.6,57,0.542857
21.7,57,0.542857
21.8,57,0.542857
21.9,57,0.542857
22,57,0.542857
22.1,57,0.542857
22.2,57,0.542857
22.3,57,0.542857
22.4,57,0.542857
22.5,57,0.542857
22.6,57,0.542857
22.7,57,0.542857
22.8,57,0.542857
22.9,57,0.542857
23,57,0.542857
23.1,57,0.542857
23.2,57,0.542857
23.3,57,0.542857
23.4,57,0.542857
23.5,57,0.542857
23.6,57,0.542857
23.7,57,0.542857
23.8,59,0.561905
23.9,59,0.561905
24,60,0.571429
24.1,60,0.571429
24.2,60,0.571429
24.3,60,0.571429
24.4,61,0.580952
24.5,61,0.580952
24.6,61,0.580952
24.7,61,0.580952
24.8,61,0.580952
24.9,61,0.580952
25,61,0.580952
25.1,61,0.580952
25.2,61,0.580952
25.3,62,0.590476
25.4,62,0.590476
25.5,62,0.590476
25.6,62,0.590476
25.7,62,0.590476
25.8,62,0.590476
25.9,62,0.590476
26,62,0.590476
26.1,63,0.6
26.2,63,0.6
26.3,62,0.590476
26.4,62,0.590476
26.5,62,0.590476
26.6,62,0.590476
26.7,62,0.590476
26.8,63,0.6
26.9,62,0.590476
27,62,0.590476
27.1,62,0.590476
27.2,63,0.6
27.3,63,0.6
27.4,63,0.6
27.5,63,0.6
27.6,64,0.609524
27.7,64,0.609524
27.8,65,0.619048
27.9,64,0.609524
28,64,0.609524
28.1,64,0.609524
28.2,64,0.609524
28.3,64,0.609524
28.4,64,0.609524
28.5,65,0.619048
28.6,65,0.619048
28.7,65,0.619048
28.8,65,0.619048
28.9,65,0.619048
29,66,0.628571
29.1,66,0.628571
29.2,68,0.647619
29.3,70,0.666667
29.4,70,0.666667
29.5,71,0.67619
29.6,72,0.685714
29.7,73,0.695238
29.8,74,0.704762
29.9,75,0.714286
30,76,0.72381
30.1,76,0.72381
30.2,77,0.733333
30.3,77,0.733333
30.4,79,0.752381
30.5,79,0.752381
30.6,81,0.771429
30.7,82,0.780952
30.8,85,0.809524
30.9,86,0.819048
31,87,0.828571
31.1,88,0.838095
31.2,88,0.838095
31.3,89,0.847619
31.4,90,0.857143
31.5,92,0.87619
31.6,92,0.87619
31.7,93,0.885714
31.8,96,0.914286
31.9,97,0.92381
32,98,0.933333
32.1,98,0.933333
32.2,99,0.942857
32.3,99,0.942857
32.4,101,0.961905
32.5,101,0.961905
32.6,101,0.961905
32.7,104,0.990476
32.8,104,0.990476
32.9,104,0.990476
33,104,0.990476
33.1,105,1
33.2,105,1
33.3,105,1
33.4,105,1
33.5,105,1
33.6,105,1
33.7,105,1
33.8,105,1
33.9,105,1
34,105,1
34.1,105,1
34.2,105,1
34.3,105,1
34.4,105,1
34.5,105,1
34.6,105,1
34.7,105,1
34.8,105,1
34.9,105,1
35,105,1
35.1,105,1
35.2,105,1
35.3,105,1
35.4,105,1
35.5,105,1
35.6,105,1
35.7,105,1
35.8,105,1
35.9,105,1
36,105,1
36.1,105,1
36.2,105,1
36.3,105,1
36.4,105,1
36.5,105,1
36.6,105,1
36.7,105,1
36.8,105,1
36.9,105,1
37,105,1
37.1,105,1
37.2,105,1
37.3,105,1
37.4,105,1
37.5,104,0.990476
37.6,104,0.990476
37.7,104,0.990476
37.8,104,0.990476
37.9,104,0.990476
38,104,0.990476
38.1,104,0.990476
38.2,104,0.990476
38.3,104,0.990476
38.4,104,0.990476
38.5,105,1
38.6,105,1
38.7,105,1
38.8,105,1
38.9,105,1
39,105,1
39.1,105,1
39.2,105,1
39.3,105,1
39.4,105,1
39.5,105,1
39.6,105,1
39.7,105,1
39.8,105,1
39.9,105,1
40,105,1
40.1,105,1
40.2,105,1
40.3,105,1
40.4,105,1
40.5,105,1
40.6,105,1
40.7,105,1
40.8,105,1
40.9,105,1
41,105,1
41.1,105,1
41.2,105,1
41.3,105,1
41.4,105,1
41.5,105,1
41.6,105,1
41.7,105,1
41.8,105,1
41.9,105,1
42,105,1
42.1,105,1
42.2,105,1
42.3,105,1
42.4,105,1
42.5,105,1
42.6,105,1
42.7,105,1
42.8,105,1
42.9,105,1
43,105,1
43.1,105,1
43.2,105,1
43.3,105,1
43.4,105,1
43.5,105,1
43.6,105,1
43.7,105,1
43.8,105,1
43.9,105,1
44,105,1
44.1,105,1
44.2,105,1
44.3,105,1
44.4,105,1
44.5,105,1
44.6,105,1
44.7,105,1
44.8,105,1
44.9,105,1
45,105,1
45.1,105,1
45.2,105,1
45.3,105,1
45.4,105,1
45.5,105,1
45.6,105,1
45.7,105,1
45.8,105,1
45.9,105,1
46,105,1
46.1,105,1
46.2,105,1
46.3,105,1
46.4,105,1
46.5,105,1
46.6,105,1
46.7,105,1
46.8,105,1
46.9,105,1
47,105,1
47.1,105,1
47.2,105,1
47.3,105,1
47.4,105,1
47.5,105,1
47.6,105,1
47.7,105,1
47.8,105,1
47.9,105,1
48,105,1
48.1,105,1
48.2,105,1
48.3,105,1
48.4,105,1
48.5,105,1
48.6,105,1
48.7,105,1
48.8,105,1
48.9,105,1
49,105,1
49.1,105,1
49.2,105,1
49.3,105,1
49.4,105,1
49.5,105,1
49.6,105,1
49.7,105,1
49.8,105,1
49.9,105,1
50,105,1
50.1,105,1
50.2,105,1
50.3,105,1
50.4,105,1
50.5,105,1
50.6,105,1
50.7,105,1
50.8,105,1
50.9,105,1
51,104,0.990476
51.1,104,0.990476
51.2,103,0.980952
51.3,101,0.961905
51.4,101,0.961905
51.5,101,0.961905
51.6,101,0.961905
51.7,100,0.952381
51.8,100,0.952381
51.9,99,0.942857
52,97,0.92381
52.1,97,0.92381
52.2,96,0.914286
52.3,95,0.904762
52.4,95,0.904762
52.5,95,0.904762
52.6,94,0.895238
52.7,94,0.895238
52.8,94,0.895238
52.9,93,0.885714
53,92,0.87619
53.1,90,0.857143
53.2,89,0.847619
53.3,89,0.847619
53.4,89,0.847619
53.5,87,0.828571
53.6,87,0.828571
53.7,86,0.819048
53.8,86,0.819048
53.9,85,0.809524
54,85,0.809524
54.1,85,0.809524
54.2,85,0.809524
54.3,85,0.809524
54.4,85,0.809524
54.5,85,0.809524
54.6,84,0.8
54.7,83,0.790476
54.8,82,0.780952
54.9,82,0.780952
55,81,0.771429
55.1,81,0.771429
55.2,81,0.771429
55.3,81,0.771429
55.4,81,0.771429
55.5,81,0.771429
55.6,80,0.761905
55.7,80,0.761905
55.8,78,0.742857
55.9,78,0.742857
56,76,0.72381
56.1,75,0.714286
56.2,74,0.704762
56.3,73,0.695238
56.4,73,0.695238
56.5,73,0.695238
56.6,73,0.695238
56.7,73,0.695238
56.8,73,0.695238
56.9,73,0.695238
57,73,0.695238
57.1,73,0.695238
57.2,73,0.695238
57.3,73,0.695238
57.4,73,0.695238
57.5,73,0.695238
57.6,73,0.695238
57.7,73,0.695238
57.8,73,0.695238
57.9,73,0.695238
58,73,0.695238
58.1,74,0.704762
58.2,74,0.704762
58.3,74,0.704762
58.4,75,0.714286
58.5,76,0.72381
58.6,76,0.72381
58.7,76,0.72381
58.8,76,0.72381
58.9,76,0.72381
59,77,0.733333
59.1,77,0.733333
59.2,80,0.761905
59.3,80,0.761905
59.4,83,0.790476
59.5,84,0.8
59.6,84,0.8
59.7,85,0.809524
59.8,86,0.819048
59.9,87,0.828571
60,87,0.828571
60.1,87,0.828571
60.2,88,0.838095
60.3,88,0.838095
60.4,88,0.838095
60.5,89,0.847619
60.6,89,0.847619
60.7,90,0.857143
60.8,91,0.866667
60.9,92,0.87619
61,92,0.87619
61.1,92,0.87619
61.2,94,0.895238
61.3,94,0.895238
61.4,95,0.904762
61.5,95,0.904762
61.6,95,0.904762
61.7,96,0.914286
61.8,96,0.914286
61.9,96,0.914286
62,96,0.914286
62.1,96,0.914286
62.2,96,0.914286
62.3,96,0.914286
62.4,96,0.914286
62.5,97,0.92381
62.6,97,0.92381
62.7,97,0.92381
62.8,97,0.92381
62.9,97,0.92381
63,96,0.914286
63.1,96,0.914286
63.2,96,0.914286
63.3,96,0.914286
63.4,96,0.914286
63.5,96,0.914286
63.6,96,0.914286
63.7,96,0.914286
63.8,95,0.904762
63.9,95,0.904762
64,95,0.904762
64.1,95,0.904762
64.2,95,0.904762
64.3,95,0.904762
64.4,95,0.904762
64.5,95,0.904762
64.6,95,0.904762
64.7,95,0.904762
64.8,95,0.904762
64.9,95,0.904762
65,94,0.895238
65.1,94,0.895238
65.2,94,0.895238
65.3,94,0.895238
65.4,94,0.895238
65.5,94,0.895238
65.6,94,0.895238
65.7,94,0.895238
65.8,94,0.895238
65.9,94,0.895238
66,94,0.895238
66.1,94,0.895238
66.2,94,0.895238
66.3,94,0.895238
66.4,94,0.895238
66.5,94,0.895238
66.6,94,0.895238
66.7,94,0.895238
66.8,94,0.895238
66.9,95,0.904762
67,95,0.904762
67.1,96,0.914286
67.2,96,0.914286
67.3,96,0.914286
67.4,97,0.92381
67.5,97,0.92381
67.6,97,0.92381
67.7,97,0.92381
67.8,100,0.952381
67.9,100,0.952381
68,103,0.980952
68.1,103,0.980952
68.2,103,0.980952
68.3,103,0.980952
68.4,104,0.990476
68.5,104,0.990476
68.6,104,0.990476
68.7,104,0.990476
68.8,104,0.990476
68.9,104,0.990476
69,104,0.990476
69.1,104,0.990476
69.2,105,1
69.3,105,1
69.4,105,1
69.5,105,1
69.6,105,1
69.7,105,1
69.8,105,1
69.9,105,1
70,105,1
70.1,105,1
70.2,105,1
70.3,105,1
70.4,105,1
70.5,105,1
70.6,105,1
70.7,105,1
70.8,105,1
70.9,105,1
71,105,1
71.1,105,1
71.2,105,1
71.3,105,1
71.4,105,1
71.5,105,1
71.6,105,1
71.7,105,1
71.8,105,1
71.9,105,1
72,105,1
72.1,105,1
72.2,105,1
72.3,105,1
72.4,105,1
72.5,105,1
72.6,105,1
72.7,105,1
72.8,105,1
72.9,105,1
73,105,1
73.1,105,1
73.2,105,1
73.3,105,1
73.4,105,1
73.5,105,1
73.6,104,0.990476
73.7,104,0.990476
73.8,104,0.990476
73.9,104,0.990476
74,104,0.990476
74.1,103,0.980952
74.2,103,0.980952
74.3,102,0.971429
74.4,102,0.971429
74.5,102,0.971429
74.6,102,0.971429
74.7,101,0.961905
74.8,100,0.952381
74.9,100,0.952381
75,100,0.952381
75.1,99,0.942857
75.2,97,0.92381
75.3,96,0.914286
75.4,94,0.895238
75.5,94,0.895238
75.6,93,0.885714
75.7,93,0.885714
75.8,93,0.885714
75.9,93,0.885714
76,93,0.885714
76.1,93,0.885714
76.2,93,0.885714
76.3,93,0.885714
76.4,93,0.885714
76.5,93,0.885714
76.6,89,0.847619
76.7,89,0.847619
76.8,87,0.828571
76.9,86,0.819048
77,87,0.828571
77.1,87,0.828571
77.2,87,0.828571
77.3,88,0.838095
77.4,88,0.838095
77.5,88,0.838095
77.6,88,0.838095
77.7,88,0.838095
77.8,89,0.847619
77.9,89,0.847619
78,91,0.866667
78.1,93,0.885714
78.2,92,0.87619
78.3,93,0.885714
78.4,93,0.885714
78.5,94,0.895238
78.6,95,0.904762
78.7,96,0.914286
78.8,97,0.92381
78.9,98,0.933333
79,98,0.933333
79.1,99,0.942857
79.2,100,0.952381
79.3,100,0.952381
79.4,100,0.952381
79.5,100,0.952381
79.6,101,0.961905
79.7,101,0.961905
79.8,103,0.980952
79.9,104,0.990476
80,91,0.866667
80.1,91,0.866667
80.2,91,0.866667
80.3,91,0.866667
80.4,91,0.866667
80.5,91,0.866667
80.6,91,0.866667
80.7,91,0.866667
80.8,91,0.866667
80.9,91,0.866667
81,91,0.866667
81.1,91,0.866667
81.2,91,0.866667
81.3,91,0.866667
81.4,91,0.866667
81.5,90,0.857143
81.6,90,0.857143
81.7,90,0.857143
81.8,89,0.847619
81.9,87,0.828571
82,87,0.828571
82.1,86,0.819048
82.2,85,0.809524
82.3,85,0.809524
82.4,84,0.8
82.5,83,0.790476
82.6,82,0.780952
82.7,82,0.780952
82.8,82,0.780952
82.9,82,0.780952
83,82,0.780952
83.1,82,0.780952
83.2,82,0.780952
83.3,82,0.780952
83.4,81,0.771429
83.5,81,0.771429
83.6,81,0.771429
83.7,81,0.771429
83.8,81,0.771429
83.9,81,0.771429
84,81,0.771429
84.1,82,0.780952
84.2,82,0.780952
84.3,82,0.780952
84.4,82,0.780952
84.5,83,0.790476
84.6,83,0.790476
84.7,83,0.790476
84.8,83,0.790476
84.9,83,0.790476
85,83,0.790476
85.1,84,0.8
85.2,84,0.8
85.3,84,0.8
85.4,84,0.8
85.5,85,0.809524
85.6,87,0.828571
85.7,88,0.838095
85.8,89,0.847619
85.9,89,0.847619
86,89,0.847619
86.1,90,0.857143
86.2,90,0.857143
86.3,90,0.857143
86.4,90,0.857143
86.5,90,0.857143
86.6,90,0.857143
86.7,91,0.866667
86.8,91,0.866667
86.9,91,0.866667
87,91,0.866667
87.1,91,0.866667
87.2,91,0.866667
87.3,91,0.866667
87.4,91,0.866667
87.5,91,0.866667
87.6,91,0.866667
87.7,91,0.866667
87.8,91,0.866667
87.9,91,0.866667
88,91,0.866667
88.1,91,0.866667
88.2,91,0.866667
88.3,91,0.866667
88.4,91,0.866667
88.5,91,0.866667
88.6,91,0.866667
88.7,91,0.866667
88.8,91,0.866667
88.9,91,0.866667
89,91,0.866667
89.1,91,0.866667
89.2,91,0.866667
89.3,91,0.866667
89.4,91,0.866667
89.5,91,0.866667
89.6,91,0.866667
89.7,91,0.866667
89.8,91,0.866667
89.9,91,0.866667
90,91,0.866667
90.1,91,0.866667
90.2,91,0.866667
