FlowId,SrcAddr,DestAddr,TxPackets,RxPackets,LostPackets,PacketLossRate(%),Throughput(bps),DelaySum
1,10.0.0.14,10.0.0.2,226,226,0,0,3.20007e+06,0.325824
2,10.0.0.2,10.0.0.14,113,112,1,0.884956,188354,0.312289
3,10.0.0.14,10.0.0.2,106,103,3,2.83019,3.99338e+06,0.13386
4,10.0.0.12,10.0.0.4,223,223,0,0,3.17413e+06,0.151595
5,10.0.0.12,10.0.0.4,106,106,0,0,4.11572e+06,0.0818241
6,10.0.0.4,10.0.0.12,112,112,0,0,192877,0.101725
7,10.0.0.14,10.0.0.7,215,214,1,0.465116,2.16145e+06,0.855367
8,10.0.0.14,10.0.0.7,106,100,6,5.66038,3.19303e+06,1.82113
9,10.0.0.7,10.0.0.14,110,107,3,2.72727,126410,0.279216
10,10.0.0.9,10.0.0.4,226,226,0,0,2.83018e+06,1.49481
11,10.0.0.9,10.0.0.4,106,104,2,1.88679,4.0381e+06,0.755213
12,10.0.0.4,10.0.0.9,113,113,0,0,171565,0.236921
13,10.0.0.11,10.0.0.15,3,3,0,0,587.994,0.00858239
14,10.0.0.11,10.0.0.15,106,105,1,0.943396,4.07687e+06,0.182743
15,10.0.0.15,10.0.0.11,1,1,0,0,223.371,2.00563
16,10.0.0.3,10.0.0.4,232,232,0,0,3.3132e+06,0.128591
17,10.0.0.4,10.0.0.3,116,116,0,0,194105,0.0598805
18,10.0.0.3,10.0.0.4,106,106,0,0,4.11565e+06,0.0463549
19,10.0.0.14,10.0.0.4,3,2,1,33.3333,759.836,1.0033
20,10.0.0.14,10.0.0.4,106,2,104,98.1132,22835.4,1.99812
21,10.0.0.15,10.0.0.13,220,220,0,0,3.10045e+06,0.242045
22,10.0.0.15,10.0.0.13,106,106,0,0,4.11157e+06,0.10229
23,10.0.0.13,10.0.0.15,110,110,0,0,188770,0.218977
24,10.0.0.3,10.0.0.11,229,229,0,0,3.26982e+06,0.199963
25,10.0.0.11,10.0.0.3,115,115,0,0,192465,0.126634
26,10.0.0.3,10.0.0.11,106,106,0,0,4.11358e+06,0.0824902
27,10.0.0.4,10.0.0.6,229,229,0,0,3.24975e+06,0.300323
28,10.0.0.6,10.0.0.4,115,115,0,0,192717,0.215183
29,10.0.0.4,10.0.0.6,106,105,1,0.943396,4.07684e+06,0.111474
30,10.0.0.1,10.0.0.2,229,229,0,0,3.25695e+06,0.249539
31,10.0.0.1,10.0.0.2,106,106,0,0,4.1157e+06,0.111296
32,10.0.0.2,10.0.0.1,115,115,0,0,195871,0.145229
33,10.0.0.11,10.0.0.9,3,3,0,0,1169.04,0.0156234
34,10.0.0.11,10.0.0.9,106,99,7,6.60377,3.8285e+06,0.469998
35,10.0.0.9,10.0.0.11,1,1,0,0,447.654,1.00077
36,10.0.0.2,10.0.0.14,232,232,0,0,3.26025e+06,0.80175
37,10.0.0.14,10.0.0.2,116,116,0,0,191091,0.4351
38,10.0.0.2,10.0.0.14,106,101,5,4.71698,3.92117e+06,0.331987
39,10.0.0.6,10.0.0.1,232,232,0,0,3.22795e+06,0.241528
40,10.0.0.1,10.0.0.6,116,114,2,1.72414,186987,0.220901
41,10.0.0.6,10.0.0.1,106,105,1,0.943396,4.07169e+06,0.101425
42,10.0.0.5,10.0.0.8,220,220,0,0,3.13102e+06,0.287477
43,10.0.0.5,10.0.0.8,106,106,0,0,4.11565e+06,0.134623
44,10.0.0.4,10.0.0.14,1,1,0,0,60175.9,0.00744484
45,10.0.0.8,10.0.0.5,110,109,1,0.909091,185958,0.305455
46,10.0.0.2,10.0.0.5,226,226,0,0,3.22529e+06,0.134134
47,10.0.0.2,10.0.0.5,106,106,0,0,4.11572e+06,0.058903
48,10.0.0.5,10.0.0.2,113,113,0,0,195324,0.0849755
49,10.0.0.5,10.0.0.6,229,229,0,0,3.26885e+06,0.0871519
50,10.0.0.5,10.0.0.6,106,106,0,0,4.11575e+06,0.0509978
51,10.0.0.6,10.0.0.5,115,115,0,0,195234,0.0448276
52,10.0.0.14,10.0.0.15,3,2,1,33.3333,1259.85,0.605698
53,10.0.0.14,10.0.0.15,106,2,104,98.1132,37968,1.20056
54,10.0.0.9,10.0.0.15,226,226,0,0,3.21829e+06,0.097702
55,10.0.0.15,10.0.0.9,113,113,0,0,190073,0.0574707
56,10.0.0.9,10.0.0.15,106,106,0,0,4.11574e+06,0.0440482
57,10.0.0.9,10.0.0.13,223,223,0,0,3.14262e+06,0.844878
58,10.0.0.9,10.0.0.13,106,97,9,8.49057,3.75077e+06,0.344498
59,10.0.0.13,10.0.0.9,112,107,5,4.46429,179705,0.496113
60,10.0.0.6,10.0.0.2,220,220,0,0,3.13931e+06,0.104729
61,10.0.0.6,10.0.0.2,106,105,1,0.943396,4.07396e+06,0.0584774
62,10.0.0.2,10.0.0.6,110,110,0,0,191980,0.0538938
63,10.0.0.15,10.0.0.14,1,1,0,0,114910,0.00389869
64,10.0.0.5,10.0.0.12,223,223,0,0,3.18244e+06,0.154746
65,10.0.0.5,10.0.0.12,106,106,0,0,4.11218e+06,0.078372
66,10.0.0.12,10.0.0.5,112,112,0,0,191020,0.0778872
67,10.0.0.14,10.0.0.5,226,226,0,0,3.19835e+06,0.374743
68,10.0.0.14,10.0.0.5,106,103,3,2.83019,3.99053e+06,0.141644
69,10.0.0.5,10.0.0.14,113,112,1,0.884956,188535,0.137933
70,10.0.0.3,10.0.0.9,3,2,1,33.3333,735.759,1.00924
71,10.0.0.3,10.0.0.9,106,2,104,98.1132,22345.5,2.02702
72,10.0.0.5,10.0.0.10,3,3,0,0,1175.14,0.00691602
73,10.0.0.5,10.0.0.10,106,102,4,3.77358,3.96034e+06,0.169807
74,10.0.0.10,10.0.0.5,1,1,0,0,447.7,1.00067
75,10.0.0.1,10.0.0.10,3,2,1,33.3333,378.932,2.0237
76,10.0.0.1,10.0.0.10,106,1,105,99.0566,5652.79,2.02095
77,10.0.0.3,10.0.0.9,2,0,2,100,0,0
78,10.0.0.3,10.0.0.9,106,0,106,100,0,0
79,10.0.0.11,10.0.0.14,226,226,0,0,3.15199e+06,0.204125
80,10.0.0.14,10.0.0.11,113,112,1,0.884956,185709,0.196959
81,10.0.0.11,10.0.0.14,106,104,2,1.88679,4.01991e+06,0.11205
82,10.0.0.12,10.0.0.15,226,226,0,0,3.21285e+06,0.276993
83,10.0.0.15,10.0.0.12,113,113,0,0,189141,0.136577
84,10.0.0.12,10.0.0.15,106,106,0,0,4.11572e+06,0.124919
85,10.0.0.11,10.0.0.4,226,226,0,0,3.19699e+06,0.196665
86,10.0.0.11,10.0.0.4,106,105,1,0.943396,4.07073e+06,0.0780861
87,10.0.0.4,10.0.0.11,113,113,0,0,194391,0.0862979
88,10.0.0.4,10.0.0.2,229,229,0,0,3.25554e+06,0.178147
89,10.0.0.4,10.0.0.2,106,105,1,0.943396,4.07487e+06,0.0875047
90,10.0.0.2,10.0.0.4,115,115,0,0,195377,0.124
91,10.0.0.6,10.0.0.2,235,235,0,0,3.334e+06,0.176479
92,10.0.0.2,10.0.0.6,118,118,0,0,197921,0.0985921
93,10.0.0.6,10.0.0.2,106,106,0,0,4.10183e+06,0.0685309
94,10.0.0.10,10.0.0.9,3,2,1,33.3333,3416.1,0.0390594
95,10.0.0.10,10.0.0.9,106,94,12,11.3208,3.62501e+06,0.524403
96,10.0.0.9,10.0.0.3,1,1,0,0,12956.1,0.0345783
97,10.0.0.9,10.0.0.10,1,1,0,0,458.636,0.976809
98,10.0.0.5,10.0.0.9,226,226,0,0,3.04051e+06,0.577067
99,10.0.0.5,10.0.0.9,106,105,1,0.943396,4.05252e+06,0.260747
100,10.0.0.9,10.0.0.5,113,113,0,0,184121,0.260335
101,10.0.0.5,10.0.0.14,235,235,0,0,3.32328e+06,0.574266
102,10.0.0.14,10.0.0.5,118,118,0,0,196545,0.248853
103,10.0.0.5,10.0.0.14,106,103,3,2.83019,3.99925e+06,0.275648
104,10.0.0.9,10.0.0.7,3,3,0,0,1172.78,0.0105068
105,10.0.0.9,10.0.0.7,106,106,0,0,4.1037e+06,0.190029
106,10.0.0.7,10.0.0.9,1,1,0,0,447.674,1.00073
107,10.0.0.15,10.0.0.6,226,226,0,0,3.21739e+06,0.164546
108,10.0.0.15,10.0.0.6,106,106,0,0,4.09935e+06,0.0686833
109,10.0.0.6,10.0.0.15,113,113,0,0,194463,0.0844095
110,10.0.0.11,10.0.0.14,234,234,0,0,3.32533e+06,0.43641
111,10.0.0.14,10.0.0.11,117,116,1,0.854701,192175,0.194652
112,10.0.0.11,10.0.0.14,106,105,1,0.943396,4.05337e+06,0.156076
113,10.0.0.11,10.0.0.12,223,223,0,0,3.18178e+06,0.302908
114,10.0.0.11,10.0.0.12,106,106,0,0,4.11566e+06,0.150931
115,10.0.0.12,10.0.0.11,112,112,0,0,192370,0.202107
116,10.0.0.10,10.0.0.2,247,241,6,2.42915,18051.5,2.16209
117,10.0.0.10,10.0.0.2,106,102,4,3.77358,3.91948e+06,1.17953
118,10.0.0.2,10.0.0.10,103,100,3,2.91262,183336,0.246935
119,10.0.0.15,10.0.0.9,235,235,0,0,3.33892e+06,0.232141
120,10.0.0.9,10.0.0.15,118,118,0,0,196093,0.106257
121,10.0.0.15,10.0.0.9,106,106,0,0,4.11565e+06,0.0871847
122,10.0.0.5,10.0.0.3,229,229,0,0,3.24487e+06,0.106969
123,10.0.0.5,10.0.0.3,106,106,0,0,4.11575e+06,0.051936
124,10.0.0.3,10.0.0.5,115,115,0,0,194436,0.121743
125,10.0.0.10,10.0.0.1,1,1,0,0,147095,0.00304565
126,10.0.0.12,10.0.0.10,3,2,1,33.3333,3444.05,0.0137906
127,10.0.0.12,10.0.0.10,106,102,4,3.77358,3.93778e+06,0.444917
128,10.0.0.10,10.0.0.12,1,1,0,0,233.154,1.92148
129,10.0.0.14,10.0.0.9,3,3,0,0,1939.54,0.00783973
130,10.0.0.14,10.0.0.9,106,104,2,1.88679,4.03807e+06,0.204222
131,10.0.0.9,10.0.0.14,1,1,0,0,742.873,0.603064
132,10.0.0.15,10.0.0.12,235,235,0,0,3.34401e+06,0.119752
133,10.0.0.12,10.0.0.15,118,118,0,0,196597,0.0609607
134,10.0.0.15,10.0.0.12,106,106,0,0,4.11573e+06,0.0586067
135,10.0.0.1,10.0.0.5,223,223,0,0,3.14094e+06,0.172402
136,10.0.0.1,10.0.0.5,106,105,1,0.943396,4.06913e+06,0.0854947
137,10.0.0.5,10.0.0.1,112,112,0,0,192077,0.0727935
138,10.0.0.3,10.0.0.8,229,229,0,0,3.26963e+06,0.246182
139,10.0.0.3,10.0.0.8,106,105,1,0.943396,4.05901e+06,0.0933788
140,10.0.0.8,10.0.0.3,115,115,0,0,196677,0.108749
141,10.0.0.4,10.0.0.1,3,2,1,33.3333,763.407,1.00214
142,10.0.0.4,10.0.0.1,106,2,104,98.1132,22857.9,1.99615
143,10.0.0.10,10.0.0.11,3,2,1,33.3333,895.84,0.84788
144,10.0.0.10,10.0.0.11,106,2,104,98.1132,27027.1,1.68795
145,10.0.0.6,10.0.0.7,229,229,0,0,3.25869e+06,0.109171
146,10.0.0.7,10.0.0.6,115,115,0,0,193335,0.0558313
147,10.0.0.6,10.0.0.7,106,106,0,0,4.1128e+06,0.0480834
148,10.0.0.4,10.0.0.5,229,229,0,0,3.26263e+06,0.0849483
149,10.0.0.5,10.0.0.4,115,115,0,0,192082,0.0918781
150,10.0.0.4,10.0.0.5,106,106,0,0,4.11573e+06,0.0483237
151,10.0.0.1,10.0.0.8,3,2,1,33.3333,762.522,1.00607
152,10.0.0.1,10.0.0.8,106,2,104,98.1132,22848.5,1.99698
153,10.0.0.3,10.0.0.11,235,235,0,0,3.35364e+06,0.0977246
154,10.0.0.11,10.0.0.3,118,118,0,0,197138,0.0494027
155,10.0.0.3,10.0.0.11,106,106,0,0,4.11529e+06,0.0550897
156,10.0.0.12,10.0.0.7,226,226,0,0,3.09098e+06,0.700131
157,10.0.0.12,10.0.0.7,106,105,1,0.943396,4.05591e+06,0.310383
158,10.0.0.7,10.0.0.12,113,113,0,0,184706,0.42369
159,10.0.0.2,10.0.0.11,226,226,0,0,3.20323e+06,0.235232
160,10.0.0.2,10.0.0.11,106,106,0,0,4.09955e+06,0.103067
161,10.0.0.11,10.0.0.2,113,113,0,0,192919,0.163839
162,10.0.0.7,10.0.0.6,235,235,0,0,3.33606e+06,0.498842
163,10.0.0.6,10.0.0.7,118,118,0,0,196324,0.199547
164,10.0.0.7,10.0.0.6,106,104,2,1.88679,4.03523e+06,0.201357
165,10.0.0.11,10.0.0.10,1,1,0,0,47574.7,0.00941678
166,10.0.0.14,10.0.0.12,211,211,0,0,2.99638e+06,0.784648
167,10.0.0.1,10.0.0.4,1,1,0,0,115507,0.00387856
168,10.0.0.14,10.0.0.12,106,101,5,4.71698,3.9152e+06,0.356515
169,10.0.0.12,10.0.0.14,106,103,3,2.83019,184499,0.260507
170,10.0.0.3,10.0.0.14,226,226,0,0,3.21071e+06,0.165037
171,10.0.0.3,10.0.0.14,106,106,0,0,4.11567e+06,0.0954859
172,10.0.0.14,10.0.0.3,113,113,0,0,191894,0.154652
173,10.0.0.3,10.0.0.8,235,235,0,0,3.32336e+06,0.235347
174,10.0.0.8,10.0.0.3,118,118,0,0,195187,0.110649
175,10.0.0.3,10.0.0.8,106,104,2,1.88679,4.03804e+06,0.0822133
176,10.0.0.3,10.0.0.15,3,2,1,33.3333,936.256,0.812815
177,10.0.0.8,10.0.0.1,1,1,0,0,401283,0.00111642
178,10.0.0.3,10.0.0.15,106,2,104,98.1132,28472.1,1.60196
179,10.0.0.3,10.0.0.7,3,2,1,33.3333,283.277,2.70216
180,10.0.0.3,10.0.0.7,106,2,104,98.1132,8463.51,5.3962
181,10.0.0.3,10.0.0.7,2,0,2,100,0,0
182,10.0.0.3,10.0.0.7,106,0,106,100,0,0
183,10.0.0.14,10.0.0.3,235,235,0,0,3.26822e+06,0.297458
184,10.0.0.3,10.0.0.14,118,118,0,0,192094,0.119496
185,10.0.0.14,10.0.0.3,106,106,0,0,4.089e+06,0.144786
186,10.0.0.10,10.0.0.6,228,228,0,0,2.88087e+06,1.81908
187,10.0.0.10,10.0.0.6,106,101,5,4.71698,3.60464e+06,0.935481
188,10.0.0.6,10.0.0.10,114,112,2,1.75439,176434,0.776861
189,10.0.0.4,10.0.0.11,235,235,0,0,3.29666e+06,0.665775
190,10.0.0.11,10.0.0.4,118,117,1,0.847458,194107,0.327659
191,10.0.0.4,10.0.0.11,106,105,1,0.943396,4.07507e+06,0.250442
192,10.0.0.5,10.0.0.11,201,201,0,0,2.8562e+06,0.28884
193,10.0.0.5,10.0.0.11,106,105,1,0.943396,4.07529e+06,0.22952
194,10.0.0.11,10.0.0.5,101,101,0,0,188448,0.332212
195,10.0.0.4,10.0.0.3,229,229,0,0,3.2649e+06,0.330625
196,10.0.0.4,10.0.0.3,106,106,0,0,4.11573e+06,0.138106
197,10.0.0.15,10.0.0.3,1,1,0,0,59951.7,0.00747268
198,10.0.0.3,10.0.0.4,115,115,0,0,197696,0.141162
199,10.0.0.7,10.0.0.6,235,235,0,0,3.35046e+06,0.301614
200,10.0.0.6,10.0.0.7,118,118,0,0,197095,0.115547
201,10.0.0.7,10.0.0.6,106,106,0,0,4.10144e+06,0.129212
202,10.0.0.7,10.0.0.12,235,235,0,0,3.31192e+06,0.474044
203,10.0.0.12,10.0.0.7,118,118,0,0,195357,0.149596
204,10.0.0.7,10.0.0.12,106,105,1,0.943396,3.94175e+06,0.322828
205,10.0.0.3,10.0.0.2,3,3,0,0,1181.13,0.00127478
206,10.0.0.2,10.0.0.3,1,1,0,0,447.46,1.00121
207,10.0.0.3,10.0.0.2,106,106,0,0,4.09506e+06,0.111599
208,10.0.0.10,10.0.0.8,137,137,0,0,2.16029e+06,2.09513
209,10.0.0.10,10.0.0.8,106,101,5,4.71698,3.44464e+06,1.58766
210,10.0.0.8,10.0.0.10,69,69,0,0,114105,1.97872
211,10.0.0.13,10.0.0.4,220,220,0,0,3.13778e+06,0.416133
212,10.0.0.13,10.0.0.4,106,105,1,0.943396,4.07684e+06,0.188413
213,10.0.0.4,10.0.0.13,110,109,1,0.909091,189600,0.199736
214,10.0.0.11,10.0.0.3,235,235,0,0,3.35709e+06,0.224312
215,10.0.0.3,10.0.0.11,118,118,0,0,197161,0.0974226
216,10.0.0.11,10.0.0.3,106,106,0,0,4.11576e+06,0.0825852
217,10.0.0.11,10.0.0.6,19,19,0,0,224315,0.233903
218,10.0.0.11,10.0.0.6,106,27,79,74.5283,1.04834e+06,0.457796
219,10.0.0.11,10.0.0.12,235,235,0,0,3.32254e+06,0.136868
220,10.0.0.12,10.0.0.11,118,118,0,0,195134,0.0541972
221,10.0.0.11,10.0.0.12,106,106,0,0,4.11572e+06,0.0792652
222,10.0.0.6,10.0.0.11,10,10,0,0,207424,0.00442075
223,10.0.0.9,10.0.0.4,235,235,0,0,3.31302e+06,1.0766
224,10.0.0.4,10.0.0.9,118,117,1,0.847458,193946,0.282808
225,10.0.0.9,10.0.0.4,106,100,6,5.66038,3.86174e+06,0.53757
226,10.0.0.1,10.0.0.7,229,229,0,0,3.24801e+06,0.916413
227,10.0.0.7,10.0.0.1,115,114,1,0.869565,190512,0.404514
228,10.0.0.1,10.0.0.7,106,104,2,1.88679,4.03562e+06,0.372028
229,10.0.0.15,10.0.0.10,162,162,0,0,2.36558e+06,0.441855
230,10.0.0.15,10.0.0.10,106,101,5,4.71698,3.91933e+06,0.890491
231,10.0.0.10,10.0.0.15,81,80,1,1.23457,178495,0.323248
232,10.0.0.5,10.0.0.2,235,235,0,0,3.34848e+06,0.0923495
233,10.0.0.2,10.0.0.5,118,118,0,0,196945,0.0601099
234,10.0.0.5,10.0.0.2,106,106,0,0,4.1157e+06,0.0440311
235,10.0.0.15,10.0.0.13,235,235,0,0,3.33701e+06,0.111202
236,10.0.0.13,10.0.0.15,118,118,0,0,195981,0.0540306
237,10.0.0.15,10.0.0.13,106,106,0,0,4.10125e+06,0.058552
238,10.0.0.6,10.0.0.12,223,223,0,0,3.18306e+06,0.0925629
239,10.0.0.6,10.0.0.12,106,106,0,0,4.11568e+06,0.0428674
240,10.0.0.12,10.0.0.6,112,112,0,0,193210,0.0539826
241,10.0.0.7,10.0.0.3,1,1,0,0,49985.7,0.00896256
242,10.0.0.11,10.0.0.9,199,196,3,1.50754,1.77998e+06,1.12618
243,10.0.0.9,10.0.0.11,104,101,3,2.88462,92250.7,0.607638
244,10.0.0.11,10.0.0.9,106,101,5,4.71698,3.8423e+06,0.47672
245,10.0.0.11,10.0.0.10,227,227,0,0,2.51843e+06,1.76806
246,10.0.0.11,10.0.0.10,106,104,2,1.88679,3.70373e+06,0.848126
247,10.0.0.10,10.0.0.11,114,112,2,1.75439,161750,2.83438
248,10.0.0.4,10.0.0.6,235,235,0,0,3.32881e+06,0.639171
249,10.0.0.6,10.0.0.4,118,118,0,0,195561,0.146251
250,10.0.0.4,10.0.0.6,106,106,0,0,4.09996e+06,0.274178
251,10.0.0.12,10.0.0.4,235,235,0,0,3.34756e+06,0.626587
252,10.0.0.4,10.0.0.12,118,118,0,0,197279,0.242328
253,10.0.0.12,10.0.0.4,106,105,1,0.943396,4.06323e+06,0.23068
254,10.0.0.1,10.0.0.15,229,229,0,0,3.26625e+06,0.202554
255,10.0.0.1,10.0.0.15,106,106,0,0,4.11553e+06,0.075128
256,10.0.0.15,10.0.0.1,115,115,0,0,194257,0.0921028
257,10.0.0.6,10.0.0.4,235,235,0,0,3.35566e+06,0.0716788
258,10.0.0.4,10.0.0.6,118,118,0,0,197289,0.0470495
259,10.0.0.6,10.0.0.4,106,106,0,0,4.11573e+06,0.0422493
260,10.0.0.11,10.0.0.6,235,235,0,0,3.35673e+06,0.0893814
261,10.0.0.6,10.0.0.11,118,118,0,0,197338,0.0377628
262,10.0.0.11,10.0.0.6,106,106,0,0,4.11577e+06,0.0330439
263,10.0.0.13,10.0.0.3,3,2,1,33.3333,382.513,1.00743
264,10.0.0.13,10.0.0.3,106,2,104,98.1132,22739.1,2.00659
265,10.0.0.13,10.0.0.15,235,235,0,0,3.18356e+06,0.153864
266,10.0.0.15,10.0.0.13,118,118,0,0,186969,0.216353
267,10.0.0.13,10.0.0.15,106,106,0,0,4.1088e+06,0.0856176
268,10.0.0.15,10.0.0.4,232,232,0,0,3.2631e+06,0.523048
269,10.0.0.4,10.0.0.15,116,116,0,0,192609,0.107384
270,10.0.0.15,10.0.0.4,106,106,0,0,3.90557e+06,0.265915
271,10.0.0.15,10.0.0.14,232,232,0,0,3.30702e+06,0.790368
272,10.0.0.14,10.0.0.15,116,116,0,0,193769,1.41298
273,10.0.0.15,10.0.0.14,106,103,3,2.83019,3.57755e+06,0.377511
274,10.0.0.2,10.0.0.12,223,223,0,0,3.17037e+06,0.152082
275,10.0.0.2,10.0.0.12,106,106,0,0,4.11389e+06,0.0634054
276,10.0.0.12,10.0.0.2,112,112,0,0,192720,0.0696504
277,10.0.0.8,10.0.0.3,235,235,0,0,3.33847e+06,0.268615
278,10.0.0.3,10.0.0.8,118,118,0,0,196275,0.169167
279,10.0.0.8,10.0.0.3,106,104,2,1.88679,4.03806e+06,0.103953
280,10.0.0.6,10.0.0.1,235,235,0,0,3.32959e+06,0.137666
281,10.0.0.1,10.0.0.6,118,118,0,0,195606,0.0706657
282,10.0.0.6,10.0.0.1,106,106,0,0,4.07581e+06,0.0654701
283,10.0.0.9,10.0.0.7,2,1,1,50,1655.33,0.00230927
284,10.0.0.9,10.0.0.7,106,105,1,0.943396,4.07135e+06,0.137541
285,10.0.0.8,10.0.0.2,193,192,1,0.518135,2.80157e+06,1.17002
286,10.0.0.8,10.0.0.2,106,104,2,1.88679,3.92871e+06,0.775477
287,10.0.0.2,10.0.0.8,101,101,0,0,155302,0.363703
288,10.0.0.3,10.0.0.13,1,1,0,0,447.846,1.00034
289,10.0.0.15,10.0.0.2,223,223,0,0,3.13513e+06,0.506886
290,10.0.0.15,10.0.0.2,106,105,1,0.943396,4.03354e+06,0.238308
291,10.0.0.2,10.0.0.15,112,111,1,0.892857,192307,0.310797
292,10.0.0.1,10.0.0.13,222,222,0,0,2.88743e+06,0.498922
293,10.0.0.1,10.0.0.13,106,106,0,0,4.10687e+06,0.281135
294,10.0.0.13,10.0.0.1,111,111,0,0,180670,0.789071
295,10.0.0.14,10.0.0.3,235,235,0,0,3.28747e+06,0.640538
296,10.0.0.3,10.0.0.14,118,117,1,0.847458,193668,0.240065
297,10.0.0.14,10.0.0.3,106,105,1,0.943396,4.04503e+06,0.249542
298,10.0.0.15,10.0.0.14,233,233,0,0,3.29425e+06,0.822451
299,10.0.0.14,10.0.0.15,117,117,0,0,192384,0.307894
300,10.0.0.15,10.0.0.14,106,102,4,3.77358,3.94897e+06,0.322844
301,10.0.0.9,10.0.0.8,226,226,0,0,3.22621e+06,0.173502
302,10.0.0.9,10.0.0.8,106,106,0,0,4.11567e+06,0.0638106
303,10.0.0.8,10.0.0.9,113,113,0,0,195009,0.0723622
304,10.0.0.12,10.0.0.9,3,1,2,66.6667,148.933,3.00806
305,10.0.0.12,10.0.0.9,106,2,104,98.1132,7601.76,6.00826
306,10.0.0.12,10.0.0.13,3,2,1,33.3333,948.289,0.803359
307,10.0.0.12,10.0.0.13,106,2,104,98.1132,28555.4,1.59728
308,10.0.0.12,10.0.0.9,2,0,2,100,0,0
309,10.0.0.12,10.0.0.9,106,0,106,100,0,0
310,10.0.0.1,10.0.0.6,235,235,0,0,3.34216e+06,0.102974
311,10.0.0.6,10.0.0.1,118,118,0,0,196285,0.049841
312,10.0.0.1,10.0.0.6,106,106,0,0,4.11153e+06,0.0582054
313,10.0.0.15,10.0.0.14,235,235,0,0,3.34201e+06,0.577948
314,10.0.0.14,10.0.0.15,118,117,1,0.847458,194743,0.310113
315,10.0.0.15,10.0.0.14,106,103,3,2.83019,3.99454e+06,0.277684
316,10.0.0.9,10.0.0.5,235,235,0,0,3.11903e+06,1.41206
317,10.0.0.5,10.0.0.9,118,118,0,0,183802,0.170565
318,10.0.0.9,10.0.0.5,106,103,3,2.83019,3.98489e+06,0.65374
319,10.0.0.12,10.0.0.6,235,235,0,0,3.31773e+06,0.356391
320,10.0.0.6,10.0.0.12,118,118,0,0,196057,0.0726165
321,10.0.0.12,10.0.0.6,106,105,1,0.943396,4.06507e+06,0.149669
322,10.0.0.14,10.0.0.12,231,231,0,0,3.24363e+06,0.779619
323,10.0.0.12,10.0.0.14,116,115,1,0.862069,189554,0.306725
324,10.0.0.13,10.0.0.12,1,1,0,0,68701,0.00652101
325,10.0.0.14,10.0.0.12,106,99,7,6.60377,3.83418e+06,0.309374
326,10.0.0.6,10.0.0.3,226,226,0,0,3.21327e+06,0.133648
327,10.0.0.6,10.0.0.3,106,106,0,0,4.07842e+06,0.0954866
328,10.0.0.3,10.0.0.6,113,113,0,0,194906,0.0623358
329,10.0.0.11,10.0.0.13,223,223,0,0,3.13069e+06,0.139006
330,10.0.0.11,10.0.0.13,106,106,0,0,4.11352e+06,0.0786003
331,10.0.0.13,10.0.0.11,112,111,1,0.892857,186497,0.12304
332,10.0.0.6,10.0.0.9,3,3,0,0,1180.03,0.0123819
333,10.0.0.9,10.0.0.6,1,1,0,0,447.805,1.00044
334,10.0.0.6,10.0.0.9,106,104,2,1.88679,4.03395e+06,0.227732
335,10.0.0.4,10.0.0.6,235,235,0,0,3.34577e+06,0.199955
336,10.0.0.6,10.0.0.4,118,118,0,0,197024,0.194094
337,10.0.0.4,10.0.0.6,106,106,0,0,4.10901e+06,0.0832797
338,10.0.0.2,10.0.0.15,235,235,0,0,3.33869e+06,0.334116
339,10.0.0.15,10.0.0.2,118,117,1,0.847458,195204,0.221485
340,10.0.0.2,10.0.0.15,106,106,0,0,4.11574e+06,0.130536
341,10.0.0.1,10.0.0.10,232,232,0,0,3.25579e+06,0.452876
342,10.0.0.1,10.0.0.10,106,101,5,4.71698,3.92163e+06,0.185957
343,10.0.0.10,10.0.0.1,116,113,3,2.58621,187926,0.393947
344,10.0.0.3,10.0.0.15,235,235,0,0,3.32107e+06,0.150845
345,10.0.0.15,10.0.0.3,118,118,0,0,196643,0.103244
346,10.0.0.3,10.0.0.15,106,106,0,0,4.05391e+06,0.0841715
347,10.0.0.8,10.0.0.4,220,220,0,0,3.13928e+06,0.294661
348,10.0.0.8,10.0.0.4,106,105,1,0.943396,4.07687e+06,0.127759
349,10.0.0.4,10.0.0.8,110,110,0,0,190540,0.13264
350,10.0.0.6,10.0.0.4,235,235,0,0,3.35642e+06,0.120171
351,10.0.0.4,10.0.0.6,118,118,0,0,197158,0.132651
352,10.0.0.6,10.0.0.4,106,106,0,0,4.11567e+06,0.0542312
353,10.0.0.9,10.0.0.4,235,235,0,0,3.33436e+06,0.156262
354,10.0.0.4,10.0.0.9,118,118,0,0,196460,0.0617938
355,10.0.0.9,10.0.0.4,106,104,2,1.88679,4.03804e+06,0.0707479
356,10.0.0.3,10.0.0.4,235,235,0,0,3.28631e+06,0.134288
357,10.0.0.4,10.0.0.3,118,118,0,0,193133,0.0673823
358,10.0.0.3,10.0.0.4,106,106,0,0,4.11019e+06,0.0635764
359,10.0.0.13,10.0.0.8,4,2,2,50,191.081,2.019
360,10.0.0.13,10.0.0.8,106,2,104,98.1132,11332.4,4.02935
361,10.0.0.13,10.0.0.9,221,220,1,0.452489,2.11915e+06,10.4973
362,10.0.0.9,10.0.0.13,111,110,1,0.900901,111415,2.67156
363,10.0.0.13,10.0.0.9,106,103,3,2.83019,2.99941e+06,6.18265
364,10.0.0.14,10.0.0.12,235,235,0,0,3.12731e+06,1.98376
365,10.0.0.12,10.0.0.14,118,115,3,2.54237,180055,0.331026
366,10.0.0.14,10.0.0.12,106,102,4,3.77358,3.79795e+06,0.844149
367,10.0.0.9,10.0.0.12,2,1,1,50,223.963,0.000333955
368,10.0.0.15,10.0.0.8,220,220,0,0,3.13299e+06,1.05361
369,10.0.0.15,10.0.0.8,106,106,0,0,4.11576e+06,0.423012
370,10.0.0.8,10.0.0.15,110,110,0,0,189975,0.875529
371,10.0.0.8,10.0.0.11,3,3,0,0,1147.59,0.03375
372,10.0.0.8,10.0.0.11,106,104,2,1.88679,4.0381e+06,0.615886
373,10.0.0.11,10.0.0.8,1,1,0,0,446.881,1.0025
374,10.0.0.9,10.0.0.6,2,1,1,50,1668.98,0.000254065
375,10.0.0.9,10.0.0.6,106,103,3,2.83019,3.99917e+06,0.107799
376,10.0.0.13,10.0.0.14,61,54,7,11.4754,3484.39,0.39855
377,10.0.0.13,10.0.0.14,106,36,70,66.0377,1.39154e+06,0.48441
378,10.0.0.6,10.0.0.14,3,2,1,33.3333,745.039,1.01908
379,10.0.0.14,10.0.0.13,16,15,1,6.25,126007,0.0439935
380,10.0.0.6,10.0.0.14,106,2,104,98.1132,22647.2,2.01475
381,10.0.0.4,10.0.0.14,265,264,1,0.377358,27167.8,0.463447
382,10.0.0.14,10.0.0.4,118,115,3,2.54237,190537,0.497366
383,10.0.0.4,10.0.0.14,106,106,0,0,4.01518e+06,0.203947
384,10.0.0.12,10.0.0.13,235,235,0,0,3.34237e+06,0.304571
385,10.0.0.13,10.0.0.12,118,118,0,0,196444,0.538593
386,10.0.0.12,10.0.0.13,106,105,1,0.943396,4.05441e+06,0.223726
387,10.0.0.6,10.0.0.15,235,235,0,0,3.35195e+06,0.358368
388,10.0.0.15,10.0.0.6,118,118,0,0,197095,0.156397
389,10.0.0.6,10.0.0.15,106,106,0,0,4.11568e+06,0.226294
390,10.0.0.9,10.0.0.1,214,214,0,0,2.69515e+06,2.69577
391,10.0.0.9,10.0.0.1,106,97,9,8.49057,3.8018e+06,1.11129
392,10.0.0.1,10.0.0.9,107,106,1,0.934579,154632,2.1689
393,10.0.0.14,10.0.0.5,2,2,0,0,3459.07,0.0116702
394,10.0.0.14,10.0.0.5,106,105,1,0.943396,4.07689e+06,0.327108
395,10.0.0.5,10.0.0.14,1,0,1,100,0,0
396,10.0.0.9,10.0.0.2,2,2,0,0,2273.23,0.153474
397,10.0.0.9,10.0.0.2,106,98,8,7.54717,2.9575e+06,6.5943
398,10.0.0.2,10.0.0.9,1,0,1,100,0,0
399,10.0.0.14,10.0.0.15,232,232,0,0,3.09286e+06,1.7957
400,10.0.0.14,10.0.0.15,106,104,2,1.88679,4.02372e+06,0.867004
401,10.0.0.15,10.0.0.14,116,115,1,0.862069,182115,0.395722
402,10.0.0.4,10.0.0.13,216,216,0,0,3.18986e+06,0.905387
403,10.0.0.13,10.0.0.4,108,108,0,0,179513,0.497711
404,10.0.0.4,10.0.0.13,106,104,2,1.88679,4.03805e+06,0.378316
405,10.0.0.14,10.0.0.6,1,1,0,0,38153,0.0117422
406,10.0.0.8,10.0.0.13,2,2,0,0,447.946,0.00913225
407,10.0.0.2,10.0.0.7,223,222,1,0.44843,2.79235e+06,1.48679
408,10.0.0.2,10.0.0.7,106,102,4,3.77358,3.988e+06,0.680912
409,10.0.0.7,10.0.0.2,112,111,1,0.892857,181613,0.413884
410,10.0.0.12,10.0.0.10,111,111,0,0,1.28919e+06,1.10911
411,10.0.0.10,10.0.0.12,57,57,0,0,72218.1,4.67282
412,10.0.0.12,10.0.0.10,106,102,4,3.77358,3.96037e+06,1.72576
413,10.0.0.2,10.0.0.15,223,223,0,0,3.10614e+06,1.03149
414,10.0.0.2,10.0.0.15,106,105,1,0.943396,4.07683e+06,0.408464
415,10.0.0.15,10.0.0.2,112,111,1,0.892857,189367,0.666163
416,10.0.0.15,10.0.0.4,235,235,0,0,3.35214e+06,0.914973
417,10.0.0.4,10.0.0.15,118,118,0,0,197118,0.134872
418,10.0.0.15,10.0.0.4,106,106,0,0,4.11364e+06,0.350518
419,10.0.0.1,10.0.0.5,235,235,0,0,3.34298e+06,0.162964
420,10.0.0.5,10.0.0.1,118,118,0,0,197129,0.0743294
421,10.0.0.1,10.0.0.5,106,106,0,0,4.11576e+06,0.0875656
422,10.0.0.14,10.0.0.6,235,235,0,0,3.09342e+06,0.400235
423,10.0.0.6,10.0.0.14,118,118,0,0,182614,0.209741
424,10.0.0.14,10.0.0.6,106,102,4,3.77358,3.48433e+06,0.300924
425,10.0.0.6,10.0.0.8,218,218,0,0,2.90073e+06,0.876144
426,10.0.0.6,10.0.0.8,106,105,1,0.943396,4.0684e+06,0.397549
427,10.0.0.8,10.0.0.6,109,109,0,0,175659,2.22382
428,10.0.0.13,10.0.0.12,235,235,0,0,3.34967e+06,0.37652
429,10.0.0.12,10.0.0.13,118,118,0,0,197535,0.12502
430,10.0.0.13,10.0.0.12,106,106,0,0,4.06715e+06,0.184334
431,10.0.0.2,10.0.0.3,226,226,0,0,2.67915e+06,1.65719
432,10.0.0.2,10.0.0.3,106,106,0,0,4.07111e+06,1.02264
433,10.0.0.3,10.0.0.2,113,113,0,0,162080,0.135626
434,10.0.0.9,10.0.0.12,183,183,0,0,2.54152e+06,4.22622
435,10.0.0.12,10.0.0.9,92,92,0,0,138974,0.966206
436,10.0.0.9,10.0.0.12,106,105,1,0.943396,4.0898e+06,2.43263
437,10.0.0.9,10.0.0.11,137,136,1,0.729927,740342,2.80178
438,10.0.0.9,10.0.0.11,106,106,0,0,4.11572e+06,1.66255
439,10.0.0.11,10.0.0.9,76,75,1,1.31579,42842.4,0.732248
440,10.0.0.6,10.0.0.5,235,235,0,0,3.35638e+06,0.0520364
441,10.0.0.5,10.0.0.6,118,118,0,0,197168,0.0349845
442,10.0.0.6,10.0.0.5,106,106,0,0,4.11566e+06,0.0286738
443,10.0.0.1,10.0.0.12,3,2,1,33.3333,764.086,1.00289
444,10.0.0.1,10.0.0.12,106,2,104,98.1132,22860.1,1.99614
445,10.0.0.11,10.0.0.6,235,235,0,0,3.35614e+06,0.125573
446,10.0.0.6,10.0.0.11,118,118,0,0,197165,0.0387415
447,10.0.0.11,10.0.0.6,106,106,0,0,4.11569e+06,0.0571474
448,10.0.0.11,10.0.0.10,235,235,0,0,3.32294e+06,0.583122
449,10.0.0.10,10.0.0.11,118,116,2,1.69492,192819,0.341828
450,10.0.0.11,10.0.0.10,106,101,5,4.71698,3.90081e+06,0.24668
451,10.0.0.12,10.0.0.14,235,235,0,0,3.17882e+06,0.893791
452,10.0.0.14,10.0.0.12,118,114,4,3.38983,183701,0.497221
453,10.0.0.12,10.0.0.14,106,99,7,6.60377,3.83834e+06,0.359016
454,10.0.0.15,10.0.0.2,235,235,0,0,3.3215e+06,0.221595
455,10.0.0.2,10.0.0.15,118,118,0,0,196948,0.109167
456,10.0.0.15,10.0.0.2,106,105,1,0.943396,4.07212e+06,0.150059
457,10.0.0.1,10.0.0.2,235,235,0,0,3.35189e+06,0.159227
458,10.0.0.2,10.0.0.1,118,118,0,0,197247,0.13239
459,10.0.0.1,10.0.0.2,106,106,0,0,4.08187e+06,0.115879
460,10.0.0.9,10.0.0.2,92,91,1,1.08696,1.12649e+06,6.98516
461,10.0.0.2,10.0.0.9,47,47,0,0,52733.4,0.778289
462,10.0.0.12,10.0.0.1,1,1,0,0,200794,0.00223115
463,10.0.0.9,10.0.0.2,106,106,0,0,3.39864e+06,7.40614
464,10.0.0.6,10.0.0.14,180,180,0,0,2.45713e+06,2.14669
465,10.0.0.14,10.0.0.6,90,90,0,0,142812,2.90839
466,10.0.0.6,10.0.0.14,106,105,1,0.943396,4.05573e+06,1.08505
467,10.0.0.7,10.0.0.6,2,2,0,0,3441.28,0.0128615
468,10.0.0.7,10.0.0.6,106,106,0,0,4.10074e+06,0.287025
469,10.0.0.6,10.0.0.7,1,0,1,100,0,0
470,10.0.0.14,10.0.0.15,202,201,1,0.49505,2.48165e+06,1.35477
471,10.0.0.14,10.0.0.15,106,102,4,3.77358,3.91556e+06,1.08791
472,10.0.0.15,10.0.0.14,106,105,1,0.943396,143939,0.483158
473,10.0.0.4,10.0.0.7,226,226,0,0,3.21162e+06,0.506113
474,10.0.0.7,10.0.0.4,113,113,0,0,189373,0.200688
475,10.0.0.4,10.0.0.7,106,106,0,0,4.11278e+06,0.190764
476,10.0.0.10,10.0.0.15,214,214,0,0,3.29015e+06,1.71692
477,10.0.0.15,10.0.0.10,107,106,1,0.934579,177249,0.678139
478,10.0.0.10,10.0.0.15,106,101,5,4.71698,3.91411e+06,0.608887
479,10.0.0.3,10.0.0.15,235,235,0,0,3.35648e+06,0.0876298
480,10.0.0.15,10.0.0.3,118,118,0,0,197166,0.0491365
481,10.0.0.3,10.0.0.15,106,106,0,0,4.11573e+06,0.0471304
482,10.0.0.7,10.0.0.4,235,235,0,0,3.34438e+06,0.0771457
483,10.0.0.4,10.0.0.7,118,118,0,0,197025,0.0439356
484,10.0.0.7,10.0.0.4,106,106,0,0,4.11576e+06,0.0403258
485,10.0.0.5,10.0.0.2,235,235,0,0,3.34438e+06,0.123278
486,10.0.0.2,10.0.0.5,118,118,0,0,196614,0.0736356
487,10.0.0.5,10.0.0.2,106,106,0,0,4.11549e+06,0.0703906
488,10.0.0.15,10.0.0.12,235,235,0,0,3.29035e+06,0.299073
489,10.0.0.12,10.0.0.15,118,118,0,0,194035,0.133946
490,10.0.0.15,10.0.0.12,106,106,0,0,4.1088e+06,0.141473
491,10.0.0.3,10.0.0.8,235,235,0,0,2.89133e+06,0.985071
492,10.0.0.8,10.0.0.3,118,118,0,0,170298,0.255412
493,10.0.0.3,10.0.0.8,106,104,2,1.88679,4.03649e+06,0.58671
494,10.0.0.6,10.0.0.8,235,235,0,0,3.33195e+06,0.477252
495,10.0.0.8,10.0.0.6,118,118,0,0,196216,0.24337
496,10.0.0.6,10.0.0.8,106,105,1,0.943396,4.06567e+06,0.194827
497,10.0.0.10,10.0.0.4,29,29,0,0,1.23007e+06,0.353107
498,10.0.0.10,10.0.0.4,106,102,4,3.77358,3.82287e+06,0.787823
499,10.0.0.4,10.0.0.10,15,7,8,53.3333,37182.5,0.149585
500,10.0.0.15,10.0.0.8,232,232,0,0,3.13989e+06,0.491163
501,10.0.0.8,10.0.0.15,116,114,2,1.72414,181495,0.279419
502,10.0.0.15,10.0.0.8,106,105,1,0.943396,4.06967e+06,0.203059
503,10.0.0.13,10.0.0.9,229,229,0,0,3.16754e+06,1.85834
504,10.0.0.9,10.0.0.13,115,114,1,0.869565,183972,0.660232
505,10.0.0.13,10.0.0.9,106,100,6,5.66038,3.88028e+06,0.733324
506,10.0.0.6,10.0.0.8,235,235,0,0,3.32848e+06,1.32791
507,10.0.0.8,10.0.0.6,118,117,1,0.847458,195222,1.67816
508,10.0.0.6,10.0.0.8,106,104,2,1.88679,3.74692e+06,0.573689
509,10.0.0.9,10.0.0.13,198,198,0,0,2.23863e+06,7.0612
510,10.0.0.13,10.0.0.9,99,99,0,0,145466,1.74204
511,10.0.0.9,10.0.0.13,106,104,2,1.88679,3.77931e+06,3.56262
512,10.0.0.6,10.0.0.15,221,221,0,0,3.17826e+06,0.730432
513,10.0.0.6,10.0.0.15,106,106,0,0,4.11572e+06,0.323227
514,10.0.0.15,10.0.0.6,111,111,0,0,195585,0.109308
515,10.0.0.10,10.0.0.3,3,2,1,33.3333,1891.62,0.402632
516,10.0.0.10,10.0.0.3,106,2,104,98.1132,57342.7,0.793911
517,10.0.0.2,10.0.0.13,3,2,1,33.3333,752.286,1.01323
518,10.0.0.2,10.0.0.13,106,2,104,98.1132,22673.7,2.01239
519,10.0.0.12,10.0.0.13,235,235,0,0,3.35559e+06,0.147462
520,10.0.0.13,10.0.0.12,118,118,0,0,197157,0.0685578
521,10.0.0.12,10.0.0.13,106,106,0,0,4.08578e+06,0.0934267
522,10.0.0.9,10.0.0.13,2,1,1,50,1332.86,0.0631118
523,10.0.0.9,10.0.0.13,106,103,3,2.83019,3.7776e+06,2.71461
524,10.0.0.9,10.0.0.2,217,214,3,1.38249,29366.6,4.70566
525,10.0.0.3,10.0.0.10,1,1,0,0,132995,0.00336855
526,10.0.0.9,10.0.0.2,106,105,1,0.943396,3.82928e+06,2.90128
527,10.0.0.2,10.0.0.9,97,96,1,1.03093,165798,1.08216
528,10.0.0.15,10.0.0.2,232,232,0,0,2.83098e+06,0.943413
529,10.0.0.15,10.0.0.2,106,105,1,0.943396,3.99066e+06,0.553561
530,10.0.0.2,10.0.0.15,116,115,1,0.862069,175197,1.57154
531,10.0.0.2,10.0.0.10,221,208,13,5.88235,2.47779e+06,7.69273
532,10.0.0.2,10.0.0.10,106,83,23,21.6981,3.08638e+06,2.93169
533,10.0.0.10,10.0.0.2,105,104,1,0.952381,53883.6,8.05899
534,10.0.0.14,10.0.0.7,209,209,0,0,2.65864e+06,5.5452
535,10.0.0.7,10.0.0.14,105,105,0,0,145342,0.533723
536,10.0.0.14,10.0.0.7,106,103,3,2.83019,3.96704e+06,3.14322
537,10.0.0.3,10.0.0.4,232,232,0,0,3.19134e+06,0.852371
538,10.0.0.4,10.0.0.3,116,116,0,0,191365,0.284077
539,10.0.0.3,10.0.0.4,106,106,0,0,4.11577e+06,0.379478
540,10.0.0.9,10.0.0.2,120,120,0,0,1.69803e+06,3.00264
541,10.0.0.9,10.0.0.2,106,105,1,0.943396,4.05106e+06,3.87964
542,10.0.0.2,10.0.0.9,60,59,1,1.66667,92038.1,0.420426
543,10.0.0.12,10.0.0.7,229,229,0,0,3.18503e+06,3.2982
544,10.0.0.7,10.0.0.12,115,114,1,0.869565,184784,0.443345
545,10.0.0.12,10.0.0.7,106,104,2,1.88679,4.03363e+06,1.29583
546,10.0.0.6,10.0.0.1,226,226,0,0,3.22005e+06,0.402197
547,10.0.0.6,10.0.0.1,106,106,0,0,4.11546e+06,0.1819
548,10.0.0.1,10.0.0.6,113,113,0,0,194987,0.125231
549,10.0.0.13,10.0.0.2,1,1,0,0,58532.5,0.00765387
550,10.0.0.11,10.0.0.9,2,2,0,0,3418.76,0.00431509
551,10.0.0.9,10.0.0.11,1,0,1,100,0,0
552,10.0.0.11,10.0.0.9,106,98,8,7.54717,3.79836e+06,0.57561
553,10.0.0.3,10.0.0.8,235,235,0,0,3.357e+06,0.272604
554,10.0.0.8,10.0.0.3,118,117,1,0.847458,195487,0.139401
555,10.0.0.3,10.0.0.8,106,105,1,0.943396,4.07689e+06,0.086773
556,10.0.0.14,10.0.0.1,2,0,2,100,0,0
557,10.0.0.14,10.0.0.1,106,0,106,100,0,0
558,10.0.0.9,10.0.0.2,235,235,0,0,3.3264e+06,0.308982
559,10.0.0.2,10.0.0.9,118,116,2,1.69492,194280,0.175898
560,10.0.0.9,10.0.0.2,106,98,8,7.54717,3.80484e+06,0.156251
561,10.0.0.5,10.0.0.13,223,223,0,0,3.16575e+06,0.15292
562,10.0.0.5,10.0.0.13,106,106,0,0,4.11574e+06,0.0707586
563,10.0.0.13,10.0.0.5,112,112,0,0,193158,0.06438
564,10.0.0.6,10.0.0.9,235,235,0,0,3.30398e+06,0.398764
565,10.0.0.9,10.0.0.6,118,116,2,1.69492,190756,0.267463
566,10.0.0.6,10.0.0.9,106,103,3,2.83019,3.98833e+06,0.17729
567,10.0.0.10,10.0.0.12,224,223,1,0.446429,2.21403e+06,9.08006
568,10.0.0.12,10.0.0.10,112,110,2,1.78571,122218,0.949197
569,10.0.0.10,10.0.0.12,106,103,3,2.83019,3.25563e+06,5.19554
570,10.0.0.2,10.0.0.11,235,235,0,0,3.28934e+06,0.542341
571,10.0.0.11,10.0.0.2,118,118,0,0,194171,0.23559
572,10.0.0.2,10.0.0.11,106,106,0,0,4.11571e+06,0.236111
573,10.0.0.13,10.0.0.5,234,234,0,0,3.16121e+06,1.18459
574,10.0.0.5,10.0.0.13,117,117,0,0,187318,0.257675
575,10.0.0.13,10.0.0.5,106,104,2,1.88679,4.00656e+06,0.483857
576,10.0.0.12,10.0.0.5,235,235,0,0,3.34828e+06,1.14604
577,10.0.0.5,10.0.0.12,118,118,0,0,197403,0.278926
578,10.0.0.12,10.0.0.5,106,106,0,0,4.10934e+06,0.424973
579,10.0.0.14,10.0.0.3,233,233,0,0,3.31737e+06,1.24082
580,10.0.0.3,10.0.0.14,117,116,1,0.854701,192605,0.241273
581,10.0.0.14,10.0.0.3,106,102,4,3.77358,3.89181e+06,0.45783
582,10.0.0.2,10.0.0.8,229,228,1,0.436681,3.25533e+06,0.534758
583,10.0.0.2,10.0.0.8,106,97,9,8.49057,3.75467e+06,0.219829
584,10.0.0.8,10.0.0.2,115,113,2,1.73913,192411,0.280065
585,10.0.0.12,10.0.0.15,235,235,0,0,3.2112e+06,0.50949
586,10.0.0.15,10.0.0.12,118,118,0,0,191030,0.105396
587,10.0.0.12,10.0.0.15,106,105,1,0.943396,4.03474e+06,0.222969
588,10.0.0.9,10.0.0.14,231,231,0,0,3.07606e+06,2.6233
589,10.0.0.14,10.0.0.9,116,116,0,0,179201,0.724515
590,10.0.0.9,10.0.0.14,106,100,6,5.66038,3.88829e+06,1.06018
591,10.0.0.12,10.0.0.14,232,232,0,0,3.2527e+06,1.83057
592,10.0.0.14,10.0.0.12,116,116,0,0,192724,0.664351
593,10.0.0.12,10.0.0.14,106,101,5,4.71698,3.78727e+06,0.757955
594,10.0.0.8,10.0.0.10,198,198,0,0,3.01703e+06,2.89105
595,10.0.0.10,10.0.0.8,99,98,1,1.0101,161397,0.522985
596,10.0.0.8,10.0.0.10,106,101,5,4.71698,3.52014e+06,2.31503
597,10.0.0.11,10.0.0.13,228,228,0,0,2.92044e+06,2.82782
598,10.0.0.13,10.0.0.11,114,114,0,0,173588,1.87682
599,10.0.0.11,10.0.0.13,106,104,2,1.88679,4.02624e+06,1.23965
600,10.0.0.2,10.0.0.15,232,232,0,0,3.32378e+06,1.06782
601,10.0.0.15,10.0.0.2,116,115,1,0.862069,190947,0.365478
602,10.0.0.2,10.0.0.15,106,106,0,0,4.11427e+06,0.478539
603,10.0.0.8,10.0.0.1,150,150,0,0,2.22265e+06,1.45299
604,10.0.0.8,10.0.0.1,106,102,4,3.77358,3.87366e+06,1.19263
605,10.0.0.1,10.0.0.8,75,75,0,0,132557,1.20477
606,10.0.0.5,10.0.0.14,212,212,0,0,3.08669e+06,0.766188
607,10.0.0.14,10.0.0.5,106,105,1,0.943396,175892,2.10479
608,10.0.0.5,10.0.0.14,106,105,1,0.943396,4.07265e+06,0.322641
609,10.0.0.3,10.0.0.11,2,1,1,50,1670.34,5.0681e-05
610,10.0.0.3,10.0.0.11,106,106,0,0,4.11576e+06,0.0575031
611,10.0.0.6,10.0.0.12,235,235,0,0,3.35257e+06,0.0923609
612,10.0.0.12,10.0.0.6,118,118,0,0,197101,0.0468827
613,10.0.0.6,10.0.0.12,106,106,0,0,4.10343e+06,0.0586836
614,10.0.0.14,10.0.0.8,3,3,0,0,1045.61,0.114492
615,10.0.0.14,10.0.0.8,106,70,36,33.9623,2.70633e+06,1.31961
616,10.0.0.3,10.0.0.10,203,202,1,0.492611,2.90687e+06,0.973898
617,10.0.0.8,10.0.0.14,1,1,0,0,436.141,1.02719
618,10.0.0.3,10.0.0.10,106,101,5,4.71698,3.89298e+06,0.570708
619,10.0.0.10,10.0.0.3,102,99,3,2.94118,178809,0.271561
620,10.0.0.4,10.0.0.14,231,231,0,0,3.25126e+06,0.853791
621,10.0.0.14,10.0.0.4,116,115,1,0.862069,194175,0.293094
622,10.0.0.4,10.0.0.14,106,103,3,2.83019,3.99919e+06,0.357984
623,10.0.0.13,10.0.0.11,235,235,0,0,3.32822e+06,0.201408
624,10.0.0.11,10.0.0.13,118,118,0,0,195471,0.0876916
625,10.0.0.13,10.0.0.11,106,106,0,0,4.11247e+06,0.0906268
626,10.0.0.5,10.0.0.9,235,235,0,0,3.35404e+06,0.19578
627,10.0.0.9,10.0.0.5,118,118,0,0,197163,0.0780254
628,10.0.0.5,10.0.0.9,106,106,0,0,4.11576e+06,0.0926556
629,10.0.0.7,10.0.0.5,220,220,0,0,3.1334e+06,0.129626
630,10.0.0.7,10.0.0.5,106,105,1,0.943396,4.06523e+06,0.0704493
631,10.0.0.5,10.0.0.7,110,110,0,0,190967,0.0639219
632,10.0.0.4,10.0.0.3,235,235,0,0,3.34109e+06,0.169344
633,10.0.0.3,10.0.0.4,118,118,0,0,196653,0.0699609
634,10.0.0.4,10.0.0.3,106,106,0,0,4.11309e+06,0.0811692
635,10.0.0.6,10.0.0.10,220,220,0,0,2.6737e+06,0.579528
636,10.0.0.10,10.0.0.6,110,110,0,0,149195,3.64057
637,10.0.0.6,10.0.0.10,106,100,6,5.66038,3.86144e+06,0.216078
638,10.0.0.4,10.0.0.3,235,235,0,0,3.34803e+06,0.261487
639,10.0.0.3,10.0.0.4,118,118,0,0,196703,0.107093
640,10.0.0.4,10.0.0.3,106,106,0,0,4.11163e+06,0.0922345
641,10.0.0.3,10.0.0.12,229,229,0,0,3.22585e+06,0.136252
642,10.0.0.3,10.0.0.12,106,106,0,0,4.11567e+06,0.0688541
643,10.0.0.12,10.0.0.3,115,115,0,0,194086,0.0943766
644,10.0.0.12,10.0.0.1,235,235,0,0,3.32723e+06,0.101886
645,10.0.0.1,10.0.0.12,118,118,0,0,195501,0.0550897
646,10.0.0.12,10.0.0.1,106,106,0,0,4.11546e+06,0.0516281
647,10.0.0.5,10.0.0.9,235,235,0,0,3.17235e+06,0.72184
648,10.0.0.9,10.0.0.5,118,118,0,0,186830,0.287701
649,10.0.0.5,10.0.0.9,106,106,0,0,4.11566e+06,0.316417
650,10.0.0.8,10.0.0.12,130,129,1,0.769231,1.47444e+06,1.15897
651,10.0.0.8,10.0.0.12,106,103,3,2.83019,3.93946e+06,0.965527
652,10.0.0.12,10.0.0.8,76,75,1,1.31579,86535.8,0.918748
653,10.0.0.15,10.0.0.12,230,230,0,0,2.6787e+06,0.553952
654,10.0.0.12,10.0.0.15,115,115,0,0,178997,1.72116
655,10.0.0.15,10.0.0.12,106,106,0,0,3.89497e+06,0.873702
656,10.0.0.12,10.0.0.15,216,215,1,0.462963,3.08394e+06,2.70992
657,10.0.0.15,10.0.0.12,108,108,0,0,180362,1.78814
658,10.0.0.12,10.0.0.15,106,106,0,0,4.11565e+06,1.04823
659,10.0.0.10,10.0.0.7,199,199,0,0,2.13477e+06,7.91466
660,10.0.0.10,10.0.0.7,106,104,2,1.88679,3.56036e+06,3.74317
661,10.0.0.7,10.0.0.10,100,100,0,0,153069,0.705017
662,10.0.0.5,10.0.0.15,217,217,0,0,3.08222e+06,0.701729
663,10.0.0.5,10.0.0.15,106,103,3,2.83019,3.99268e+06,0.285038
664,10.0.0.15,10.0.0.5,109,109,0,0,193467,0.194368
665,10.0.0.8,10.0.0.15,232,232,0,0,3.16324e+06,0.677068
666,10.0.0.8,10.0.0.15,106,105,1,0.943396,4.07685e+06,0.265453
667,10.0.0.15,10.0.0.8,116,116,0,0,189737,0.179586
668,10.0.0.7,10.0.0.3,235,235,0,0,3.27098e+06,0.308592
669,10.0.0.3,10.0.0.7,118,118,0,0,192142,0.277242
670,10.0.0.7,10.0.0.3,106,106,0,0,4.10675e+06,0.126919
671,10.0.0.10,10.0.0.4,2,1,1,50,1540.61,0.0210231
672,10.0.0.10,10.0.0.4,106,103,3,2.83019,3.98448e+06,0.952814
673,10.0.0.14,10.0.0.3,234,234,0,0,3.27041e+06,0.907149
674,10.0.0.3,10.0.0.14,117,115,2,1.7094,189273,0.488965
675,10.0.0.14,10.0.0.3,106,104,2,1.88679,4.05227e+06,0.385994
676,10.0.0.12,10.0.0.8,176,176,0,0,2.6722e+06,1.85669
677,10.0.0.8,10.0.0.12,88,88,0,0,146151,2.55893
678,10.0.0.12,10.0.0.8,106,98,8,7.54717,3.83318e+06,1.21492
679,10.0.0.13,10.0.0.1,233,233,0,0,3.35224e+06,1.01321
680,10.0.0.1,10.0.0.13,117,117,0,0,195490,0.175839
681,10.0.0.13,10.0.0.1,106,106,0,0,4.10958e+06,0.40092
682,10.0.0.8,10.0.0.4,235,235,0,0,3.32932e+06,0.142766
683,10.0.0.4,10.0.0.8,118,118,0,0,195555,0.0854036
684,10.0.0.8,10.0.0.4,106,106,0,0,4.10473e+06,0.0851113
685,10.0.0.6,10.0.0.12,235,235,0,0,3.35555e+06,0.115576
686,10.0.0.12,10.0.0.6,118,118,0,0,197161,0.0614352
687,10.0.0.6,10.0.0.12,106,106,0,0,4.11572e+06,0.0498827
688,10.0.0.13,10.0.0.12,235,235,0,0,3.35629e+06,0.086718
689,10.0.0.12,10.0.0.13,118,118,0,0,197628,0.0574994
690,10.0.0.13,10.0.0.12,106,106,0,0,4.11569e+06,0.0527528
691,10.0.0.1,10.0.0.12,235,235,0,0,3.34725e+06,0.105839
692,10.0.0.12,10.0.0.1,118,118,0,0,196587,0.0427644
693,10.0.0.1,10.0.0.12,106,106,0,0,4.10603e+06,0.045415
694,10.0.0.1,10.0.0.4,235,235,0,0,2.94797e+06,1.22689
695,10.0.0.4,10.0.0.1,118,118,0,0,174847,0.287157
696,10.0.0.1,10.0.0.4,106,105,1,0.943396,4.07694e+06,0.662984
697,10.0.0.7,10.0.0.2,235,235,0,0,3.24861e+06,0.677774
698,10.0.0.2,10.0.0.7,118,118,0,0,192428,0.193313
699,10.0.0.7,10.0.0.2,106,104,2,1.88679,3.92202e+06,0.336145
700,10.0.0.11,10.0.0.6,235,235,0,0,3.2791e+06,0.731464
701,10.0.0.6,10.0.0.11,118,118,0,0,194989,0.261983
702,10.0.0.11,10.0.0.6,106,105,1,0.943396,4.02833e+06,0.34102
703,10.0.0.11,10.0.0.14,233,233,0,0,3.27492e+06,0.855454
704,10.0.0.14,10.0.0.11,117,114,3,2.5641,186393,0.602059
705,10.0.0.11,10.0.0.14,106,103,3,2.83019,3.98951e+06,0.350235
706,10.0.0.14,10.0.0.10,214,214,0,0,3.02567e+06,0.387678
707,10.0.0.14,10.0.0.10,106,105,1,0.943396,4.07683e+06,0.18632
708,10.0.0.10,10.0.0.14,107,107,0,0,183354,0.165288
709,10.0.0.15,10.0.0.5,235,235,0,0,3.26486e+06,0.196869
710,10.0.0.5,10.0.0.15,118,118,0,0,196039,0.0758121
711,10.0.0.15,10.0.0.5,106,106,0,0,4.11549e+06,0.0896534
712,10.0.0.11,10.0.0.9,78,77,1,1.28205,544800,0.981738
713,10.0.0.11,10.0.0.9,106,106,0,0,4.09755e+06,0.615937
714,10.0.0.9,10.0.0.11,41,40,1,2.43902,28158.6,4.35367
715,10.0.0.15,10.0.0.12,235,235,0,0,3.34268e+06,0.353636
716,10.0.0.12,10.0.0.15,118,118,0,0,196393,0.193086
717,10.0.0.15,10.0.0.12,106,104,2,1.88679,4.02814e+06,0.184229
718,10.0.0.14,10.0.0.5,235,235,0,0,3.24853e+06,0.973633
719,10.0.0.5,10.0.0.14,118,118,0,0,192522,0.43081
720,10.0.0.14,10.0.0.5,106,103,3,2.83019,3.98318e+06,0.348218
721,10.0.0.6,10.0.0.5,235,235,0,0,3.2667e+06,0.181946
722,10.0.0.5,10.0.0.6,118,118,0,0,192330,0.220169
723,10.0.0.6,10.0.0.5,106,106,0,0,4.10282e+06,0.0810425
724,10.0.0.5,10.0.0.7,235,235,0,0,3.34044e+06,0.283518
725,10.0.0.7,10.0.0.5,118,118,0,0,196186,0.138914
726,10.0.0.5,10.0.0.7,106,106,0,0,4.10403e+06,0.113843
727,10.0.0.2,10.0.0.12,235,235,0,0,3.31373e+06,0.197569
728,10.0.0.12,10.0.0.2,118,118,0,0,196271,0.0803914
729,10.0.0.2,10.0.0.12,106,106,0,0,4.11465e+06,0.0833116
730,10.0.0.12,10.0.0.3,235,235,0,0,3.32918e+06,0.178851
731,10.0.0.3,10.0.0.12,118,118,0,0,196114,0.0990065
732,10.0.0.12,10.0.0.3,106,106,0,0,4.0929e+06,0.105184
733,10.0.0.15,10.0.0.6,235,235,0,0,3.35336e+06,0.276234
734,10.0.0.6,10.0.0.15,118,118,0,0,197459,0.0792208
735,10.0.0.15,10.0.0.6,106,106,0,0,4.10973e+06,0.116802
736,10.0.0.2,10.0.0.14,235,235,0,0,3.19062e+06,0.435073
737,10.0.0.14,10.0.0.2,118,115,3,2.54237,182723,0.4307
738,10.0.0.2,10.0.0.14,106,104,2,1.88679,3.99323e+06,0.20663
739,10.0.0.1,10.0.0.8,232,232,0,0,2.78092e+06,2.11606
740,10.0.0.8,10.0.0.1,116,112,4,3.44828,156476,1.32854
741,10.0.0.1,10.0.0.8,106,97,9,8.49057,3.72212e+06,0.867358
742,10.0.0.12,10.0.0.1,217,217,0,0,3.05956e+06,0.264012
743,10.0.0.1,10.0.0.12,109,109,0,0,173510,0.565406
744,10.0.0.12,10.0.0.1,106,106,0,0,4.1098e+06,0.151549
745,10.0.0.13,10.0.0.7,217,217,0,0,3.08661e+06,0.649251
746,10.0.0.13,10.0.0.7,106,106,0,0,4.10447e+06,0.302348
747,10.0.0.7,10.0.0.13,109,109,0,0,190678,0.377335
748,10.0.0.14,10.0.0.11,231,231,0,0,3.09642e+06,1.26604
749,10.0.0.11,10.0.0.14,116,115,1,0.862069,181921,0.400475
750,10.0.0.14,10.0.0.11,106,100,6,5.66038,3.86462e+06,0.583172
751,10.0.0.13,10.0.0.12,235,235,0,0,3.34056e+06,0.529733
752,10.0.0.12,10.0.0.13,118,118,0,0,197307,0.138596
753,10.0.0.13,10.0.0.12,106,106,0,0,4.11027e+06,0.250182
754,10.0.0.10,10.0.0.15,232,232,0,0,3.24854e+06,2.55783
755,10.0.0.15,10.0.0.10,116,113,3,2.58621,184043,0.467938
756,10.0.0.10,10.0.0.15,106,104,2,1.88679,4.03434e+06,1.07789
757,10.0.0.15,10.0.0.9,235,235,0,0,3.33678e+06,0.651002
758,10.0.0.9,10.0.0.15,118,117,1,0.847458,195479,0.159579
759,10.0.0.15,10.0.0.9,106,103,3,2.83019,3.99925e+06,0.239219
760,10.0.0.13,10.0.0.3,205,205,0,0,2.91654e+06,0.25156
761,10.0.0.3,10.0.0.13,103,103,0,0,172822,0.127889
762,10.0.0.13,10.0.0.3,106,105,1,0.943396,4.07112e+06,0.180366
763,10.0.0.15,10.0.0.6,235,235,0,0,3.34823e+06,0.0933264
764,10.0.0.6,10.0.0.15,118,118,0,0,196649,0.0571975
765,10.0.0.15,10.0.0.6,106,106,0,0,4.11576e+06,0.0524381
766,10.0.0.5,10.0.0.11,235,235,0,0,3.35587e+06,0.0887667
767,10.0.0.11,10.0.0.5,118,118,0,0,197160,0.0569598
768,10.0.0.5,10.0.0.11,106,106,0,0,4.11573e+06,0.0512959
769,10.0.0.5,10.0.0.11,235,235,0,0,3.32003e+06,0.148712
770,10.0.0.11,10.0.0.5,118,118,0,0,195015,0.0762581
771,10.0.0.5,10.0.0.11,106,106,0,0,4.11571e+06,0.0944123
772,10.0.0.15,10.0.0.10,228,228,0,0,3.06259e+06,2.00615
773,10.0.0.10,10.0.0.15,114,112,2,1.75439,180471,1.80503
774,10.0.0.15,10.0.0.10,106,100,6,5.66038,2.72488e+06,1.87341
775,10.0.0.3,10.0.0.1,160,159,1,0.625,2.39745e+06,0.919201
776,10.0.0.3,10.0.0.1,106,105,1,0.943396,4.00007e+06,0.699331
777,10.0.0.1,10.0.0.3,86,86,0,0,127710,0.486971
778,10.0.0.1,10.0.0.10,226,226,0,0,3.1899e+06,1.68322
779,10.0.0.10,10.0.0.1,113,113,0,0,184937,1.22091
780,10.0.0.1,10.0.0.10,106,103,3,2.83019,3.94041e+06,0.774921
781,10.0.0.10,10.0.0.15,2,1,1,50,1439.94,0.0399017
782,10.0.0.10,10.0.0.15,106,102,4,3.77358,3.90966e+06,2.01178
783,10.0.0.1,10.0.0.4,207,207,0,0,3.17498e+06,3.47539
784,10.0.0.1,10.0.0.4,106,102,4,3.77358,3.86238e+06,1.37801
785,10.0.0.4,10.0.0.1,104,104,0,0,177803,1.05363
786,10.0.0.6,10.0.0.12,235,235,0,0,3.33316e+06,0.377076
787,10.0.0.12,10.0.0.6,118,118,0,0,196856,0.395568
788,10.0.0.6,10.0.0.12,106,105,1,0.943396,4.06268e+06,0.26735
789,10.0.0.9,10.0.0.7,235,235,0,0,3.322e+06,1.15215
790,10.0.0.7,10.0.0.9,118,117,1,0.847458,194172,0.300882
791,10.0.0.9,10.0.0.7,106,103,3,2.83019,3.99574e+06,0.482176
792,10.0.0.11,10.0.0.15,235,235,0,0,3.35575e+06,0.324201
793,10.0.0.15,10.0.0.11,118,118,0,0,198272,0.304348
794,10.0.0.11,10.0.0.15,106,106,0,0,4.1092e+06,0.129588
795,10.0.0.8,10.0.0.12,2,1,1,50,1670.34,5.12e-05
796,10.0.0.8,10.0.0.12,106,106,0,0,4.1104e+06,0.137643
797,10.0.0.13,10.0.0.10,4,2,2,50,153.328,3.00844
798,10.0.0.13,10.0.0.10,106,2,104,98.1132,7603.28,6.00724
799,10.0.0.12,10.0.0.15,235,235,0,0,3.30057e+06,0.234128
800,10.0.0.15,10.0.0.12,118,118,0,0,193840,0.155511
801,10.0.0.12,10.0.0.15,106,106,0,0,4.11269e+06,0.193552
802,10.0.0.3,10.0.0.14,235,235,0,0,3.29723e+06,0.428508
803,10.0.0.14,10.0.0.3,118,118,0,0,193666,0.221439
804,10.0.0.3,10.0.0.14,106,102,4,3.77358,3.91997e+06,0.191344
805,10.0.0.6,10.0.0.2,235,235,0,0,3.33228e+06,0.253697
806,10.0.0.2,10.0.0.6,118,118,0,0,195926,0.167297
807,10.0.0.6,10.0.0.2,106,106,0,0,4.11162e+06,0.106216
808,10.0.0.14,10.0.0.6,235,235,0,0,3.27921e+06,0.802284
809,10.0.0.6,10.0.0.14,118,116,2,1.69492,189613,0.237111
810,10.0.0.14,10.0.0.6,106,101,5,4.71698,3.92154e+06,0.294211
811,10.0.0.7,10.0.0.13,235,235,0,0,3.32987e+06,0.681029
812,10.0.0.13,10.0.0.7,118,118,0,0,196532,0.294753
813,10.0.0.7,10.0.0.13,106,104,2,1.88679,4.01001e+06,0.255834
814,10.0.0.15,10.0.0.10,2,2,0,0,2571.08,0.0874552
815,10.0.0.10,10.0.0.15,1,0,1,100,0,0
816,10.0.0.15,10.0.0.10,106,102,4,3.77358,3.49666e+06,3.54058
817,10.0.0.6,10.0.0.3,235,235,0,0,3.30818e+06,0.290274
818,10.0.0.3,10.0.0.6,118,118,0,0,195064,0.179905
819,10.0.0.6,10.0.0.3,106,106,0,0,4.10132e+06,0.134006
820,10.0.0.7,10.0.0.14,232,231,1,0.431034,3.3486e+06,1.14808
821,10.0.0.14,10.0.0.7,116,116,0,0,192967,0.535234
822,10.0.0.7,10.0.0.14,106,100,6,5.66038,3.88095e+06,0.481521
823,10.0.0.13,10.0.0.11,2,1,1,50,1665.93,0.000710621
824,10.0.0.13,10.0.0.11,106,106,0,0,4.10976e+06,0.100276
825,10.0.0.13,10.0.0.2,235,235,0,0,3.34551e+06,0.17536
826,10.0.0.2,10.0.0.13,118,118,0,0,196627,0.116485
827,10.0.0.13,10.0.0.2,106,106,0,0,4.11055e+06,0.0764613
828,10.0.0.12,10.0.0.4,235,235,0,0,3.35643e+06,0.143345
829,10.0.0.4,10.0.0.12,118,118,0,0,197159,0.081564
830,10.0.0.12,10.0.0.4,106,106,0,0,3.9505e+06,0.199466
831,10.0.0.5,10.0.0.2,235,235,0,0,3.35087e+06,0.22778
832,10.0.0.2,10.0.0.5,118,118,0,0,197141,0.101985
833,10.0.0.5,10.0.0.2,106,106,0,0,4.0417e+06,0.135862
834,10.0.0.10,10.0.0.4,2,2,0,0,3174.69,0.113381
835,10.0.0.10,10.0.0.4,106,105,1,0.943396,3.28342e+06,11.3707
836,10.0.0.4,10.0.0.10,1,0,1,100,0,0
837,10.0.0.13,10.0.0.6,220,220,0,0,3.0688e+06,2.12826
838,10.0.0.13,10.0.0.6,106,105,1,0.943396,4.04511e+06,0.798703
839,10.0.0.6,10.0.0.13,110,110,0,0,184288,0.6171
840,10.0.0.13,10.0.0.12,225,225,0,0,3.29163e+06,1.6099
841,10.0.0.13,10.0.0.12,106,105,1,0.943396,4.06907e+06,0.768962
842,10.0.0.12,10.0.0.13,113,113,0,0,190886,0.153271
843,10.0.0.1,10.0.0.4,235,235,0,0,3.20091e+06,1.74226
844,10.0.0.4,10.0.0.1,118,117,1,0.847458,186783,0.317336
845,10.0.0.1,10.0.0.4,106,103,3,2.83019,3.70364e+06,0.820888
846,10.0.0.9,10.0.0.6,235,235,0,0,3.35518e+06,0.947484
847,10.0.0.6,10.0.0.9,118,117,1,0.847458,196080,0.245947
848,10.0.0.9,10.0.0.6,106,104,2,1.88679,4.02754e+06,0.3899
849,10.0.0.2,10.0.0.7,235,235,0,0,3.26431e+06,1.29348
850,10.0.0.7,10.0.0.2,118,118,0,0,192667,0.256221
851,10.0.0.2,10.0.0.7,106,105,1,0.943396,4.04423e+06,0.53033
852,10.0.0.9,10.0.0.2,226,226,0,0,3.25586e+06,1.25321
853,10.0.0.2,10.0.0.9,113,113,0,0,187006,0.572672
854,10.0.0.9,10.0.0.2,106,102,4,3.77358,3.98772e+06,0.519074
855,10.0.0.12,10.0.0.9,193,191,2,1.03627,644955,0.791103
856,10.0.0.9,10.0.0.12,102,102,0,0,34596.9,0.423858
857,10.0.0.12,10.0.0.9,106,101,5,4.71698,3.92106e+06,0.493879
858,10.0.0.3,10.0.0.7,235,235,0,0,3.30906e+06,0.199048
859,10.0.0.7,10.0.0.3,118,118,0,0,197119,0.10047
860,10.0.0.3,10.0.0.7,106,106,0,0,4.08062e+06,0.0817529
861,10.0.0.14,10.0.0.3,2,1,1,50,1668.02,0.00039786
862,10.0.0.14,10.0.0.3,106,104,2,1.88679,4.03301e+06,0.130277
863,10.0.0.3,10.0.0.11,235,235,0,0,3.34751e+06,0.078062
864,10.0.0.11,10.0.0.3,118,118,0,0,196634,0.0562067
865,10.0.0.3,10.0.0.11,106,106,0,0,4.11573e+06,0.0416474
866,10.0.0.5,10.0.0.6,235,235,0,0,3.34188e+06,0.107865
867,10.0.0.6,10.0.0.5,118,118,0,0,196269,0.0552185
868,10.0.0.5,10.0.0.6,106,106,0,0,4.11552e+06,0.0526949
869,10.0.0.11,10.0.0.13,235,235,0,0,3.19805e+06,0.477195
870,10.0.0.13,10.0.0.11,118,118,0,0,188275,0.286396
871,10.0.0.11,10.0.0.13,106,106,0,0,4.10263e+06,0.239872
872,10.0.0.8,10.0.0.3,235,235,0,0,3.33512e+06,0.703388
873,10.0.0.3,10.0.0.8,118,118,0,0,196954,0.217922
874,10.0.0.8,10.0.0.3,106,103,3,2.83019,3.99832e+06,0.263581
875,10.0.0.4,10.0.0.15,235,235,0,0,3.35399e+06,0.190493
876,10.0.0.15,10.0.0.4,118,118,0,0,197144,0.0827617
877,10.0.0.10,10.0.0.13,2,2,0,0,447.904,1.00813
878,10.0.0.4,10.0.0.15,106,106,0,0,4.10712e+06,0.0710584
879,10.0.0.5,10.0.0.11,235,235,0,0,3.33246e+06,0.118808
880,10.0.0.11,10.0.0.5,118,118,0,0,195973,0.0593055
881,10.0.0.5,10.0.0.11,106,106,0,0,4.09415e+06,0.0637533
882,10.0.0.3,10.0.0.5,235,235,0,0,3.32062e+06,0.162061
883,10.0.0.5,10.0.0.3,118,118,0,0,195533,0.0896665
884,10.0.0.3,10.0.0.5,106,106,0,0,4.11567e+06,0.0579398
885,10.0.0.5,10.0.0.4,235,235,0,0,3.35701e+06,0.17083
886,10.0.0.4,10.0.0.5,118,118,0,0,197157,0.0733817
887,10.0.0.5,10.0.0.4,106,106,0,0,4.11118e+06,0.0601792
888,10.0.0.7,10.0.0.5,235,235,0,0,3.34979e+06,0.0958717
889,10.0.0.5,10.0.0.7,118,118,0,0,196742,0.0510568
890,10.0.0.7,10.0.0.5,106,106,0,0,4.11343e+06,0.0386073
891,10.0.0.1,10.0.0.12,2,1,1,50,1670.33,5.2123e-05
892,10.0.0.1,10.0.0.12,106,106,0,0,4.03484e+06,0.0580811
893,10.0.0.6,10.0.0.13,235,235,0,0,3.09581e+06,0.356907
894,10.0.0.13,10.0.0.6,118,118,0,0,181941,0.311408
895,10.0.0.6,10.0.0.13,106,106,0,0,4.10915e+06,0.18353
896,10.0.0.14,10.0.0.13,206,205,1,0.485437,2.12265e+06,3.84917
897,10.0.0.13,10.0.0.14,115,114,1,0.869565,126098,1.14089
898,10.0.0.14,10.0.0.13,106,104,2,1.88679,3.80864e+06,1.83791
899,10.0.0.14,10.0.0.12,119,119,0,0,1.78662e+06,3.21039
900,10.0.0.14,10.0.0.12,106,105,1,0.943396,4.07095e+06,1.69142
901,10.0.0.12,10.0.0.14,61,61,0,0,105060,1.32529
902,10.0.0.1,10.0.0.4,229,229,0,0,3.26864e+06,1.02151
903,10.0.0.1,10.0.0.4,106,105,1,0.943396,4.07693e+06,0.419138
904,10.0.0.4,10.0.0.1,115,115,0,0,196846,0.113934
905,10.0.0.8,10.0.0.6,235,235,0,0,3.29475e+06,0.149813
906,10.0.0.6,10.0.0.8,118,118,0,0,194301,0.143026
907,10.0.0.8,10.0.0.6,106,106,0,0,4.11099e+06,0.0838181
908,10.0.0.1,10.0.0.10,214,214,0,0,2.33558e+06,2.38907
909,10.0.0.10,10.0.0.1,107,106,1,0.934579,164041,2.99193
910,10.0.0.1,10.0.0.10,106,105,1,0.943396,3.69235e+06,1.46655
911,10.0.0.6,10.0.0.14,235,235,0,0,3.32219e+06,1.77603
912,10.0.0.14,10.0.0.6,118,117,1,0.847458,194544,0.409609
913,10.0.0.6,10.0.0.14,106,104,2,1.88679,4.038e+06,0.734531
914,10.0.0.4,10.0.0.1,2,2,0,0,3462.57,0.00246451
915,10.0.0.1,10.0.0.4,1,0,1,100,0,0
916,10.0.0.4,10.0.0.1,106,105,1,0.943396,4.07089e+06,0.150081
917,10.0.0.5,10.0.0.10,2,2,0,0,3284.08,0.0141433
918,10.0.0.10,10.0.0.5,1,0,1,100,0,0
919,10.0.0.5,10.0.0.10,106,103,3,2.83019,3.69199e+06,0.795057
920,10.0.0.2,10.0.0.7,235,235,0,0,3.34322e+06,0.168778
921,10.0.0.7,10.0.0.2,118,118,0,0,196810,0.0927311
922,10.0.0.2,10.0.0.7,106,106,0,0,4.11443e+06,0.0611023
923,10.0.0.3,10.0.0.12,2,2,0,0,3464.98,0.000705833
924,10.0.0.12,10.0.0.3,1,0,1,100,0,0
925,10.0.0.3,10.0.0.12,106,106,0,0,4.09847e+06,0.0550627
926,10.0.0.1,10.0.0.2,235,235,0,0,2.74129e+06,0.108346
927,10.0.0.2,10.0.0.1,118,118,0,0,161149,0.31663
928,10.0.0.1,10.0.0.2,106,106,0,0,4.11529e+06,0.105769
929,10.0.0.14,10.0.0.2,235,235,0,0,3.01966e+06,0.636666
930,10.0.0.2,10.0.0.14,118,118,0,0,178093,0.907208
931,10.0.0.14,10.0.0.2,106,104,2,1.88679,4.00864e+06,0.367877
932,10.0.0.8,10.0.0.12,223,223,0,0,2.30975e+06,3.0808
933,10.0.0.12,10.0.0.8,112,110,2,1.78571,153411,0.704965
934,10.0.0.8,10.0.0.12,106,103,3,2.83019,3.29233e+06,2.62919
935,10.0.0.2,10.0.0.1,232,232,0,0,3.2313e+06,0.424693
936,10.0.0.2,10.0.0.1,106,106,0,0,4.11365e+06,0.193449
937,10.0.0.1,10.0.0.2,116,116,0,0,192888,0.21749
938,10.0.0.11,10.0.0.13,235,235,0,0,3.33213e+06,1.04204
939,10.0.0.13,10.0.0.11,118,118,0,0,195790,0.438708
940,10.0.0.11,10.0.0.13,106,104,2,1.88679,4.00959e+06,0.428752
941,10.0.0.11,10.0.0.7,205,205,0,0,2.91416e+06,0.607983
942,10.0.0.11,10.0.0.7,106,101,5,4.71698,3.73787e+06,0.323917
943,10.0.0.7,10.0.0.11,103,103,0,0,194317,0.118949
944,10.0.0.15,10.0.0.2,235,235,0,0,3.26332e+06,0.617073
945,10.0.0.2,10.0.0.15,118,118,0,0,194491,0.175115
946,10.0.0.15,10.0.0.2,106,105,1,0.943396,3.99957e+06,0.256381
947,10.0.0.10,10.0.0.15,195,195,0,0,1.78772e+06,6.34066
948,10.0.0.15,10.0.0.10,98,98,0,0,113108,5.54893
949,10.0.0.10,10.0.0.15,106,106,0,0,3.05023e+06,3.31653
950,10.0.0.9,10.0.0.7,235,234,1,0.425532,3.35281e+06,1.63977
951,10.0.0.7,10.0.0.9,118,118,0,0,196949,0.241536
952,10.0.0.9,10.0.0.7,106,106,0,0,4.10465e+06,0.638399
953,10.0.0.6,10.0.0.4,235,235,0,0,3.3563e+06,0.469788
954,10.0.0.4,10.0.0.6,118,118,0,0,197736,0.147452
955,10.0.0.6,10.0.0.4,106,106,0,0,4.11194e+06,0.182744
956,10.0.0.13,10.0.0.4,235,235,0,0,3.35532e+06,0.242324
957,10.0.0.4,10.0.0.13,118,118,0,0,197169,0.186774
958,10.0.0.13,10.0.0.4,106,106,0,0,4.11568e+06,0.0885009
959,10.0.0.11,10.0.0.10,235,235,0,0,2.86592e+06,1.32889
960,10.0.0.10,10.0.0.11,118,117,1,0.847458,187012,0.328179
961,10.0.0.11,10.0.0.10,106,103,3,2.83019,3.98237e+06,0.769807
962,10.0.0.12,10.0.0.11,235,235,0,0,3.3277e+06,0.264812
963,10.0.0.11,10.0.0.12,118,118,0,0,195822,0.924784
964,10.0.0.12,10.0.0.11,106,106,0,0,4.10987e+06,0.109556
965,10.0.0.8,10.0.0.9,235,235,0,0,3.35655e+06,0.164706
966,10.0.0.9,10.0.0.8,118,118,0,0,197402,0.0677229
967,10.0.0.8,10.0.0.9,106,105,1,0.943396,4.07683e+06,0.0833576
968,10.0.0.4,10.0.0.1,235,235,0,0,3.33637e+06,0.157906
969,10.0.0.1,10.0.0.4,118,118,0,0,196263,0.061121
970,10.0.0.4,10.0.0.1,106,106,0,0,4.11568e+06,0.059669
971,10.0.0.11,10.0.0.15,235,235,0,0,3.31587e+06,0.199384
972,10.0.0.15,10.0.0.11,118,118,0,0,196162,0.126633
973,10.0.0.11,10.0.0.15,106,106,0,0,4.08289e+06,0.103936
974,10.0.0.10,10.0.0.6,230,230,0,0,3.17395e+06,1.30879
975,10.0.0.6,10.0.0.10,115,114,1,0.869565,180536,0.680753
976,10.0.0.10,10.0.0.6,106,100,6,5.66038,3.88274e+06,0.566834
977,10.0.0.12,10.0.0.1,235,235,0,0,3.3524e+06,0.288903
978,10.0.0.1,10.0.0.12,118,118,0,0,197156,0.111009
979,10.0.0.12,10.0.0.1,106,105,1,0.943396,4.06774e+06,0.128313
980,10.0.0.5,10.0.0.6,232,232,0,0,3.113e+06,0.302978
981,10.0.0.6,10.0.0.5,116,116,0,0,182623,0.198948
982,10.0.0.5,10.0.0.6,106,106,0,0,4.0917e+06,0.126993
983,10.0.0.14,10.0.0.2,235,234,1,0.425532,3.34101e+06,0.623936
984,10.0.0.2,10.0.0.14,118,118,0,0,195791,0.187754
985,10.0.0.14,10.0.0.2,106,103,3,2.83019,3.97273e+06,0.230997
986,10.0.0.4,10.0.0.15,235,235,0,0,3.31778e+06,0.367622
987,10.0.0.15,10.0.0.4,118,118,0,0,196508,0.101719
988,10.0.0.4,10.0.0.15,106,106,0,0,4.10899e+06,0.128639
989,10.0.0.4,10.0.0.5,235,235,0,0,3.35561e+06,0.128638
990,10.0.0.5,10.0.0.4,118,118,0,0,197184,0.0930814
991,10.0.0.4,10.0.0.5,106,106,0,0,4.1157e+06,0.0619986
992,10.0.0.15,10.0.0.2,235,235,0,0,3.35286e+06,0.103681
993,10.0.0.2,10.0.0.15,118,118,0,0,197404,0.0617957
994,10.0.0.15,10.0.0.2,106,106,0,0,4.10914e+06,0.0457397
995,10.0.0.9,10.0.0.1,235,235,0,0,3.30862e+06,0.992355
996,10.0.0.1,10.0.0.9,118,118,0,0,195210,0.219173
997,10.0.0.9,10.0.0.1,106,100,6,5.66038,3.87575e+06,0.368257
998,10.0.0.2,10.0.0.1,235,235,0,0,3.35644e+06,0.105499
999,10.0.0.1,10.0.0.2,118,118,0,0,197276,0.0911419
1000,10.0.0.2,10.0.0.1,106,106,0,0,4.11033e+06,0.0494433
1001,10.0.0.11,10.0.0.12,235,235,0,0,3.35667e+06,0.0655124
1002,10.0.0.12,10.0.0.11,118,118,0,0,197155,0.0433719
1003,10.0.0.11,10.0.0.12,106,106,0,0,4.11568e+06,0.0327845
1004,10.0.0.15,10.0.0.8,235,235,0,0,3.34787e+06,0.0754994
1005,10.0.0.8,10.0.0.15,118,118,0,0,196712,0.0432979
1006,10.0.0.15,10.0.0.8,106,106,0,0,4.1134e+06,0.0407927
1007,10.0.0.14,10.0.0.3,236,235,1,0.423729,3.34987e+06,0.518212
1008,10.0.0.3,10.0.0.14,120,119,1,0.833333,199543,0.287637
1009,10.0.0.14,10.0.0.3,106,101,5,4.71698,3.73203e+06,0.454182
1010,10.0.0.5,10.0.0.6,235,235,0,0,3.15564e+06,0.608879
1011,10.0.0.6,10.0.0.5,118,118,0,0,188442,0.142491
1012,10.0.0.5,10.0.0.6,106,104,2,1.88679,3.98061e+06,0.302009
1013,10.0.0.9,10.0.0.11,216,216,0,0,2.89787e+06,3.60414
1014,10.0.0.11,10.0.0.9,108,107,1,0.925926,167148,1.78994
1015,10.0.0.9,10.0.0.11,106,101,5,4.71698,3.91859e+06,1.70328
1016,10.0.0.5,10.0.0.8,231,231,0,0,3.30164e+06,0.853465
1017,10.0.0.8,10.0.0.5,116,116,0,0,194574,0.262794
1018,10.0.0.5,10.0.0.8,106,105,1,0.943396,4.07355e+06,0.301904
1019,10.0.0.8,10.0.0.4,229,229,0,0,3.3084e+06,0.289741
1020,10.0.0.4,10.0.0.8,115,115,0,0,193339,0.762089
1021,10.0.0.8,10.0.0.4,106,106,0,0,4.06477e+06,0.119563
1022,10.0.0.12,10.0.0.13,235,235,0,0,3.35561e+06,0.0714905
1023,10.0.0.13,10.0.0.12,118,118,0,0,197321,0.0427062
1024,10.0.0.12,10.0.0.13,106,106,0,0,4.11571e+06,0.0360714
1025,10.0.0.13,10.0.0.1,235,235,0,0,3.34637e+06,0.0846764
1026,10.0.0.1,10.0.0.13,118,118,0,0,197157,0.0591709
1027,10.0.0.13,10.0.0.1,106,106,0,0,4.11394e+06,0.0520272
1028,10.0.0.8,10.0.0.5,235,235,0,0,3.35113e+06,0.373666
1029,10.0.0.5,10.0.0.8,118,118,0,0,196835,0.111844
1030,10.0.0.8,10.0.0.5,106,106,0,0,4.0929e+06,0.181793
1031,10.0.0.10,10.0.0.8,235,235,0,0,3.33416e+06,0.597106
1032,10.0.0.8,10.0.0.10,118,116,2,1.69492,192868,0.333331
1033,10.0.0.10,10.0.0.8,106,99,7,6.60377,3.79274e+06,0.268097
1034,10.0.0.12,10.0.0.8,235,235,0,0,3.11051e+06,0.544847
1035,10.0.0.8,10.0.0.12,118,114,4,3.38983,176650,0.390359
1036,10.0.0.12,10.0.0.8,106,102,4,3.77358,3.89434e+06,0.330471
1037,10.0.0.2,10.0.0.6,235,235,0,0,3.14802e+06,0.539271
1038,10.0.0.6,10.0.0.2,118,118,0,0,189636,0.166813
1039,10.0.0.2,10.0.0.6,106,106,0,0,4.08429e+06,0.321113
1040,10.0.0.13,10.0.0.9,230,230,0,0,2.70734e+06,2.14076
1041,10.0.0.9,10.0.0.13,115,114,1,0.869565,159958,1.66646
1042,10.0.0.13,10.0.0.9,106,103,3,2.83019,3.85068e+06,0.964762
1043,10.0.0.8,10.0.0.9,235,235,0,0,3.35002e+06,0.419847
1044,10.0.0.9,10.0.0.8,118,118,0,0,197367,1.28857
1045,10.0.0.8,10.0.0.9,106,106,0,0,4.11367e+06,0.165404
1046,10.0.0.4,10.0.0.2,235,235,0,0,3.32172e+06,0.235439
1047,10.0.0.2,10.0.0.4,118,118,0,0,196148,0.168015
1048,10.0.0.4,10.0.0.2,106,106,0,0,4.11456e+06,0.112847
1049,10.0.0.9,10.0.0.7,2,1,1,50,1669.76,0.000136921
1050,10.0.0.9,10.0.0.7,106,106,0,0,4.11572e+06,0.0986669
1051,10.0.0.7,10.0.0.14,233,233,0,0,3.29731e+06,1.11612
1052,10.0.0.14,10.0.0.7,117,117,0,0,192724,0.66707
1053,10.0.0.7,10.0.0.14,106,101,5,4.71698,3.91757e+06,0.543246
1054,10.0.0.3,10.0.0.13,235,235,0,0,3.31107e+06,0.333314
1055,10.0.0.13,10.0.0.3,118,118,0,0,196698,0.281549
1056,10.0.0.3,10.0.0.13,106,106,0,0,4.11572e+06,0.141253
1057,10.0.0.4,10.0.0.6,232,232,0,0,3.31312e+06,0.108355
1058,10.0.0.6,10.0.0.4,116,116,0,0,194373,0.0627945
1059,10.0.0.4,10.0.0.6,106,106,0,0,4.115e+06,0.0548618
1060,10.0.0.11,10.0.0.15,235,235,0,0,3.18301e+06,0.208133
1061,10.0.0.15,10.0.0.11,118,118,0,0,192310,0.094279
1062,10.0.0.11,10.0.0.15,106,104,2,1.88679,3.99772e+06,0.14188
1063,10.0.0.8,10.0.0.13,235,235,0,0,3.14964e+06,3.00624
1064,10.0.0.13,10.0.0.8,118,118,0,0,185280,0.491851
1065,10.0.0.8,10.0.0.13,106,102,4,3.77358,3.95558e+06,1.25311
1066,10.0.0.10,10.0.0.6,236,235,1,0.423729,667686,1.3977
1067,10.0.0.6,10.0.0.10,118,117,1,0.847458,38888.5,0.487809
1068,10.0.0.10,10.0.0.6,106,104,2,1.88679,4.03806e+06,0.542856
1069,10.0.0.14,10.0.0.1,2,0,2,100,0,0
1070,10.0.0.14,10.0.0.1,106,0,106,100,0,0
1071,10.0.0.3,10.0.0.5,235,235,0,0,3.35186e+06,0.107789
1072,10.0.0.5,10.0.0.3,118,118,0,0,197060,0.0636545
1073,10.0.0.3,10.0.0.5,106,106,0,0,4.11161e+06,0.0568717
1074,10.0.0.1,10.0.0.10,225,225,0,0,3.30427e+06,0.556954
1075,10.0.0.10,10.0.0.1,113,110,3,2.65487,187341,1.69274
1076,10.0.0.1,10.0.0.10,106,100,6,5.66038,3.72885e+06,0.267375
1077,10.0.0.3,10.0.0.14,236,236,0,0,371650,0.392877
1078,10.0.0.14,10.0.0.3,118,117,1,0.847458,192509,0.186398
1079,10.0.0.3,10.0.0.14,106,102,4,3.77358,3.96009e+06,0.172265
1080,10.0.0.12,10.0.0.3,235,235,0,0,3.34697e+06,0.139547
1081,10.0.0.3,10.0.0.12,118,118,0,0,196898,0.185471
1082,10.0.0.12,10.0.0.3,106,106,0,0,4.11085e+06,0.0709691
1083,10.0.0.8,10.0.0.6,235,235,0,0,3.3505e+06,0.200367
1084,10.0.0.6,10.0.0.8,118,118,0,0,197752,0.089173
1085,10.0.0.8,10.0.0.6,106,106,0,0,4.11567e+06,0.0704661
1086,10.0.0.10,10.0.0.4,2,2,0,0,3466.64,0.0012464
1087,10.0.0.4,10.0.0.10,1,0,1,100,0,0
1088,10.0.0.10,10.0.0.4,106,105,1,0.943396,4.07288e+06,0.2376
1089,10.0.0.7,10.0.0.15,229,229,0,0,3.20846e+06,0.107549
1090,10.0.0.15,10.0.0.7,115,115,0,0,189979,0.0932073
1091,10.0.0.7,10.0.0.15,106,106,0,0,4.11567e+06,0.052811
1092,10.0.0.8,10.0.0.5,235,235,0,0,3.31848e+06,0.165452
1093,10.0.0.5,10.0.0.8,118,118,0,0,196994,0.10124
1094,10.0.0.8,10.0.0.5,106,106,0,0,4.1014e+06,0.0852313
1095,10.0.0.9,10.0.0.15,235,235,0,0,3.11806e+06,0.2758
1096,10.0.0.15,10.0.0.9,118,117,1,0.847458,183458,0.185453
1097,10.0.0.9,10.0.0.15,106,106,0,0,4.06745e+06,0.195998
1098,10.0.0.5,10.0.0.6,235,235,0,0,3.27438e+06,0.312717
1099,10.0.0.6,10.0.0.5,118,118,0,0,193039,0.136824
1100,10.0.0.5,10.0.0.6,106,106,0,0,4.11568e+06,0.150494
1101,10.0.0.14,10.0.0.6,232,232,0,0,2.97872e+06,2.99277
1102,10.0.0.6,10.0.0.14,116,115,1,0.862069,171221,0.770212
1103,10.0.0.14,10.0.0.6,106,105,1,0.943396,3.5523e+06,1.4462
1104,10.0.0.15,10.0.0.11,235,235,0,0,3.32283e+06,0.470249
1105,10.0.0.11,10.0.0.15,118,118,0,0,195155,0.224055
1106,10.0.0.15,10.0.0.11,106,106,0,0,4.11007e+06,0.177198
1107,10.0.0.13,10.0.0.10,94,93,1,1.06383,774793,6.98685
1108,10.0.0.10,10.0.0.13,48,46,2,4.16667,32228.4,4.20791
1109,10.0.0.13,10.0.0.10,106,103,3,2.83019,2.21693e+06,4.8659
1110,10.0.0.4,10.0.0.2,235,235,0,0,3.0382e+06,0.493167
1111,10.0.0.2,10.0.0.4,118,118,0,0,186457,0.15806
1112,10.0.0.4,10.0.0.2,106,106,0,0,3.90541e+06,0.290476
1113,10.0.0.3,10.0.0.11,235,235,0,0,3.33538e+06,0.395644
1114,10.0.0.11,10.0.0.3,118,118,0,0,196924,0.181156
1115,10.0.0.3,10.0.0.11,106,106,0,0,4.08987e+06,0.275141
1116,10.0.0.12,10.0.0.8,176,176,0,0,2.78093e+06,1.92007
1117,10.0.0.8,10.0.0.12,88,88,0,0,146622,1.86948
1118,10.0.0.12,10.0.0.8,106,105,1,0.943396,4.05926e+06,1.78527
1119,10.0.0.4,10.0.0.12,195,195,0,0,2.8655e+06,0.661622
1120,10.0.0.4,10.0.0.12,106,106,0,0,4.10797e+06,0.362379
1121,10.0.0.12,10.0.0.4,98,97,1,1.02041,172258,0.389388
